#pragma once

#include <cstdint>

namespace DemoCoverData {

constexpr std::uint16_t DigitalRainPixelsWidth = 160;
constexpr std::uint16_t DigitalRainPixelsHeight = 160;
alignas(4) constexpr std::uint16_t DigitalRainPixels[25600] = {
    0x0081, 0x0081, 0x0081, 0x0081, 0x0061, 0x0061, 0x0081, 0x0081, 0x0081, 0x0081, 0x0081, 0x0081,
    0x0081, 0x0081, 0x0081, 0x0081, 0x0081, 0x0081, 0x0081, 0x0081, 0x0081, 0x0081, 0x0081, 0x0081,
    0x0081, 0x0081, 0x0081, 0x0081, 0x0081, 0x0081, 0x0081, 0x0081, 0x0081, 0x0081, 0x0081, 0x0081,
    0x0081, 0x0081, 0x0081, 0x0081, 0x0081, 0x0081, 0x0081, 0x0081, 0x0081, 0x0081, 0x0081, 0x0081,
    0x0081, 0x0081, 0x0081, 0x0081, 0x0081, 0x0081, 0x0081, 0x0081, 0x0081, 0x0081, 0x0081, 0x0081,
    0x0081, 0x0081, 0x0081, 0x0081, 0x0081, 0x0081, 0x0081, 0x0081, 0x0081, 0x0081, 0x0081, 0x0081,
    0x0081, 0x0081, 0x0081, 0x0081, 0x0081, 0x0081, 0x0081, 0x0081, 0x0081, 0x0081, 0x0081, 0x0081,
    0x0081, 0x0081, 0x0081, 0x0081, 0x0081, 0x0081, 0x0081, 0x0081, 0x0081, 0x0081, 0x0081, 0x0081,
    0x0081, 0x0081, 0x0081, 0x0081, 0x0081, 0x0081, 0x0081, 0x0081, 0x0081, 0x0081, 0x0081, 0x0081,
    0x0081, 0x0081, 0x0081, 0x0081, 0x0081, 0x00A1, 0x0081, 0x0081, 0x0081, 0x0081, 0x0081, 0x0081,
    0x0081, 0x0081, 0x0081, 0x0081, 0x0081, 0x0081, 0x0081, 0x0081, 0x0081, 0x0081, 0x0081, 0x0081,
    0x0081, 0x0081, 0x0081, 0x0081, 0x0081, 0x0081, 0x0081, 0x0081, 0x0081, 0x0081, 0x0081, 0x0081,
    0x0081, 0x0081, 0x0081, 0x0081, 0x0081, 0x0081, 0x0081, 0x0081, 0x00A1, 0x0081, 0x0081, 0x0081,
    0x0081, 0x0061, 0x0000, 0x0041, 0x0081, 0x0081, 0x0081, 0x0081, 0x0102, 0x00E2, 0x0081, 0x0081,
    0x0081, 0x0081, 0x0081, 0x0081, 0x0081, 0x0081, 0x0081, 0x0081, 0x0081, 0x0081, 0x0081, 0x0081,
    0x0081, 0x0081, 0x0081, 0x0081, 0x0081, 0x0081, 0x0081, 0x0081, 0x0081, 0x0081, 0x0081, 0x0081,
    0x0081, 0x0081, 0x0081, 0x0081, 0x0061, 0x0081, 0x0081, 0x0081, 0x0081, 0x0081, 0x0081, 0x0081,
    0x0081, 0x0081, 0x0081, 0x0081, 0x0081, 0x0081, 0x0081, 0x0081, 0x0081, 0x0081, 0x0081, 0x0081,
    0x0081, 0x0081, 0x0081, 0x0081, 0x0081, 0x0081, 0x0081, 0x0081, 0x0081, 0x0081, 0x0081, 0x0081,
    0x0081, 0x0081, 0x0081, 0x0081, 0x0081, 0x0081, 0x0081, 0x0081, 0x0081, 0x0081, 0x0081, 0x0081,
    0x0081, 0x0081, 0x0081, 0x0081, 0x0081, 0x0081, 0x0081, 0x0081, 0x0081, 0x0081, 0x0081, 0x0081,
    0x0081, 0x0081, 0x0081, 0x0081, 0x0081, 0x0081, 0x00A1, 0x0081, 0x0081, 0x0081, 0x0081, 0x0081,
    0x0081, 0x0081, 0x0081, 0x0081, 0x0081, 0x0081, 0x0081, 0x0081, 0x0081, 0x0020, 0x0081, 0x0081,
    0x0081, 0x0081, 0x0081, 0x00A1, 0x00A1, 0x0081, 0x0081, 0x0081, 0x0081, 0x0081, 0x0081, 0x0081,
    0x0081, 0x0081, 0x0081, 0x0081, 0x0081, 0x0081, 0x0081, 0x0081, 0x0081, 0x0081, 0x0081, 0x0081,
    0x0081, 0x0081, 0x0081, 0x00A1, 0x00A1, 0x0081, 0x0081, 0x0081, 0x0081, 0x0081, 0x00A1, 0x0041,
    0x0000, 0x0081, 0x0081, 0x0081, 0x0061, 0x0102, 0x1327, 0x0183, 0x0081, 0x0081, 0x0081, 0x0081,
    0x268D, 0x1D6B, 0x0000, 0x00A1, 0x0081, 0x0081, 0x0081, 0x0081, 0x0081, 0x0081, 0x0081, 0x0081,
    0x0081, 0x0081, 0x0081, 0x0081, 0x0081, 0x0081, 0x0081, 0x0081, 0x0081, 0x0081, 0x0081, 0x0081,
    0x0081, 0x0081, 0x0081, 0x0081, 0x0081, 0x0081, 0x0081, 0x0061, 0x0122, 0x0061, 0x0081, 0x0081,
    0x0081, 0x0081, 0x0061, 0x0061, 0x00A1, 0x00A1, 0x0081, 0x0081, 0x0081, 0x0081, 0x0081, 0x0081,
    0x0081, 0x0081, 0x0081, 0x0081, 0x0081, 0x0081, 0x0081, 0x0081, 0x0081, 0x0081, 0x0081, 0x0081,
    0x0081, 0x0081, 0x0081, 0x00A1, 0x00A1, 0x0081, 0x0081, 0x0081, 0x0081, 0x0081, 0x0081, 0x0081,
    0x0081, 0x0081, 0x0081, 0x0081, 0x0081, 0x0081, 0x0081, 0x0081, 0x0081, 0x0081, 0x0081, 0x0081,
    0x0081, 0x0081, 0x0081, 0x0081, 0x0081, 0x0081, 0x0081, 0x0081, 0x00A1, 0x0081, 0x0000, 0x0041,
    0x0081, 0x0081, 0x0081, 0x0081, 0x0081, 0x0081, 0x0081, 0x0081, 0x0081, 0x0081, 0x00A1, 0x0041,
    0x0081, 0x0A65, 0x0081, 0x0081, 0x0081, 0x0081, 0x0081, 0x0000, 0x0020, 0x0081, 0x0081, 0x0081,
    0x0081, 0x0081, 0x0081, 0x0081, 0x0081, 0x0081, 0x0081, 0x0081, 0x0081, 0x0081, 0x0081, 0x0081,
    0x0081, 0x0081, 0x0081, 0x0081, 0x0081, 0x0081, 0x0081, 0x0020, 0x0020, 0x00A1, 0x0081, 0x0081,
    0x0081, 0x0081, 0x0000, 0x0163, 0x1449, 0x0143, 0x0061, 0x00A1, 0x0020, 0x0A85, 0x2F90, 0x0A45,
    0x0081, 0x0081, 0x00A1, 0x0020, 0x0AE6, 0x1D8B, 0x0000, 0x00A1, 0x0081, 0x0081, 0x0081, 0x0081,
    0x0081, 0x0081, 0x0081, 0x0081, 0x0081, 0x0081, 0x0081, 0x0081, 0x00A1, 0x0081, 0x0081, 0x0081,
    0x0081, 0x0081, 0x0081, 0x0081, 0x0081, 0x0081, 0x0081, 0x0081, 0x0081, 0x0081, 0x0041, 0x1C69,
    0x262D, 0x1367, 0x0020, 0x00A1, 0x0081, 0x0061, 0x0183, 0x0183, 0x0000, 0x0040, 0x0081, 0x0081,
    0x0081, 0x0081, 0x0081, 0x0081, 0x0081, 0x0081, 0x0081, 0x0081, 0x0081, 0x0081, 0x0081, 0x0081,
    0x0081, 0x0081, 0x0081, 0x0081, 0x0081, 0x00A1, 0x00A1, 0x0020, 0x0020, 0x0081, 0x0081, 0x0081,
    0x0081, 0x0081, 0x0081, 0x0081, 0x0081, 0x0081, 0x0081, 0x0081, 0x0081, 0x0081, 0x0081, 0x0081,
    0x0081, 0x0081, 0x0081, 0x0081, 0x0081, 0x0081, 0x0081, 0x0081, 0x0081, 0x0081, 0x0081, 0x00A1,
    0x0000, 0x0081, 0x13A8, 0x0A85, 0x0020, 0x00A1, 0x0081, 0x0081, 0x0081, 0x0081, 0x0081, 0x0081,
    0x0081, 0x0081, 0x0061, 0x0102, 0x25EC, 0x26CE, 0x0081, 0x0081, 0x0081, 0x0081, 0x0081, 0x1D4B,
    0x1408, 0x0020, 0x00A1, 0x0081, 0x0081, 0x0081, 0x0081, 0x0081, 0x0081, 0x0081, 0x0081, 0x0081,
    0x0081, 0x0081, 0x0081, 0x00A1, 0x00A1, 0x0081, 0x0081, 0x0081, 0x0081, 0x0081, 0x0081, 0x0A04,
    0x258C, 0x1326, 0x0020, 0x00A1, 0x0081, 0x00C1, 0x1D2B, 0x25EC, 0x1408, 0x00C1, 0x0081, 0x00A1,
    0x0000, 0x0AC6, 0x1CEA, 0x0000, 0x0081, 0x0081, 0x00A1, 0x0020, 0x0A65, 0x1D6B, 0x0000, 0x00A1,
    0x0081, 0x0081, 0x0081, 0x0081, 0x0081, 0x0081, 0x0081, 0x0081, 0x0081, 0x0081, 0x0081, 0x0081,
    0x0020, 0x00C2, 0x0081, 0x0081, 0x0081, 0x0081, 0x0081, 0x0081, 0x0081, 0x0081, 0x0081, 0x0081,
    0x0081, 0x0061, 0x0143, 0x262D, 0x0A24, 0x262D, 0x0081, 0x0081, 0x00A1, 0x0020, 0x0A85, 0x25ED,
    0x1429, 0x09E4, 0x0061, 0x0081, 0x0081, 0x0081, 0x0081, 0x0081, 0x0081, 0x0081, 0x0081, 0x0081,
    0x0081, 0x0081, 0x0081, 0x0081, 0x0081, 0x0081, 0x0081, 0x0081, 0x00A1, 0x0041, 0x0000, 0x0A85,
    0x13C8, 0x0061, 0x0081, 0x0081, 0x0081, 0x0081, 0x0081, 0x0081, 0x0081, 0x0081, 0x0081, 0x0081,
    0x0081, 0x0081, 0x0081, 0x0081, 0x0081, 0x0081, 0x0081, 0x0081, 0x0081, 0x0081, 0x0081, 0x0081,
    0x0081, 0x0081, 0x00A1, 0x0040, 0x13A7, 0x264D, 0x1CAA, 0x01A3, 0x0061, 0x0081, 0x0081, 0x0081,
    0x0061, 0x0081, 0x0081, 0x0081, 0x0081, 0x0081, 0x0041, 0x0183, 0x13E8, 0x25CC, 0x00A1, 0x0081,
    0x0081, 0x0081, 0x0040, 0x1C89, 0x25CC, 0x0000, 0x00A1, 0x0081, 0x0081, 0x0081, 0x0081, 0x0081,
    0x0081, 0x0081, 0x0081, 0x0081, 0x0081, 0x0081, 0x00A1, 0x0041, 0x0020, 0x0081, 0x0081, 0x0081,
    0x00A1, 0x0020, 0x1CEA, 0x2F90, 0x1367, 0x00C1, 0x0081, 0x0081, 0x0081, 0x00C1, 0x1D2B, 0x25ED,
    0x1408, 0x00C1, 0x0081, 0x00A1, 0x0000, 0x0AC6, 0x1D4B, 0x0020, 0x0081, 0x0081, 0x0081, 0x0020,
    0x0A65, 0x1D6B, 0x0000, 0x00A1, 0x0081, 0x0081, 0x0081, 0x0081, 0x0081, 0x0081, 0x0081, 0x0081,
    0x0081, 0x0081, 0x0081, 0x0061, 0x1408, 0x262C, 0x0081, 0x0081, 0x0081, 0x0081, 0x0081, 0x0081,
    0x0081, 0x0081, 0x0081, 0x0081, 0x0081, 0x0041, 0x09C4, 0x25EC, 0x0122, 0x264D, 0x00C2, 0x0061,
    0x0081, 0x0081, 0x00A1, 0x1347, 0x2F70, 0x1D2A, 0x0020, 0x00A1, 0x0081, 0x0081, 0x0081, 0x0081,
    0x0081, 0x0081, 0x0081, 0x0081, 0x0081, 0x0081, 0x0081, 0x0081, 0x0081, 0x0081, 0x0081, 0x0081,
    0x0041, 0x09E4, 0x262D, 0x1D8B, 0x0AC6, 0x0061, 0x0081, 0x0081, 0x0081, 0x0081, 0x0081, 0x0081,
    0x0081, 0x0081, 0x0081, 0x0081, 0x0081, 0x0081, 0x0081, 0x0081, 0x0081, 0x0081, 0x0081, 0x0081,
    0x0081, 0x0081, 0x0081, 0x0081, 0x0081, 0x0081, 0x00A1, 0x0040, 0x1387, 0x264D, 0x1CCA, 0x09A3,
    0x0061, 0x0081, 0x0081, 0x00C2, 0x00E2, 0x0061, 0x0081, 0x0081, 0x0081, 0x0081, 0x0081, 0x0020,
    0x0122, 0x260C, 0x0081, 0x0081, 0x0081, 0x00A1, 0x0000, 0x0A04, 0x1D4B, 0x0000, 0x00A1, 0x0081,
    0x0081, 0x0081, 0x0081, 0x0081, 0x0081, 0x0081, 0x0081, 0x0081, 0x0081, 0x0081, 0x0020, 0x09E4,
    0x1C69, 0x0081, 0x0081, 0x0081, 0x0081, 0x0061, 0x09C4, 0x1429, 0x25ED, 0x0AA5, 0x0020, 0x0081,
    0x0081, 0x0081, 0x0000, 0x0163, 0x1449, 0x0143, 0x0061, 0x00A1, 0x0000, 0x0AC6, 0x1CEA, 0x0000,
    0x0081, 0x0081, 0x0081, 0x0020, 0x0AE6, 0x1D8B, 0x0000, 0x00A1, 0x0081, 0x0081, 0x0081, 0x0081,
    0x0061, 0x0081, 0x0081, 0x0081, 0x0081, 0x0081, 0x0041, 0x09C4, 0x25CC, 0x262D, 0x0081, 0x0081,
    0x0081, 0x0081, 0x0081, 0x0081, 0x0081, 0x0081, 0x0081, 0x0081, 0x0081, 0x0061, 0x00E2, 0x262D,
    0x13C8, 0x25CC, 0x0041, 0x0081, 0x00A1, 0x0000, 0x0AE6, 0x258C, 0x0A04, 0x0061, 0x0081, 0x0081,
    0x0081, 0x0081, 0x0081, 0x0081, 0x0081, 0x0081, 0x0081, 0x0081, 0x0081, 0x0081, 0x00A1, 0x0081,
    0x0081, 0x0081, 0x0081, 0x0081, 0x0041, 0x09E4, 0x262D, 0x1D8B, 0x0AC6, 0x0041, 0x0081, 0x0081,
    0x0081, 0x00A1, 0x0081, 0x0081, 0x0081, 0x0081, 0x0081, 0x0081, 0x0081, 0x0081, 0x0081, 0x0081,
    0x0081, 0x0081, 0x0081, 0x0081, 0x0081, 0x0081, 0x0081, 0x0081, 0x0081, 0x0081, 0x0081, 0x0081,
    0x0000, 0x0081, 0x13A8, 0x0A85, 0x0020, 0x00A1, 0x0041, 0x0163, 0x260C, 0x09A3, 0x0041, 0x0081,
    0x0081, 0x0081, 0x0081, 0x0041, 0x09A3, 0x268D, 0x0081, 0x0081, 0x0081, 0x0081, 0x0020, 0x0AA5,
    0x1D6B, 0x0000, 0x00A1, 0x0081, 0x0081, 0x0081, 0x0081, 0x0081, 0x0081, 0x0081, 0x0081, 0x0081,
    0x0081, 0x0041, 0x0183, 0x26AE, 0x26AE, 0x0081, 0x0081, 0x0081, 0x0081, 0x0081, 0x0041, 0x0000,
    0x0163, 0x0183, 0x0061, 0x0081, 0x0081, 0x0081, 0x00A1, 0x0041, 0x0000, 0x0061, 0x0081, 0x00A1,
    0x0000, 0x0AA5, 0x268E, 0x0122, 0x0081, 0x0081, 0x0081, 0x0081, 0x268D, 0x1D4B, 0x0000, 0x00A1,
    0x0081, 0x0081, 0x0081, 0x00A1, 0x0102, 0x00A1, 0x0081, 0x0081, 0x0081, 0x0081, 0x0081, 0x0061,
    0x0143, 0x25EC, 0x00A1, 0x0081, 0x0081, 0x0081, 0x0081, 0x0081, 0x0081, 0x0081, 0x0081, 0x0081,
    0x0081, 0x0081, 0x0040, 0x0AC6, 0x1D4B, 0x09E4, 0x0041, 0x0081, 0x0081, 0x0081, 0x00A1, 0x0020,
    0x0020, 0x0081, 0x0081, 0x0081, 0x0081, 0x0081, 0x0081, 0x0061, 0x0081, 0x0081, 0x0081, 0x0081,
    0x0081, 0x0061, 0x0000, 0x0081, 0x0081, 0x0081, 0x0081, 0x0081, 0x0081, 0x0041, 0x0000, 0x0A85,
    0x13C8, 0x0061, 0x0081, 0x0081, 0x0081, 0x0000, 0x0020, 0x0081, 0x0081, 0x0081, 0x0081, 0x0081,
    0x0081, 0x0081, 0x0081, 0x0081, 0x0081, 0x0081, 0x0081, 0x0081, 0x0081, 0x0081, 0x0081, 0x0081,
    0x0081, 0x0081, 0x0081, 0x0081, 0x00A1, 0x0081, 0x0000, 0x0041, 0x0081, 0x0081, 0x00A1, 0x0000,
    0x1D2B, 0x0AC6, 0x0000, 0x00A1, 0x0081, 0x0081, 0x0081, 0x0061, 0x00E2, 0x0A65, 0x0081, 0x0081,
    0x0081, 0x0081, 0x0000, 0x0A04, 0x1D4B, 0x0000, 0x00A1, 0x0081, 0x0081, 0x0081, 0x0081, 0x0081,
    0x0081, 0x0081, 0x0081, 0x0081, 0x0081, 0x0061, 0x00E2, 0x0A24, 0x25CC, 0x00A1, 0x0081, 0x0081,
    0x0081, 0x0081, 0x0081, 0x00A1, 0x0041, 0x0041, 0x0081, 0x0081, 0x0081, 0x0081, 0x0081, 0x0081,
    0x00A1, 0x0081, 0x0081, 0x0081, 0x0041, 0x09A3, 0x25AC, 0x0A65, 0x0081, 0x0081, 0x0081, 0x0081,
    0x0122, 0x00E2, 0x0081, 0x0081, 0x0081, 0x00A1, 0x0040, 0x09E4, 0x2F50, 0x0AC6, 0x0000, 0x00A1,
    0x0081, 0x0081, 0x0081, 0x0040, 0x09A3, 0x268D, 0x0081, 0x0081, 0x0081, 0x0081, 0x0081, 0x0081,
    0x0081, 0x0081, 0x0081, 0x0081, 0x0081, 0x0081, 0x0081, 0x0020, 0x0000, 0x0041, 0x0081, 0x0081,
    0x0081, 0x0081, 0x0081, 0x0081, 0x00A1, 0x0081, 0x0081, 0x0081, 0x0081, 0x0081, 0x0041, 0x0102,
    0x0081, 0x0061, 0x0081, 0x0081, 0x0061, 0x0143, 0x0AA5, 0x0081, 0x0081, 0x0081, 0x0081, 0x0081,
    0x0081, 0x0081, 0x0081, 0x0020, 0x0000, 0x0081, 0x0081, 0x0081, 0x0081, 0x1D4B, 0x1408, 0x0020,
    0x0081, 0x0081, 0x0081, 0x0081, 0x0081, 0x0081, 0x0081, 0x0081, 0x0081, 0x0081, 0x0081, 0x0081,
    0x0081, 0x0081, 0x0081, 0x0081, 0x0081, 0x0081, 0x0081, 0x0081, 0x0081, 0x0081, 0x00A1, 0x0081,
    0x0081, 0x0081, 0x0081, 0x0000, 0x1367, 0x1D4B, 0x0041, 0x0081, 0x0081, 0x0081, 0x0081, 0x0081,
    0x0061, 0x0020, 0x0081, 0x0081, 0x0081, 0x0081, 0x0061, 0x262C, 0x25EC, 0x0000, 0x00A1, 0x0081,
    0x0081, 0x0081, 0x0081, 0x0081, 0x0081, 0x0081, 0x0081, 0x0081, 0x0081, 0x0081, 0x0020, 0x0163,
    0x264D, 0x0081, 0x0081, 0x0081, 0x0081, 0x0081, 0x0081, 0x0081, 0x0081, 0x0081, 0x0081, 0x0081,
    0x0081, 0x0061, 0x0061, 0x0081, 0x0081, 0x0081, 0x0081, 0x0081, 0x0081, 0x0041, 0x0000, 0x0041,
    0x0081, 0x0081, 0x0081, 0x0081, 0x0000, 0x0020, 0x0081, 0x0081, 0x0081, 0x0081, 0x0081, 0x0020,
    0x1D0A, 0x1367, 0x0000, 0x00A1, 0x0081, 0x0081, 0x0081, 0x0061, 0x0122, 0x1449, 0x0081, 0x0081,
    0x0081, 0x0081, 0x0081, 0x0081, 0x00A1, 0x00A1, 0x0081, 0x0081, 0x0081, 0x0081, 0x0081, 0x00A1,
    0x00A1, 0x0081, 0x0081, 0x0081, 0x0081, 0x0081, 0x0081, 0x00A1, 0x0081, 0x0081, 0x0081, 0x0081,
    0x0081, 0x0020, 0x0AA5, 0x262D, 0x1CEA, 0x0081, 0x0081, 0x0081, 0x0061, 0x00E2, 0x266D, 0x0A45,
    0x0020, 0x0081, 0x0081, 0x0081, 0x0081, 0x0081, 0x0081, 0x0081, 0x00A1, 0x0081, 0x0081, 0x0081,
    0x0040, 0x1C89, 0x25CC, 0x0000, 0x00A1, 0x0081, 0x0081, 0x0081, 0x0081, 0x0081, 0x0081, 0x0081,
    0x0081, 0x0081, 0x0081, 0x0081, 0x0081, 0x0081, 0x0081, 0x0081, 0x0081, 0x0081, 0x0081, 0x0081,
    0x0081, 0x0081, 0x0061, 0x0081, 0x0081, 0x0081, 0x0081, 0x0000, 0x1367, 0x1D4B, 0x0040, 0x0081,
    0x0081, 0x0081, 0x0081, 0x0081, 0x00A1, 0x0081, 0x0081, 0x0081, 0x0081, 0x0081, 0x0081, 0x1306,
    0x0A45, 0x0061, 0x0081, 0x0081, 0x0081, 0x0081, 0x0081, 0x0081, 0x0081, 0x0081, 0x0081, 0x0081,
    0x0081, 0x0081, 0x0041, 0x0183, 0x25CC, 0x0081, 0x0081, 0x0081, 0x0081, 0x0081, 0x0081, 0x0081,
    0x00A1, 0x0081, 0x0081, 0x0081, 0x0061, 0x00C1, 0x00E2, 0x0061, 0x0081, 0x0081, 0x0081, 0x0081,
    0x0061, 0x0102, 0x00C1, 0x0061, 0x0081, 0x0081, 0x0081, 0x0081, 0x1C69, 0x0A45, 0x0040, 0x0081,
    0x0081, 0x0081, 0x00A1, 0x0000, 0x1CA9, 0x1367, 0x0000, 0x00A1, 0x0081, 0x0081, 0x0081, 0x0081,
    0x0061, 0x0020, 0x0081, 0x0081, 0x0081, 0x0081, 0x0081, 0x0061, 0x0000, 0x0020, 0x0081, 0x0081,
    0x0081, 0x0081, 0x0061, 0x0000, 0x0061, 0x0081, 0x0081, 0x0081, 0x0081, 0x0081, 0x0061, 0x0000,
    0x0041, 0x0081, 0x0081, 0x0081, 0x00A1, 0x0000, 0x25CC, 0x0AA5, 0x1DAB, 0x0A45, 0x0020, 0x0081,
    0x00A1, 0x0000, 0x1CA9, 0x1326, 0x0000, 0x00A1, 0x0081, 0x0081, 0x0081, 0x0081, 0x0081, 0x0081,
    0x0081, 0x0081, 0x0081, 0x0081, 0x0000, 0x0A04, 0x1D4B, 0x0000, 0x00A1, 0x0081, 0x0081, 0x0081,
    0x0081, 0x00A1, 0x0081, 0x0040, 0x0061, 0x0081, 0x0081, 0x0081, 0x0081, 0x0081, 0x0081, 0x0081,
    0x0081, 0x0081, 0x0081, 0x0081, 0x0040, 0x0041, 0x00C2, 0x0081, 0x0081, 0x0081, 0x00A1, 0x0000,
    0x1D2A, 0x0AC6, 0x0000, 0x00A1, 0x0081, 0x0081, 0x0081, 0x0061, 0x0020, 0x00C1, 0x0081, 0x0081,
    0x0081, 0x0081, 0x0081, 0x0000, 0x0000, 0x0041, 0x0081, 0x0081, 0x0081, 0x0081, 0x0081, 0x0081,
    0x0081, 0x0081, 0x0081, 0x0081, 0x0081, 0x0081, 0x0081, 0x0081, 0x00E2, 0x0081, 0x0081, 0x0081,
    0x0081, 0x0081, 0x00A1, 0x0081, 0x0000, 0x0040, 0x0081, 0x0081, 0x0040, 0x0163, 0x260C, 0x09A3,
    0x0040, 0x0081, 0x0081, 0x0081, 0x0020, 0x1367, 0x1D4B, 0x0061, 0x0081, 0x0081, 0x00A1, 0x0000,
    0x13C8, 0x1D0A, 0x0000, 0x00A1, 0x0081, 0x0081, 0x00A1, 0x0000, 0x1CA9, 0x1367, 0x0000, 0x00A1,
    0x0081, 0x0081, 0x0081, 0x0081, 0x0081, 0x00A1, 0x0081, 0x0081, 0x0081, 0x0081, 0x0041, 0x0163,
    0x1D0B, 0x1367, 0x0040, 0x0081, 0x0081, 0x0040, 0x01A3, 0x1CAA, 0x00E2, 0x0061, 0x0081, 0x0081,
    0x0081, 0x0040, 0x0183, 0x25AC, 0x0A45, 0x0020, 0x0081, 0x0081, 0x0081, 0x0020, 0x260C, 0x09C3,
    0x1D2B, 0x0AC6, 0x0000, 0x0081, 0x0081, 0x0020, 0x0B06, 0x262D, 0x0061, 0x0081, 0x0081, 0x0081,
    0x0081, 0x0081, 0x00A1, 0x0061, 0x0040, 0x0081, 0x0081, 0x0081, 0x0020, 0x0AA5, 0x1D6B, 0x0000,
    0x00A1, 0x0081, 0x0081, 0x0081, 0x0081, 0x0000, 0x0040, 0x09E4, 0x00E2, 0x0061, 0x0081, 0x0081,
    0x0081, 0x0081, 0x0081, 0x0081, 0x0081, 0x0081, 0x0081, 0x0061, 0x00E2, 0x25AC, 0x1429, 0x0000,
    0x00A1, 0x0081, 0x0040, 0x0163, 0x260C, 0x09A3, 0x0040, 0x0081, 0x0081, 0x0081, 0x0081, 0x0061,
    0x1408, 0x262C, 0x0081, 0x0081, 0x0081, 0x0081, 0x0081, 0x0081, 0x0A85, 0x0183, 0x0041, 0x0081,
    0x0081, 0x0081, 0x0081, 0x0081, 0x0081, 0x0081, 0x0081, 0x0081, 0x0081, 0x0081, 0x0081, 0x0081,
    0x0061, 0x0081, 0x0081, 0x0081, 0x0081, 0x0081, 0x0000, 0x0081, 0x13A8, 0x0A85, 0x0020, 0x0081,
    0x00A1, 0x0000, 0x1D2A, 0x0AC6, 0x0000, 0x00A1, 0x0081, 0x0081, 0x0061, 0x00C2, 0x260C, 0x00A1,
    0x0081, 0x0081, 0x0081, 0x0020, 0x09E4, 0x1D8B, 0x0081, 0x0081, 0x0081, 0x0081, 0x0081, 0x0020,
    0x1D0A, 0x1367, 0x0000, 0x00A1, 0x0081, 0x0081, 0x0081, 0x0081, 0x0081, 0x00A1, 0x0081, 0x0081,
    0x0081, 0x00A1, 0x0000, 0x1D2B, 0x1429, 0x25EC, 0x09A3, 0x0040, 0x0081, 0x0081, 0x0040, 0x25CC,
    0x0AA5, 0x0000, 0x00A1, 0x0081, 0x00A1, 0x0000, 0x0AA5, 0x26AE, 0x0122, 0x0061, 0x0081, 0x0081,
    0x00A1, 0x0000, 0x1D4B, 0x1429, 0x25EC, 0x09C3, 0x0040, 0x0081, 0x00A1, 0x0000, 0x1408, 0x1408,
    0x0000, 0x0081, 0x0081, 0x0081, 0x0081, 0x0061, 0x0000, 0x00C1, 0x09E4, 0x0081, 0x0081, 0x0081,
    0x0000, 0x0A04, 0x1D4B, 0x0000, 0x00A1, 0x0081, 0x0081, 0x0081, 0x0081, 0x0AA5, 0x1CEA, 0x25AC,
    0x0122, 0x0061, 0x0081, 0x0081, 0x0081, 0x0081, 0x0081, 0x0081, 0x0081, 0x0081, 0x0081, 0x0020,
    0x1326, 0x268E, 0x1C69, 0x0000, 0x00A1, 0x0081, 0x0061, 0x00C2, 0x0102, 0x0061, 0x0081, 0x0081,
    0x0081, 0x0081, 0x0040, 0x09C3, 0x25CC, 0x262C, 0x0081, 0x0081, 0x0081, 0x0081, 0x0040, 0x09A3,
    0x268D, 0x0143, 0x0061, 0x0081, 0x0081, 0x0081, 0x0081, 0x0081, 0x0081, 0x0081, 0x0081, 0x0081,
    0x0081, 0x0081, 0x0081, 0x0081, 0x00A1, 0x00A1, 0x0081, 0x0081, 0x0081, 0x0040, 0x1387, 0x264D,
    0x1CAA, 0x01A3, 0x0041, 0x0081, 0x0081, 0x0000, 0x1367, 0x1D4B, 0x0040, 0x0081, 0x0081, 0x0081,
    0x0081, 0x0040, 0x1D4B, 0x1367, 0x0081, 0x0081, 0x0081, 0x0061, 0x0102, 0x268D, 0x0A04, 0x0040,
    0x0081, 0x00A1, 0x0040, 0x09E4, 0x2F50, 0x0AC6, 0x0000, 0x00A1, 0x0081, 0x0081, 0x0081, 0x0081,
    0x0040, 0x0000, 0x0081, 0x0081, 0x0081, 0x0081, 0x0020, 0x260C, 0x09C3, 0x1D2B, 0x0AC6, 0x0000,
    0x0081, 0x00A1, 0x0000, 0x1408, 0x1408, 0x0000, 0x0081, 0x0081, 0x00A1, 0x0000, 0x0AC6, 0x1CEA,
    0x0000, 0x00A1, 0x0081, 0x0081, 0x0081, 0x0041, 0x0163, 0x1D0B, 0x1367, 0x0040, 0x0081, 0x0081,
    0x0081, 0x0040, 0x25CC, 0x0AA5, 0x0000, 0x00A1, 0x0081, 0x0081, 0x0061, 0x0102, 0x1387, 0x25AC,
    0x1C69, 0x0040, 0x0081, 0x0081, 0x0061, 0x262C, 0x25EC, 0x0000, 0x00A1, 0x0081, 0x0081, 0x0061,
    0x00E2, 0x270E, 0x266D, 0x0A45, 0x0061, 0x0081, 0x0081, 0x0081, 0x0081, 0x0081, 0x0081, 0x0081,
    0x0081, 0x0081, 0x0081, 0x00A1, 0x0000, 0x1367, 0x1CA9, 0x0000, 0x00A1, 0x0081, 0x0081, 0x0061,
    0x0000, 0x0020, 0x0081, 0x0081, 0x0081, 0x0081, 0x0081, 0x0061, 0x0142, 0x25EC, 0x0081, 0x0081,
    0x0081, 0x0081, 0x0000, 0x0A65, 0x1D2A, 0x0000, 0x00A1, 0x0081, 0x0081, 0x0081, 0x0081, 0x0081,
    0x0081, 0x0081, 0x0081, 0x0081, 0x0081, 0x0081, 0x0081, 0x0081, 0x0020, 0x0000, 0x0081, 0x0081,
    0x0081, 0x0040, 0x1387, 0x264D, 0x1CCA, 0x09A3, 0x0041, 0x0081, 0x0081, 0x0000, 0x1367, 0x1D4B,
    0x0040, 0x0081, 0x0081, 0x0081, 0x0081, 0x0040, 0x1D4B, 0x1367, 0x0081, 0x0081, 0x00A1, 0x0000,
    0x0A45, 0x1D2A, 0x0000, 0x00A1, 0x0081, 0x0081, 0x0081, 0x00A1, 0x0102, 0x00A1, 0x0081, 0x0081,
    0x0081, 0x0081, 0x0081, 0x0061, 0x0122, 0x1C89, 0x1CEA, 0x0040, 0x0081, 0x00A1, 0x0000, 0x25EC,
    0x0AA5, 0x1DAB, 0x0A45, 0x0020, 0x0081, 0x0081, 0x0020, 0x0AE6, 0x262D, 0x0061, 0x0081, 0x0081,
    0x00A1, 0x0000, 0x0AC6, 0x1D4B, 0x0020, 0x0081, 0x0081, 0x0081, 0x0081, 0x0081, 0x0061, 0x0000,
    0x0020, 0x0081, 0x0081, 0x0081, 0x0040, 0x09A3, 0x1CCA, 0x00E2, 0x0061, 0x0081, 0x0081, 0x00A1,
    0x0020, 0x0A85, 0x2FF0, 0x1D0A, 0x0143, 0x0061, 0x0081, 0x0081, 0x0081, 0x1326, 0x0A45, 0x0041,
    0x0081, 0x0081, 0x0081, 0x0081, 0x0061, 0x00A1, 0x1327, 0x25EC, 0x0143, 0x0041, 0x0081, 0x0081,
    0x0081, 0x0081, 0x0081, 0x0081, 0x0081, 0x0081, 0x0081, 0x00A1, 0x0000, 0x1408, 0x1D0A, 0x0000,
    0x00A1, 0x0081, 0x0081, 0x0081, 0x1D2A, 0x1C49, 0x0020, 0x0081, 0x0081, 0x0081, 0x0081, 0x0040,
    0x09A3, 0x268D, 0x0081, 0x0081, 0x0081, 0x0081, 0x0040, 0x1DAB, 0x13A7, 0x0000, 0x00A1, 0x0081,
    0x0081, 0x0081, 0x0081, 0x0081, 0x0081, 0x0081, 0x0081, 0x0081, 0x0081, 0x0081, 0x0040, 0x0000,
    0x0A85, 0x13C8, 0x0061, 0x0081, 0x0081, 0x0081, 0x0000, 0x0081, 0x13A8, 0x0A85, 0x0020, 0x0081,
    0x00A1, 0x0000, 0x1D2A, 0x0AC6, 0x0000, 0x00A1, 0x0081, 0x0081, 0x0061, 0x00C1, 0x260C, 0x00A1,
    0x0081, 0x0081, 0x0081, 0x0020, 0x1CCA, 0x1CA9, 0x0000, 0x00A1, 0x0081, 0x0081, 0x0081, 0x0081,
    0x0061, 0x0081, 0x0081, 0x0081, 0x0081, 0x00A1, 0x0020, 0x0AA5, 0x2FF0, 0x1CEA, 0x0143, 0x0061,
    0x0081, 0x0081, 0x0020, 0x0AC5, 0x262D, 0x1CEA, 0x0081, 0x0081, 0x0081, 0x00A1, 0x0000, 0x1C89,
    0x1326, 0x0000, 0x00A1, 0x0081, 0x00A1, 0x0000, 0x0AC6, 0x1CEA, 0x0000, 0x00A1, 0x0081, 0x0081,
    0x0081, 0x0081, 0x00A1, 0x00A1, 0x00A1, 0x0081, 0x0081, 0x0081, 0x0081, 0x0061, 0x0000, 0x0061,
    0x0081, 0x0081, 0x0081, 0x0081, 0x0081, 0x0061, 0x0122, 0x1C89, 0x1CEA, 0x0040, 0x0081, 0x0081,
    0x0081, 0x0000, 0x0000, 0x0081, 0x0081, 0x0081, 0x0081, 0x0081, 0x0081, 0x0061, 0x0000, 0x0041,
    0x00A1, 0x0081, 0x0081, 0x0081, 0x0081, 0x0081, 0x0081, 0x0081, 0x0081, 0x0081, 0x0081, 0x0081,
    0x0020, 0x0AA5, 0x1347, 0x0020, 0x0081, 0x0081, 0x0061, 0x00C1, 0x26EE, 0x0AE6, 0x0020, 0x0081,
    0x0081, 0x0081, 0x0081, 0x0061, 0x0122, 0x1449, 0x0081, 0x0081, 0x0081, 0x0081, 0x0020, 0x1367,
    0x1CA9, 0x0000, 0x00A1, 0x0081, 0x0081, 0x0081, 0x0081, 0x0081, 0x0081, 0x0081, 0x0081, 0x0081,
    0x0081, 0x0040, 0x09E4, 0x262D, 0x1D8B, 0x0AC6, 0x0041, 0x0081, 0x0081, 0x0081, 0x00A1, 0x0081,
    0x0000, 0x0040, 0x0081, 0x0081, 0x0040, 0x0163, 0x260C, 0x09A3, 0x0040, 0x0081, 0x0081, 0x0081,
    0x0020, 0x1347, 0x1D4B, 0x0061, 0x0081, 0x0081, 0x0061, 0x0081, 0x0AC6, 0x0122, 0x0061, 0x0081,
    0x0081, 0x0081, 0x0081, 0x0081, 0x0061, 0x0000, 0x0041, 0x0081, 0x0061, 0x0081, 0x0061, 0x0102,
    0x1367, 0x25AC, 0x1C69, 0x0040, 0x0081, 0x0081, 0x0081, 0x0040, 0x0102, 0x0081, 0x0061, 0x0081,
    0x0081, 0x0061, 0x00E2, 0x266D, 0x0A45, 0x0020, 0x0081, 0x0081, 0x0081, 0x0000, 0x0A65, 0x2F90,
    0x0A04, 0x0020, 0x0081, 0x0081, 0x0081, 0x0081, 0x0020, 0x0000, 0x0061, 0x0081, 0x0081, 0x0081,
    0x0061, 0x00A1, 0x0122, 0x00A1, 0x0061, 0x0081, 0x0081, 0x0081, 0x0081, 0x0081, 0x0040, 0x0000,
    0x0081, 0x0081, 0x0081, 0x0081, 0x0081, 0x1326, 0x0A45, 0x0041, 0x0081, 0x0081, 0x0081, 0x0081,
    0x0081, 0x0081, 0x0081, 0x0081, 0x0061, 0x0081, 0x0081, 0x0081, 0x0081, 0x0081, 0x0081, 0x0081,
    0x0081, 0x0081, 0x0081, 0x0081, 0x0081, 0x0040, 0x0020, 0x0081, 0x0081, 0x0081, 0x0061, 0x00C2,
    0x25CC, 0x00A1, 0x0061, 0x0081, 0x0081, 0x0081, 0x0081, 0x0081, 0x0061, 0x0020, 0x0081, 0x0081,
    0x0081, 0x0081, 0x0020, 0x09E4, 0x264D, 0x0061, 0x0081, 0x0081, 0x0081, 0x0081, 0x0081, 0x0081,
    0x0081, 0x0081, 0x0081, 0x0081, 0x0081, 0x0040, 0x09E4, 0x262D, 0x1D8B, 0x0AC6, 0x0041, 0x0081,
    0x0081, 0x0081, 0x0081, 0x0081, 0x0081, 0x0081, 0x0081, 0x0081, 0x0061, 0x00C2, 0x00E2, 0x0061,
    0x0081, 0x0081, 0x0081, 0x0081, 0x0061, 0x0102, 0x00A1, 0x0061, 0x0081, 0x0081, 0x0081, 0x0061,
    0x0000, 0x0040, 0x0081, 0x0081, 0x0081, 0x0081, 0x0081, 0x0061, 0x00A1, 0x1327, 0x25EC, 0x0143,
    0x0041, 0x0081, 0x0081, 0x0061, 0x0000, 0x00C1, 0x09E4, 0x0081, 0x0081, 0x0081, 0x0081, 0x0081,
    0x0061, 0x0081, 0x0081, 0x0081, 0x0081, 0x0041, 0x0143, 0x0AC6, 0x0081, 0x0081, 0x0081, 0x0081,
    0x0081, 0x0061, 0x0102, 0x1327, 0x0183, 0x0041, 0x0081, 0x0081, 0x0081, 0x0020, 0x1347, 0x25CC,
    0x00C1, 0x0061, 0x0081, 0x0081, 0x0020, 0x09E4, 0x2F50, 0x0AC6, 0x0000, 0x0081, 0x0081, 0x0081,
    0x0081, 0x0081, 0x0081, 0x0081, 0x0061, 0x0081, 0x0081, 0x0081, 0x0061, 0x262C, 0x25EC, 0x0000,
    0x0081, 0x0081, 0x0081, 0x0081, 0x0081, 0x0081, 0x0081, 0x0081, 0x0081, 0x0081, 0x0081, 0x0081,
    0x0081, 0x0081, 0x0081, 0x0081, 0x0081, 0x0081, 0x0081, 0x0081, 0x0081, 0x0081, 0x0081, 0x0081,
    0x0081, 0x0081, 0x0061, 0x00C2, 0x260C, 0x0122, 0x0041, 0x0081, 0x0081, 0x0081, 0x0081, 0x0081,
    0x0081, 0x00A1, 0x0081, 0x0081, 0x0081, 0x0081, 0x0061, 0x00A1, 0x1C89, 0x0A04, 0x0020, 0x0081,
    0x0081, 0x0081, 0x0081, 0x0081, 0x0081, 0x0081, 0x0081, 0x0081, 0x0081, 0x0081, 0x0040, 0x0000,
    0x0A85, 0x13C8, 0x0061, 0x0081, 0x0081, 0x0081, 0x0081, 0x0061, 0x0061, 0x0081, 0x0081, 0x0081,
    0x0081, 0x0061, 0x0041, 0x0000, 0x0061, 0x0081, 0x0081, 0x0081, 0x0081, 0x0061, 0x0020, 0x0020,
    0x0081, 0x0081, 0x0061, 0x0081, 0x0AC6, 0x0122, 0x0061, 0x0081, 0x0081, 0x0081, 0x0061, 0x00C2,
    0x270E, 0x264D, 0x0A44, 0x0061, 0x0081, 0x0081, 0x0081, 0x0081, 0x00A1, 0x0061, 0x0020, 0x0081,
    0x0081, 0x0081, 0x0081, 0x0081, 0x0020, 0x0041, 0x0081, 0x0081, 0x0081, 0x0081, 0x0041, 0x0000,
    0x0000, 0x0081, 0x0081, 0x0081, 0x0081, 0x0081, 0x0061, 0x0000, 0x0041, 0x0081, 0x0081, 0x0081,
    0x0081, 0x0000, 0x1D2A, 0x1D2B, 0x0040, 0x0081, 0x0081, 0x0081, 0x0081, 0x0020, 0x1D0A, 0x1367,
    0x0000, 0x0081, 0x0081, 0x0081, 0x0081, 0x0081, 0x0081, 0x0081, 0x0081, 0x0081, 0x0081, 0x0081,
    0x0000, 0x0A04, 0x1D4B, 0x0000, 0x0081, 0x0081, 0x0081, 0x0081, 0x0061, 0x0081, 0x0081, 0x0081,
    0x0081, 0x0081, 0x0081, 0x0081, 0x0061, 0x0061, 0x0081, 0x0081, 0x0081, 0x0081, 0x0081, 0x0081,
    0x0081, 0x0081, 0x0081, 0x0061, 0x0081, 0x0081, 0x0061, 0x00C2, 0x25CC, 0x00A1, 0x0061, 0x0081,
    0x0081, 0x0081, 0x0081, 0x0081, 0x0040, 0x0000, 0x0081, 0x0081, 0x0081, 0x0081, 0x0081, 0x0061,
    0x0000, 0x0061, 0x0081, 0x0081, 0x0081, 0x0081, 0x0081, 0x0081, 0x0081, 0x0081, 0x0081, 0x0081,
    0x0081, 0x0081, 0x0081, 0x0081, 0x0000, 0x0000, 0x0081, 0x0081, 0x0081, 0x0081, 0x0041, 0x00C2,
    0x00C2, 0x0061, 0x0081, 0x0081, 0x0081, 0x0061, 0x00A1, 0x1C89, 0x09A3, 0x0040, 0x0081, 0x0081,
    0x0081, 0x0020, 0x1347, 0x13E8, 0x0081, 0x0081, 0x0081, 0x0020, 0x1CCA, 0x1C89, 0x0000, 0x0081,
    0x0081, 0x0081, 0x0081, 0x0081, 0x0AA5, 0x1CEA, 0x25CC, 0x0102, 0x0041, 0x0081, 0x0081, 0x0081,
    0x0081, 0x0081, 0x0081, 0x0081, 0x0081, 0x0081, 0x0081, 0x0061, 0x0A85, 0x0183, 0x0040, 0x0081,
    0x0081, 0x0081, 0x0081, 0x0AE6, 0x0A85, 0x0041, 0x0081, 0x0081, 0x0081, 0x0081, 0x0041, 0x0000,
    0x0061, 0x0081, 0x0081, 0x0081, 0x0081, 0x0000, 0x1CCA, 0x0AA5, 0x0000, 0x00A1, 0x0081, 0x0081,
    0x0081, 0x0000, 0x1C89, 0x1367, 0x0000, 0x0081, 0x0081, 0x0081, 0x0081, 0x0061, 0x0000, 0x0000,
    0x0061, 0x0081, 0x0081, 0x0081, 0x0000, 0x0A85, 0x1D6B, 0x0000, 0x0081, 0x0081, 0x0081, 0x0061,
    0x0081, 0x0061, 0x0000, 0x0061, 0x0081, 0x0081, 0x0081, 0x0061, 0x00C2, 0x00E2, 0x0081, 0x0081,
    0x0081, 0x0081, 0x0081, 0x0081, 0x0081, 0x0020, 0x0020, 0x00A1, 0x0081, 0x0081, 0x0061, 0x00A1,
    0x2F2F, 0x1C69, 0x0000, 0x0081, 0x0081, 0x0081, 0x0081, 0x0020, 0x09C4, 0x1C69, 0x0081, 0x0081,
    0x0081, 0x0081, 0x0081, 0x0081, 0x00A1, 0x0041, 0x0041, 0x0081, 0x0081, 0x0081, 0x0081, 0x0061,
    0x0000, 0x0061, 0x0081, 0x0081, 0x0081, 0x0081, 0x0081, 0x0081, 0x0081, 0x0081, 0x0081, 0x0081,
    0x0081, 0x0061, 0x0122, 0x262C, 0x09E4, 0x0020, 0x0081, 0x0081, 0x0081, 0x0081, 0x1CEA, 0x2FD0,
    0x0A24, 0x0020, 0x0081, 0x0081, 0x0081, 0x0040, 0x260C, 0x0A45, 0x0081, 0x0081, 0x0081, 0x0000,
    0x0A45, 0x1D2A, 0x0000, 0x0081, 0x0081, 0x0081, 0x0081, 0x0081, 0x0000, 0x0020, 0x09E4, 0x00E2,
    0x0061, 0x0081, 0x0081, 0x0081, 0x0081, 0x0081, 0x0081, 0x0081, 0x0081, 0x0081, 0x0040, 0x09A3,
    0x268D, 0x0143, 0x0041, 0x0081, 0x0081, 0x0061, 0x00A1, 0x2F2F, 0x1C69, 0x0000, 0x0081, 0x0081,
    0x0081, 0x0020, 0x0A65, 0x13A8, 0x0081, 0x0000, 0x0081, 0x0081, 0x0081, 0x0000, 0x1CCA, 0x1326,
    0x0000, 0x0081, 0x0081, 0x0081, 0x0081, 0x0000, 0x1C89, 0x1367, 0x0000, 0x0081, 0x0081, 0x0081,
    0x0081, 0x0081, 0x1428, 0x1CAA, 0x00C1, 0x0061, 0x0081, 0x0081, 0x0000, 0x0A04, 0x1D2B, 0x0000,
    0x0081, 0x0081, 0x0081, 0x0041, 0x0122, 0x1DAC, 0x1347, 0x00A1, 0x0061, 0x0081, 0x0081, 0x0000,
    0x1408, 0x2F0E, 0x00C2, 0x0061, 0x0081, 0x0081, 0x0081, 0x0081, 0x0061, 0x09E4, 0x1D6B, 0x1306,
    0x0000, 0x0081, 0x0081, 0x0081, 0x0AE6, 0x0A85, 0x0040, 0x0081, 0x0081, 0x0081, 0x0040, 0x0183,
    0x268D, 0x268D, 0x0081, 0x0081, 0x0081, 0x0081, 0x0081, 0x0020, 0x0000, 0x0163, 0x0183, 0x0041,
    0x0081, 0x0081, 0x0061, 0x00C2, 0x0AC6, 0x00A1, 0x0061, 0x0081, 0x0081, 0x0081, 0x0081, 0x0061,
    0x0061, 0x0081, 0x0081, 0x0081, 0x0081, 0x0000, 0x0A04, 0x1DAB, 0x0000, 0x00A1, 0x0081, 0x0081,
    0x0061, 0x00A1, 0x0122, 0x1D8B, 0x0A65, 0x0000, 0x0081, 0x0081, 0x0041, 0x0163, 0x25AC, 0x00A1,
    0x0081, 0x0081, 0x0081, 0x0061, 0x0102, 0x268D, 0x09E4, 0x0020, 0x0081, 0x0081, 0x0081, 0x0081,
    0x0081, 0x0081, 0x0020, 0x0061, 0x0081, 0x0081, 0x0081, 0x0040, 0x0000, 0x0061, 0x0081, 0x0081,
    0x0081, 0x0081, 0x0000, 0x0A65, 0x1CEA, 0x0000, 0x00A1, 0x0081, 0x0081, 0x0061, 0x00C2, 0x1DAB,
    0x00A1, 0x0061, 0x0081, 0x0081, 0x0081, 0x0041, 0x0183, 0x1CAA, 0x262D, 0x13A7, 0x0040, 0x0081,
    0x0081, 0x0000, 0x1CCA, 0x0AA5, 0x0000, 0x00A1, 0x0081, 0x0081, 0x0081, 0x0020, 0x1CEA, 0x1347,
    0x0000, 0x0081, 0x0081, 0x0081, 0x0000, 0x12E6, 0x1D6B, 0x1CCA, 0x13E8, 0x0000, 0x0081, 0x0081,
    0x0040, 0x1469, 0x1DAB, 0x0000, 0x0081, 0x0081, 0x0081, 0x0081, 0x0061, 0x0A24, 0x262D, 0x26CE,
    0x00E2, 0x0061, 0x0081, 0x0061, 0x00E2, 0x25EC, 0x0122, 0x0041, 0x0081, 0x0081, 0x0081, 0x0020,
    0x1CCA, 0x2F6F, 0x1367, 0x00A1, 0x0061, 0x0081, 0x0081, 0x0061, 0x0000, 0x0000, 0x0081, 0x0081,
    0x0081, 0x0081, 0x0061, 0x00E2, 0x0A04, 0x25AB, 0x0081, 0x0061, 0x0081, 0x0081, 0x0061, 0x09A3,
    0x1408, 0x25CC, 0x0AA5, 0x0020, 0x0081, 0x0081, 0x0000, 0x13A8, 0x1D4B, 0x0040, 0x0081, 0x0081,
    0x0081, 0x0081, 0x0061, 0x0081, 0x0102, 0x0061, 0x0081, 0x0081, 0x0081, 0x0020, 0x1CA9, 0x1428,
    0x0000, 0x0081, 0x0081, 0x0081, 0x0081, 0x0081, 0x0000, 0x25CC, 0x0A65, 0x0000, 0x0081, 0x0081,
    0x0000, 0x1367, 0x25AC, 0x0040, 0x0081, 0x0081, 0x0081, 0x0020, 0x09E4, 0x1D8B, 0x0081, 0x0081,
    0x0081, 0x0081, 0x0081, 0x0081, 0x0081, 0x0081, 0x0081, 0x0081, 0x0081, 0x0081, 0x0020, 0x0A65,
    0x13A8, 0x0081, 0x0000, 0x0081, 0x0081, 0x0081, 0x0020, 0x1D6B, 0x1387, 0x0000, 0x0081, 0x0081,
    0x0081, 0x0061, 0x00C2, 0x25CC, 0x0122, 0x0061, 0x0081, 0x0081, 0x0081, 0x0041, 0x0163, 0x1C8A,
    0x262D, 0x13A7, 0x0040, 0x0081, 0x0081, 0x0000, 0x1CEA, 0x268D, 0x0081, 0x0061, 0x0081, 0x0081,
    0x0020, 0x09E4, 0x2F4F, 0x0AA5, 0x0000, 0x0081, 0x0081, 0x0081, 0x0000, 0x13E8, 0x13E8, 0x0AA6,
    0x1D0A, 0x0000, 0x00A1, 0x0061, 0x0081, 0x1D2A, 0x13C8, 0x0020, 0x0081, 0x0081, 0x0081, 0x0061,
    0x00E2, 0x1D4B, 0x1CCA, 0x0A85, 0x0081, 0x0081, 0x0081, 0x0061, 0x0081, 0x1D6B, 0x0122, 0x0041,
    0x0081, 0x0081, 0x0081, 0x0061, 0x09A3, 0x1408, 0x25CC, 0x0A85, 0x0020, 0x0081, 0x0041, 0x0122,
    0x1347, 0x0143, 0x0041, 0x0081, 0x0081, 0x0081, 0x0081, 0x0020, 0x0143, 0x260C, 0x0081, 0x0061,
    0x0081, 0x0081, 0x0020, 0x1CCA, 0x2F6F, 0x1367, 0x00A1, 0x0061, 0x0081, 0x0081, 0x0000, 0x1C69,
    0x0AC6, 0x0000, 0x0081, 0x0081, 0x0081, 0x0081, 0x0020, 0x1CEA, 0x13E8, 0x0000, 0x0081, 0x0081,
    0x0081, 0x0020, 0x1C89, 0x1408, 0x0000, 0x0081, 0x0081, 0x0081, 0x0081, 0x0081, 0x0020, 0x1D6B,
    0x0A45, 0x0020, 0x0081, 0x0081, 0x0061, 0x0081, 0x25AC, 0x00E2, 0x0081, 0x0081, 0x0081, 0x0000,
    0x13C8, 0x1D0A, 0x0000, 0x00A1, 0x0081, 0x0081, 0x0081, 0x0081, 0x0041, 0x0000, 0x0061, 0x0081,
    0x0081, 0x0081, 0x0041, 0x0183, 0x1CAA, 0x262D, 0x13A7, 0x0040, 0x0081, 0x0081, 0x0020, 0x1326,
    0x1C69, 0x0000, 0x00A1, 0x0081, 0x0081, 0x0061, 0x00C2, 0x1D8B, 0x00A1, 0x0061, 0x0081, 0x0081,
    0x0081, 0x0020, 0x0A65, 0x13A7, 0x0081, 0x0000, 0x0081, 0x0081, 0x0081, 0x0041, 0x09C4, 0x1326,
    0x00A1, 0x0061, 0x0081, 0x0081, 0x0061, 0x00A1, 0x0102, 0x00A1, 0x0061, 0x0081, 0x0081, 0x0081,
    0x0000, 0x1387, 0x1C89, 0x1387, 0x1C89, 0x0000, 0x0081, 0x0081, 0x0061, 0x0000, 0x0020, 0x0081,
    0x0081, 0x0081, 0x0081, 0x0061, 0x00C2, 0x09C4, 0x0040, 0x0000, 0x0081, 0x0081, 0x0081, 0x0061,
    0x0081, 0x1D4B, 0x0122, 0x0041, 0x0081, 0x0081, 0x0081, 0x0081, 0x0040, 0x0000, 0x0163, 0x0163,
    0x0041, 0x0081, 0x0041, 0x0163, 0x2F2F, 0x12E6, 0x0000, 0x0081, 0x0081, 0x0081, 0x0081, 0x0041,
    0x0163, 0x1D6B, 0x0081, 0x0061, 0x0081, 0x0081, 0x0081, 0x0061, 0x09E4, 0x1D6B, 0x12E6, 0x0000,
    0x00A1, 0x0041, 0x0143, 0x260C, 0x0183, 0x0041, 0x0081, 0x0081, 0x0081, 0x0081, 0x0040, 0x25EC,
    0x0142, 0x0041, 0x0081, 0x0081, 0x0081, 0x0000, 0x0A04, 0x1D8B, 0x0000, 0x00A1, 0x0081, 0x0081,
    0x0081, 0x0081, 0x0061, 0x00C2, 0x00A1, 0x0061, 0x0081, 0x0081, 0x0081, 0x0040, 0x25CC, 0x1387,
    0x0081, 0x0081, 0x0061, 0x0081, 0x1C69, 0x0A45, 0x0040, 0x0081, 0x0081, 0x0081, 0x0081, 0x0041,
    0x0143, 0x1327, 0x00C2, 0x0061, 0x0081, 0x0081, 0x0041, 0x0183, 0x1CAA, 0x262D, 0x13A7, 0x0040,
    0x0081, 0x0081, 0x0020, 0x09C4, 0x25AC, 0x0061, 0x0081, 0x0081, 0x0081, 0x0061, 0x00A1, 0x266D,
    0x0AC5, 0x0020, 0x0081, 0x0081, 0x0081, 0x0081, 0x0040, 0x0000, 0x0061, 0x0081, 0x0081, 0x0081,
    0x0081, 0x0081, 0x0041, 0x0000, 0x0061, 0x0081, 0x0081, 0x0081, 0x0081, 0x0061, 0x0000, 0x0061,
    0x0081, 0x0081, 0x0081, 0x0081, 0x0041, 0x0122, 0x1D6B, 0x25AC, 0x09A3, 0x0040, 0x0081, 0x0081,
    0x0081, 0x0102, 0x0081, 0x0081, 0x0081, 0x0081, 0x0081, 0x0081, 0x0061, 0x0020, 0x0081, 0x0081,
    0x0081, 0x0081, 0x0081, 0x0061, 0x00E2, 0x1D6B, 0x0102, 0x0041, 0x0081, 0x0081, 0x0081, 0x0081,
    0x0081, 0x00A1, 0x0041, 0x0041, 0x0081, 0x0081, 0x00A1, 0x0000, 0x13E8, 0x1306, 0x0000, 0x0081,
    0x0081, 0x0081, 0x0081, 0x0081, 0x0081, 0x00C2, 0x0081, 0x0081, 0x0081, 0x0081, 0x0081, 0x0081,
    0x0020, 0x0020, 0x00A1, 0x0081, 0x0081, 0x0081, 0x0041, 0x1CA9, 0x0A45, 0x0000, 0x0081, 0x0081,
    0x0081, 0x0020, 0x0A85, 0x1DAB, 0x0081, 0x0081, 0x0081, 0x0081, 0x0081, 0x0061, 0x0122, 0x260C,
    0x09E4, 0x0020, 0x0081, 0x0081, 0x0081, 0x0081, 0x0081, 0x0081, 0x0061, 0x0081, 0x0081, 0x0081,
    0x0081, 0x0061, 0x09A3, 0x0A85, 0x0081, 0x0081, 0x0081, 0x0081, 0x0020, 0x0020, 0x0061, 0x0081,
    0x0081, 0x0081, 0x0081, 0x0081, 0x1D8B, 0x256C, 0x1CAA, 0x0000, 0x0081, 0x0081, 0x0020, 0x0A65,
    0x13A8, 0x0081, 0x0000, 0x0081, 0x0081, 0x0081, 0x0061, 0x00A1, 0x1429, 0x09E4, 0x0020, 0x0081,
    0x0081, 0x0081, 0x0081, 0x1CAA, 0x13E8, 0x0020, 0x0081, 0x0081, 0x0081, 0x0081, 0x0081, 0x0081,
    0x0081, 0x0081, 0x0081, 0x0081, 0x0081, 0x0081, 0x0020, 0x0020, 0x0081, 0x0081, 0x0081, 0x0081,
    0x0041, 0x0183, 0x1C69, 0x00E2, 0x0061, 0x0081, 0x0081, 0x0081, 0x0081, 0x0041, 0x00A1, 0x00E2,
    0x0041, 0x0081, 0x0081, 0x0081, 0x0061, 0x1CCA, 0x1347, 0x0020, 0x0081, 0x0081, 0x0081, 0x0081,
    0x0081, 0x0081, 0x0081, 0x0081, 0x0081, 0x0081, 0x0081, 0x0020, 0x1387, 0x260C, 0x00C2, 0x0061,
    0x0081, 0x0081, 0x0081, 0x0081, 0x0081, 0x0081, 0x0081, 0x0081, 0x0081, 0x0081, 0x0081, 0x0000,
    0x1449, 0x1306, 0x0000, 0x0081, 0x0081, 0x0081, 0x0081, 0x0081, 0x0081, 0x0061, 0x0081, 0x0081,
    0x0081, 0x0081, 0x0081, 0x0081, 0x0081, 0x0081, 0x0061, 0x0081, 0x0081, 0x00A1, 0x0000, 0x13C8,
    0x13C8, 0x0000, 0x0081, 0x0081, 0x0081, 0x0020, 0x0A85, 0x1D8B, 0x0081, 0x0081, 0x0081, 0x0081,
    0x0081, 0x0081, 0x0061, 0x00E2, 0x00E2, 0x0061, 0x0081, 0x0081, 0x0081, 0x0081, 0x0061, 0x0000,
    0x0061, 0x0081, 0x0081, 0x0081, 0x0081, 0x0020, 0x0000, 0x0020, 0x0081, 0x0081, 0x0081, 0x0081,
    0x0061, 0x00C2, 0x00C2, 0x0061, 0x0081, 0x0081, 0x0040, 0x0183, 0x260C, 0x0143, 0x264D, 0x00A1,
    0x0061, 0x0081, 0x0081, 0x0040, 0x0000, 0x0061, 0x0081, 0x0061, 0x0081, 0x0081, 0x0081, 0x0061,
    0x0000, 0x0061, 0x0081, 0x0061, 0x0081, 0x0081, 0x0081, 0x0000, 0x0000, 0x0081, 0x0081, 0x0081,
    0x0081, 0x0081, 0x0081, 0x0061, 0x0061, 0x0081, 0x0081, 0x0081, 0x0081, 0x0041, 0x1367, 0x0A85,
    0x0020, 0x0040, 0x0081, 0x0081, 0x0081, 0x0040, 0x1D4B, 0x0A65, 0x0000, 0x0081, 0x0081, 0x0081,
    0x0061, 0x0081, 0x0081, 0x0061, 0x0081, 0x0061, 0x0081, 0x0081, 0x0000, 0x0AA5, 0x1C89, 0x0000,
    0x00A1, 0x0061, 0x0081, 0x0081, 0x0081, 0x0081, 0x0020, 0x0061, 0x0081, 0x0081, 0x0081, 0x0061,
    0x00C1, 0x00E2, 0x0081, 0x0061, 0x0081, 0x0081, 0x0081, 0x0061, 0x0000, 0x0020, 0x0081, 0x0061,
    0x0081, 0x0061, 0x00A1, 0x0000, 0x13C8, 0x0AE6, 0x0000, 0x0081, 0x0081, 0x0061, 0x0081, 0x0020,
    0x0020, 0x0081, 0x0061, 0x0081, 0x0081, 0x0081, 0x0081, 0x0081, 0x0081, 0x0081, 0x0081, 0x0081,
    0x0081, 0x0081, 0x0040, 0x0183, 0x1408, 0x00A1, 0x0061, 0x0081, 0x0081, 0x0081, 0x0040, 0x25CC,
    0x0122, 0x0040, 0x0081, 0x0081, 0x0061, 0x0081, 0x0061, 0x0000, 0x0000, 0x0081, 0x0061, 0x0081,
    0x0081, 0x0061, 0x00C2, 0x0AC6, 0x00A1, 0x0061, 0x0081, 0x0081, 0x0040, 0x0A24, 0x09E4, 0x0061,
    0x0061, 0x0061, 0x0081, 0x0041, 0x0102, 0x260C, 0x09E4, 0x0020, 0x0081, 0x0081, 0x0020, 0x0183,
    0x260C, 0x0142, 0x264D, 0x0081, 0x0061, 0x0081, 0x0061, 0x0081, 0x0081, 0x0081, 0x0061, 0x0061,
    0x0061, 0x0061, 0x0061, 0x0081, 0x00A1, 0x0041, 0x0040, 0x0081, 0x0061, 0x0061, 0x0061, 0x0061,
    0x0102, 0x0081, 0x0061, 0x0061, 0x0061, 0x0061, 0x0061, 0x0081, 0x00E2, 0x0061, 0x0061, 0x0061,
    0x0081, 0x0040, 0x0A65, 0x1D0A, 0x1D8B, 0x09E4, 0x0020, 0x0081, 0x0081, 0x0000, 0x13A7, 0x1387,
    0x0000, 0x0081, 0x0061, 0x0061, 0x0081, 0x0020, 0x0000, 0x0061, 0x0061, 0x0061, 0x0061, 0x0081,
    0x0040, 0x0143, 0x1D6B, 0x0122, 0x0040, 0x0081, 0x0061, 0x0061, 0x0061, 0x0000, 0x09C4, 0x0102,
    0x0041, 0x0081, 0x0061, 0x0061, 0x0061, 0x0020, 0x0020, 0x0061, 0x0061, 0x0061, 0x0061, 0x0081,
    0x0AA5, 0x09E4, 0x0041, 0x0081, 0x0061, 0x0081, 0x0061, 0x00A1, 0x1D4B, 0x0AC6, 0x0000, 0x0081,
    0x0061, 0x0081, 0x0040, 0x09E4, 0x09C3, 0x0040, 0x0081, 0x0061, 0x0061, 0x0061, 0x0061, 0x0020,
    0x0040, 0x0081, 0x0061, 0x0061, 0x0061, 0x0061, 0x0081, 0x0020, 0x0000, 0x0061, 0x0061, 0x0061,
    0x0061, 0x0081, 0x0020, 0x1CAA, 0x13C8, 0x0000, 0x0081, 0x0061, 0x0081, 0x0040, 0x0143, 0x1D0B,
    0x1347, 0x0020, 0x0081, 0x0061, 0x0081, 0x0000, 0x13E8, 0x1D6B, 0x0040, 0x0081, 0x0061, 0x0081,
    0x0020, 0x0AA5, 0x262D, 0x0081, 0x0061, 0x0061, 0x0081, 0x0000, 0x0A04, 0x1DAB, 0x0000, 0x0081,
    0x0061, 0x0081, 0x0061, 0x0081, 0x1D8B, 0x1D6B, 0x1CAA, 0x0000, 0x0081, 0x0061, 0x0061, 0x0061,
    0x0041, 0x0061, 0x0061, 0x0061, 0x0061, 0x0061, 0x0081, 0x0020, 0x0000, 0x0142, 0x0143, 0x0041,
    0x0081, 0x0081, 0x0020, 0x0AA5, 0x1D0A, 0x0081, 0x0061, 0x0081, 0x0081, 0x0081, 0x0020, 0x1C89,
    0x13A7, 0x0020, 0x0081, 0x0081, 0x0081, 0x0040, 0x0A65, 0x1CEA, 0x1D8B, 0x09E4, 0x0040, 0x0081,
    0x0081, 0x0020, 0x0AA5, 0x1D6B, 0x0061, 0x0081, 0x0081, 0x0081, 0x0040, 0x09E4, 0x0AC6, 0x0081,
    0x0061, 0x0081, 0x0081, 0x0081, 0x0040, 0x0142, 0x1D4B, 0x0122, 0x0040, 0x0081, 0x0081, 0x0081,
    0x0061, 0x1346, 0x266D, 0x09E4, 0x0020, 0x0081, 0x0081, 0x0081, 0x0040, 0x0983, 0x1387, 0x0081,
    0x0061, 0x0081, 0x0081, 0x0061, 0x1D2A, 0x1CEA, 0x0000, 0x0081, 0x0081, 0x0081, 0x0040, 0x0183,
    0x1CCA, 0x09A3, 0x0040, 0x0081, 0x0081, 0x0081, 0x0020, 0x0A45, 0x1D8B, 0x0081, 0x0061, 0x0081,
    0x0081, 0x0061, 0x0081, 0x13E8, 0x0A04, 0x0040, 0x0081, 0x0081, 0x0081, 0x0081, 0x0061, 0x00C2,
    0x00C2, 0x0061, 0x0061, 0x0061, 0x0061, 0x0061, 0x0061, 0x00A1, 0x0102, 0x0061, 0x0061, 0x0061,
    0x0081, 0x0000, 0x1D0A, 0x1408, 0x25EC, 0x09A3, 0x0020, 0x0081, 0x0081, 0x0000, 0x1CA9, 0x12E6,
    0x0000, 0x0081, 0x0061, 0x0081, 0x0061, 0x0061, 0x25AC, 0x0102, 0x0061, 0x0061, 0x0081, 0x0020,
    0x1CA9, 0x1428, 0x0000, 0x0081, 0x0061, 0x0061, 0x0081, 0x0040, 0x0142, 0x1326, 0x00C1, 0x0061,
    0x0081, 0x0061, 0x0061, 0x0081, 0x00E2, 0x00A1, 0x0061, 0x0061, 0x0061, 0x0081, 0x0061, 0x0183,
    0x13A7, 0x1D2A, 0x0A45, 0x0020, 0x0081, 0x00A1, 0x0000, 0x13E8, 0x1326, 0x0000, 0x00A1, 0x0081,
    0x0081, 0x0081, 0x0040, 0x1D6B, 0x0122, 0x0040, 0x0081, 0x0081, 0x0081, 0x0041, 0x1347, 0x0A65,
    0x0020, 0x0040, 0x0081, 0x0081, 0x00A1, 0x0000, 0x1408, 0x0AC5, 0x0000, 0x0081, 0x0081, 0x0081,
    0x0020, 0x1347, 0x26EE, 0x00E2, 0x0061, 0x0081, 0x0081, 0x0081, 0x0000, 0x0A85, 0x1C49, 0x0000,
    0x00A1, 0x0081, 0x0081, 0x0061, 0x00A1, 0x0A85, 0x1CA9, 0x09E4, 0x0020, 0x0081, 0x0081, 0x0040,
    0x0163, 0x1D2A, 0x1D0A, 0x0081, 0x0061, 0x0081, 0x0081, 0x0020, 0x09C3, 0x1C49, 0x0020, 0x0081,
    0x0081, 0x0081, 0x0081, 0x0061, 0x0000, 0x0061, 0x0081, 0x0081, 0x0081, 0x0081, 0x0061, 0x0061,
    0x1D0A, 0x00E2, 0x0061, 0x0081, 0x0081, 0x0081, 0x0000, 0x1347, 0x1C69, 0x0000, 0x00A1, 0x0081,
    0x0081, 0x0061, 0x0081, 0x1D2A, 0x13C8, 0x0020, 0x0081, 0x0061, 0x0061, 0x0081, 0x0061, 0x0000,
    0x0020, 0x0081, 0x0061, 0x0061, 0x0081, 0x0020, 0x25CC, 0x09A3, 0x1D2A, 0x0AA5, 0x0000, 0x0081,
    0x0040, 0x0143, 0x268D, 0x0183, 0x0040, 0x0081, 0x0061, 0x0061, 0x0081, 0x0020, 0x1D2A, 0x1C69,
    0x0061, 0x0061, 0x0081, 0x0020, 0x1CA9, 0x1408, 0x0000, 0x0081, 0x0061, 0x0061, 0x0061, 0x0081,
    0x0040, 0x0000, 0x0061, 0x0081, 0x0061, 0x0081, 0x0020, 0x0A04, 0x2F4F, 0x0A65, 0x0000, 0x0081,
    0x0061, 0x0081, 0x0020, 0x1428, 0x268D, 0x1306, 0x00A1, 0x0061, 0x0081, 0x0061, 0x00C2, 0x1D2A,
    0x09C4, 0x0040, 0x0081, 0x0081, 0x0081, 0x0040, 0x0A45, 0x1D2A, 0x0081, 0x0081, 0x0081, 0x0081,
    0x0081, 0x0081, 0x0020, 0x0020, 0x0081, 0x0081, 0x0081, 0x0081, 0x0061, 0x00E2, 0x1D6B, 0x0A04,
    0x0020, 0x0081, 0x0081, 0x0081, 0x0081, 0x0061, 0x1D0A, 0x0122, 0x0061, 0x0081, 0x0081, 0x0081,
    0x0061, 0x1C49, 0x1306, 0x0020, 0x0081, 0x0081, 0x0081, 0x0081, 0x0081, 0x0000, 0x1449, 0x0A04,
    0x0020, 0x0081, 0x0081, 0x0061, 0x00C2, 0x09C3, 0x1C49, 0x00A1, 0x0081, 0x0081, 0x0081, 0x0020,
    0x0A24, 0x1C49, 0x0020, 0x0081, 0x0081, 0x0081, 0x0081, 0x0081, 0x00A1, 0x0081, 0x0040, 0x0061,
    0x0081, 0x0081, 0x0081, 0x0020, 0x1C69, 0x1387, 0x0020, 0x0081, 0x0081, 0x0081, 0x0020, 0x09C3,
    0x1CC9, 0x0081, 0x0081, 0x0081, 0x0081, 0x0061, 0x00C1, 0x1CCA, 0x0122, 0x0041, 0x0081, 0x0081,
    0x0081, 0x0040, 0x0163, 0x25AB, 0x0A24, 0x0020, 0x0081, 0x0061, 0x0081, 0x0000, 0x25AB, 0x0A85,
    0x1D8B, 0x0A24, 0x0000, 0x0081, 0x0081, 0x0040, 0x1D2A, 0x0A85, 0x0000, 0x0081, 0x0061, 0x0081,
    0x0061, 0x0041, 0x1D8B, 0x0A04, 0x0061, 0x0061, 0x0081, 0x0000, 0x0A04, 0x1D8B, 0x0000, 0x0081,
    0x0061, 0x0061, 0x0061, 0x0061, 0x0081, 0x0061, 0x0081, 0x0061, 0x0061, 0x0081, 0x0000, 0x0AA5,
    0x1D4B, 0x0020, 0x0081, 0x0061, 0x0061, 0x0061, 0x0081, 0x0061, 0x09C3, 0x1CA9, 0x0A85, 0x0020,
    0x00A1, 0x0061, 0x00E2, 0x1D0A, 0x09C3, 0x0040, 0x0081, 0x0081, 0x0081, 0x0040, 0x0A65, 0x1D0A,
    0x0081, 0x0081, 0x0081, 0x0081, 0x0081, 0x0081, 0x00A1, 0x00A1, 0x0081, 0x0081, 0x0081, 0x0081,
    0x0061, 0x0122, 0x0A65, 0x0081, 0x0081, 0x0081, 0x0081, 0x0081, 0x0081, 0x00C1, 0x1D2B, 0x0122,
    0x0061, 0x0081, 0x0081, 0x0081, 0x0081, 0x0102, 0x0081, 0x00A1, 0x0081, 0x0081, 0x0081, 0x0081,
    0x0081, 0x0041, 0x1C89, 0x0A04, 0x0020, 0x00A1, 0x0081, 0x0081, 0x0040, 0x0122, 0x1C89, 0x00A1,
    0x0081, 0x0081, 0x00A1, 0x0020, 0x09C4, 0x1428, 0x0020, 0x00A1, 0x0081, 0x0081, 0x0081, 0x0081,
    0x0040, 0x0061, 0x09A3, 0x00E2, 0x0061, 0x0081, 0x0081, 0x0061, 0x1CA9, 0x09A3, 0x0040, 0x0081,
    0x0081, 0x0081, 0x0061, 0x00E2, 0x1D8B, 0x09C3, 0x0040, 0x0081, 0x0081, 0x0061, 0x00C1, 0x1C89,
    0x00E2, 0x0061, 0x0081, 0x0081, 0x0081, 0x0000, 0x0A65, 0x264D, 0x0102, 0x0041, 0x0081, 0x0061,
    0x0081, 0x0020, 0x0AA5, 0x260D, 0x1CCA, 0x0081, 0x0061, 0x0061, 0x0081, 0x0000, 0x1449, 0x1C89,
    0x0000, 0x0081, 0x0061, 0x0081, 0x0040, 0x0183, 0x264D, 0x00A1, 0x0061, 0x0061, 0x0081, 0x0041,
    0x0102, 0x262C, 0x09E4, 0x0020, 0x0081, 0x0061, 0x0061, 0x0061, 0x0061, 0x0102, 0x0040, 0x0061,
    0x0061, 0x0081, 0x0000, 0x0AA5, 0x1CEA, 0x0000, 0x0081, 0x0061, 0x0061, 0x0081, 0x0081, 0x0081,
    0x0020, 0x0020, 0x00A1, 0x0081, 0x0081, 0x00A1, 0x0000, 0x13C8, 0x1306, 0x0000, 0x00A1, 0x0081,
    0x0081, 0x0081, 0x0041, 0x1D4B, 0x0122, 0x0061, 0x0081, 0x0081, 0x0081, 0x0081, 0x0081, 0x0061,
    0x0081, 0x0081, 0x0081, 0x0081, 0x00A1, 0x0040, 0x0000, 0x0081, 0x0081, 0x0081, 0x0081, 0x0081,
    0x0081, 0x0061, 0x1CEA, 0x0122, 0x0061, 0x0081, 0x0081, 0x0081, 0x0081, 0x0040, 0x0020, 0x0040,
    0x0081, 0x0081, 0x0081, 0x0081, 0x0081, 0x0061, 0x09C3, 0x0102, 0x0061, 0x0081, 0x0081, 0x0081,
    0x0061, 0x0122, 0x1408, 0x00A1, 0x0081, 0x0081, 0x0081, 0x0061, 0x1387, 0x1C69, 0x0020, 0x00A1,
    0x0081, 0x0081, 0x0081, 0x00A1, 0x0A24, 0x13C8, 0x1C69, 0x0102, 0x0061, 0x00A1, 0x0061, 0x0163,
    0x1D2A, 0x00A1, 0x0081, 0x0081, 0x0081, 0x00A1, 0x0020, 0x0A04, 0x1C49, 0x0000, 0x00A1, 0x0081,
    0x0081, 0x0081, 0x00C1, 0x1C69, 0x00E2, 0x0061, 0x0081, 0x0081, 0x0081, 0x0000, 0x0A85, 0x1C69,
    0x0000, 0x0081, 0x0061, 0x0061, 0x0061, 0x0081, 0x0040, 0x0102, 0x0081, 0x0061, 0x0081, 0x0061,
    0x0081, 0x0040, 0x09C4, 0x1CA9, 0x00A1, 0x0061, 0x0081, 0x0081, 0x0020, 0x1326, 0x13C7, 0x0040,
    0x0061, 0x0061, 0x0061, 0x0081, 0x0061, 0x00E2, 0x00C2, 0x0061, 0x0061, 0x0061, 0x0081, 0x0040,
    0x1449, 0x260D, 0x1347, 0x0000, 0x0081, 0x0081, 0x0000, 0x0AA5, 0x1CEA, 0x0000, 0x0081, 0x0061,
    0x0081, 0x0081, 0x0081, 0x0081, 0x0081, 0x0081, 0x0081, 0x0081, 0x0081, 0x00A1, 0x0040, 0x0A85,
    0x1CA9, 0x00A1, 0x0081, 0x00A1, 0x0081, 0x00A1, 0x0041, 0x1C49, 0x1387, 0x0020, 0x00A1, 0x0081,
    0x0081, 0x0081, 0x00C1, 0x0102, 0x00A1, 0x0081, 0x0081, 0x00A1, 0x0061, 0x0142, 0x0A65, 0x0081,
    0x0081, 0x0081, 0x0081, 0x00A1, 0x0061, 0x0A04, 0x25EC, 0x0102, 0x0061, 0x00A1, 0x0081, 0x00A1,
    0x0061, 0x0142, 0x1449, 0x0AC6, 0x0061, 0x00A1, 0x0081, 0x0081, 0x0081, 0x00A1, 0x0041, 0x0081,
    0x00A1, 0x0081, 0x0081, 0x0081, 0x0081, 0x00A1, 0x00C2, 0x0081, 0x0081, 0x00A1, 0x0081, 0x00A1,
    0x1408, 0x1306, 0x0041, 0x00A1, 0x0081, 0x0081, 0x0081, 0x00E2, 0x1D2A, 0x1CEA, 0x09E4, 0x0081,
    0x0081, 0x00A1, 0x0040, 0x0AA5, 0x1326, 0x0061, 0x0081, 0x0081, 0x0081, 0x00A1, 0x0041, 0x1408,
    0x13C8, 0x0020, 0x00A1, 0x0081, 0x0081, 0x0081, 0x00C1, 0x1C89, 0x0122, 0x0061, 0x0081, 0x0081,
    0x0081, 0x0000, 0x0A85, 0x1CCA, 0x0000, 0x0081, 0x0061, 0x0061, 0x0061, 0x0061, 0x0081, 0x0061,
    0x0081, 0x0081, 0x0061, 0x0061, 0x0061, 0x0061, 0x0020, 0x0000, 0x0061, 0x0061, 0x0061, 0x0061,
    0x0081, 0x0040, 0x0000, 0x0081, 0x0061, 0x0061, 0x0061, 0x0061, 0x0000, 0x0000, 0x0061, 0x0061,
    0x0061, 0x0081, 0x0040, 0x0142, 0x262C, 0x0A04, 0x260C, 0x0061, 0x0061, 0x0081, 0x0000, 0x0AA5,
    0x1D4B, 0x0020, 0x0081, 0x0061, 0x0081, 0x0081, 0x0081, 0x0081, 0x0081, 0x0081, 0x00A1, 0x00A1,
    0x00A1, 0x00A1, 0x00A1, 0x0081, 0x0122, 0x00C1, 0x00A1, 0x00A1, 0x00A1, 0x00A1, 0x00A1, 0x00C1,
    0x0122, 0x00A1, 0x00A1, 0x00A1, 0x00C1, 0x0040, 0x13C8, 0x25EC, 0x00E2, 0x00A1, 0x00C1, 0x00C1,
    0x00A1, 0x0102, 0x1D4B, 0x0A04, 0x0061, 0x00C1, 0x00A1, 0x00C1, 0x0061, 0x1326, 0x1CCA, 0x00C2,
    0x00A1, 0x00A1, 0x00A1, 0x00C1, 0x0040, 0x1428, 0x1387, 0x1CCA, 0x09A3, 0x0081, 0x00C1, 0x00A1,
    0x00A1, 0x0081, 0x00A1, 0x00C1, 0x00A1, 0x00A1, 0x00A1, 0x00A1, 0x00A1, 0x00A1, 0x00A1, 0x00A1,
    0x00A1, 0x00A1, 0x00A1, 0x00A1, 0x0041, 0x0061, 0x00C1, 0x00A1, 0x00A1, 0x00A1, 0x00A1, 0x00A1,
    0x00E2, 0x0AA5, 0x1C89, 0x0143, 0x0081, 0x00C1, 0x00C1, 0x0081, 0x0041, 0x0081, 0x00A1, 0x00A1,
    0x00A1, 0x00A1, 0x00C1, 0x0A65, 0x0122, 0x00A1, 0x00A1, 0x00A1, 0x00A1, 0x00A1, 0x00C1, 0x1CCA,
    0x1387, 0x0061, 0x00A1, 0x0081, 0x0081, 0x0000, 0x0A85, 0x1C69, 0x0000, 0x0081, 0x0061, 0x0061,
    0x0061, 0x0061, 0x0081, 0x0000, 0x0040, 0x0081, 0x0061, 0x0061, 0x0061, 0x0081, 0x0102, 0x00A1,
    0x0061, 0x0061, 0x0061, 0x0061, 0x0061, 0x0081, 0x00A1, 0x0061, 0x0061, 0x0081, 0x0061, 0x0081,
    0x1D4B, 0x13E8, 0x0020, 0x0081, 0x0061, 0x0081, 0x0020, 0x09A3, 0x25EC, 0x0122, 0x262C, 0x00A1,
    0x0061, 0x0081, 0x0020, 0x0A04, 0x2F4F, 0x0A65, 0x0000, 0x0081, 0x0081, 0x0081, 0x0081, 0x0020,
    0x0041, 0x0061, 0x0000, 0x0000, 0x0000, 0x0020, 0x0020, 0x0020, 0x0000, 0x0020, 0x0020, 0x0020,
    0x0020, 0x0020, 0x0020, 0x0020, 0x0000, 0x0020, 0x0020, 0x0020, 0x0040, 0x0000, 0x13E8, 0x0AA5,
    0x0000, 0x0020, 0x0020, 0x0020, 0x0040, 0x0000, 0x1367, 0x0A85, 0x0000, 0x0020, 0x0020, 0x0020,
    0x0020, 0x0000, 0x0000, 0x0020, 0x0020, 0x0020, 0x0020, 0x0020, 0x0000, 0x1C89, 0x0142, 0x13E8,
    0x09E4, 0x0000, 0x0020, 0x0020, 0x0040, 0x00C1, 0x0040, 0x0000, 0x0020, 0x0020, 0x0020, 0x0020,
    0x0020, 0x0020, 0x0020, 0x0020, 0x0020, 0x0020, 0x0020, 0x0020, 0x0020, 0x0020, 0x0020, 0x0020,
    0x0020, 0x0020, 0x0020, 0x0020, 0x0000, 0x0000, 0x0000, 0x0020, 0x0020, 0x0020, 0x0020, 0x0020,
    0x0081, 0x00A1, 0x0000, 0x0020, 0x0020, 0x0020, 0x0020, 0x0000, 0x0000, 0x0020, 0x0020, 0x0020,
    0x0020, 0x0000, 0x0020, 0x0060, 0x0040, 0x0000, 0x0040, 0x0081, 0x00A1, 0x0020, 0x0A44, 0x2F2F,
    0x09E4, 0x0020, 0x0081, 0x0061, 0x0061, 0x0081, 0x0041, 0x0A65, 0x0183, 0x0040, 0x0081, 0x0081,
    0x0020, 0x09E4, 0x2F50, 0x0AA5, 0x0000, 0x0081, 0x0061, 0x0061, 0x0081, 0x0041, 0x0000, 0x0081,
    0x0061, 0x0061, 0x0081, 0x0020, 0x1C89, 0x25CC, 0x0000, 0x0081, 0x0061, 0x0081, 0x0061, 0x00E2,
    0x262C, 0x13A8, 0x1DAB, 0x0020, 0x0081, 0x0061, 0x0061, 0x0081, 0x0102, 0x00A1, 0x0061, 0x0081,
    0x0081, 0x0061, 0x00A1, 0x1448, 0x12E6, 0x00A1, 0x12C6, 0x12E6, 0x12E6, 0x12E6, 0x12E6, 0x12C6,
    0x1C49, 0x1387, 0x12C6, 0x12E6, 0x12E6, 0x12E6, 0x1306, 0x1306, 0x1306, 0x12E6, 0x12E6, 0x12E6,
    0x1306, 0x12A6, 0x254B, 0x1C49, 0x12A6, 0x1306, 0x12E6, 0x12E6, 0x1306, 0x12C6, 0x1C69, 0x25AC,
    0x12E6, 0x12E6, 0x12E6, 0x12E6, 0x12E6, 0x1306, 0x1307, 0x1306, 0x1306, 0x12E6, 0x12E6, 0x1306,
    0x12C6, 0x258C, 0x1BE8, 0x256B, 0x1BE8, 0x12C6, 0x1306, 0x12C6, 0x13A8, 0x264D, 0x1BE8, 0x12C6,
    0x1306, 0x12E6, 0x12E6, 0x12E6, 0x12E6, 0x1306, 0x12E6, 0x12E6, 0x12E6, 0x12E6, 0x12E6, 0x12E6,
    0x1306, 0x1306, 0x1306, 0x12E6, 0x12E6, 0x12E6, 0x12E6, 0x12E6, 0x12E6, 0x1306, 0x12E6, 0x12E6,
    0x12E6, 0x12E6, 0x1306, 0x12C6, 0x1D0B, 0x254B, 0x12A6, 0x1306, 0x12E6, 0x12E6, 0x12E6, 0x1306,
    0x1306, 0x12E6, 0x12E6, 0x12E6, 0x12E6, 0x12E6, 0x12E6, 0x12E6, 0x12C6, 0x12E6, 0x0983, 0x0020,
    0x0020, 0x0061, 0x0102, 0x1326, 0x0163, 0x0040, 0x0081, 0x0061, 0x0081, 0x0020, 0x0983, 0x266D,
    0x0142, 0x0040, 0x0081, 0x0061, 0x0081, 0x0020, 0x1D0A, 0x1367, 0x0000, 0x0081, 0x0061, 0x0081,
    0x0061, 0x00E2, 0x1387, 0x1D6B, 0x0061, 0x0061, 0x0081, 0x0000, 0x0A04, 0x1D4B, 0x0000, 0x0081,
    0x0061, 0x0061, 0x0081, 0x0020, 0x0AA5, 0x1D2B, 0x09C4, 0x0020, 0x0081, 0x0061, 0x0061, 0x0061,
    0x0041, 0x0061, 0x0061, 0x0061, 0x0081, 0x0081, 0x0000, 0x1428, 0x2F50, 0x37B1, 0x3FF4, 0x3FF4,
    0x3FF4, 0x3FF4, 0x3FF4, 0x3FF4, 0x3FF3, 0x3FF3, 0x3FF4, 0x3FF4, 0x3FF4, 0x3FF4, 0x3FF3, 0x3FF3,
    0x3FF3, 0x3FF4, 0x3FF4, 0x3FF4, 0x3FF4, 0x3FF4, 0x3FF3, 0x3FF3, 0x3FF4, 0x3FF4, 0x3FF4, 0x3FF4,
    0x3FF4, 0x3FF4, 0x3FF2, 0x3FF3, 0x3FF4, 0x3FF4, 0x3FF4, 0x3FF4, 0x3FF4, 0x3FF3, 0x3FF3, 0x3FF3,
    0x3FF3, 0x3FF4, 0x3FF4, 0x3FF4, 0x3FF4, 0x3FF3, 0x3FF3, 0x3FF3, 0x3FF3, 0x3FF4, 0x3FF4, 0x3FF4,
    0x3FF4, 0x3FF3, 0x3FF3, 0x3FF4, 0x3FF4, 0x3FF4, 0x3FF4, 0x3FF4, 0x3FF4, 0x3FF3, 0x3FF4, 0x3FF4,
    0x3FF4, 0x3FF4, 0x3FF4, 0x3FF4, 0x3FF3, 0x3FF3, 0x3FF3, 0x3FF4, 0x3FF4, 0x3FF4, 0x3FF4, 0x3FF4,
    0x3FF4, 0x3FF4, 0x3FF4, 0x3FF4, 0x3FF4, 0x3FF4, 0x3FF4, 0x3FF3, 0x3FF3, 0x3FF3, 0x3FF4, 0x3FF4,
    0x3FF4, 0x3FF4, 0x3FF4, 0x3FF3, 0x3FF3, 0x3FF4, 0x3FF4, 0x3FF4, 0x3FF4, 0x3FF4, 0x3FF4, 0x3FF3,
    0x3FF4, 0x3FF4, 0x3FF2, 0x2E4E, 0x12E6, 0x0020, 0x0040, 0x0000, 0x0020, 0x0081, 0x0061, 0x0061,
    0x0081, 0x0000, 0x0A45, 0x1CEA, 0x0000, 0x0081, 0x0061, 0x0061, 0x0081, 0x0000, 0x1C89, 0x1347,
    0x0000, 0x0081, 0x0061, 0x0081, 0x0000, 0x0A85, 0x2FF0, 0x1D0A, 0x0061, 0x0061, 0x0081, 0x0000,
    0x0A85, 0x1D6B, 0x0000, 0x0081, 0x0061, 0x0061, 0x0061, 0x0061, 0x0020, 0x0000, 0x0020, 0x0061,
    0x0061, 0x0061, 0x0061, 0x0061, 0x0061, 0x0061, 0x0061, 0x0061, 0x0081, 0x0000, 0x1306, 0x3751,
    0x37D1, 0x258C, 0x1306, 0x12E6, 0x12E6, 0x12E6, 0x12E6, 0x12A6, 0x25AC, 0x1BE8, 0x12A6, 0x12E6,
    0x1306, 0x12A6, 0x1C89, 0x2F6F, 0x1C49, 0x12A6, 0x12E6, 0x12E6, 0x1306, 0x12A6, 0x256B, 0x1CAA,
    0x12A6, 0x12E6, 0x12E6, 0x12E6, 0x12E6, 0x12E6, 0x25EC, 0x1C29, 0x12A6, 0x1306, 0x12E6, 0x1306,
    0x12A6, 0x1CAA, 0x1D0B, 0x1C89, 0x254B, 0x12A6, 0x1306, 0x12E6, 0x12E6, 0x1306, 0x12E6, 0x1306,
    0x12E6, 0x12E6, 0x12E6, 0x12E6, 0x12A6, 0x1D0A, 0x1C49, 0x12A6, 0x1306, 0x12E6, 0x12E6, 0x12E6,
    0x1306, 0x256B, 0x1347, 0x12E6, 0x12E6, 0x12E6, 0x12E6, 0x12E6, 0x13A8, 0x256B, 0x264D, 0x1BE8,
    0x12C6, 0x12E6, 0x12E6, 0x12E6, 0x12A6, 0x12E6, 0x12E6, 0x12E6, 0x12E6, 0x1306, 0x12A6, 0x1C89,
    0x25CC, 0x12C6, 0x12E6, 0x12E6, 0x12E6, 0x1306, 0x12A6, 0x1BE8, 0x256B, 0x12A6, 0x12E6, 0x12E6,
    0x12E6, 0x12E6, 0x1307, 0x258C, 0x1327, 0x12A6, 0x1C8A, 0x3750, 0x3FF3, 0x24EB, 0x00C1, 0x1326,
    0x0163, 0x0040, 0x0061, 0x0061, 0x0061, 0x0020, 0x1D6B, 0x1387, 0x0000, 0x0081, 0x0061, 0x0061,
    0x0081, 0x0000, 0x1C89, 0x1347, 0x0000, 0x0081, 0x0061, 0x0061, 0x0061, 0x0041, 0x0143, 0x1429,
    0x0061, 0x0061, 0x0081, 0x0000, 0x0A04, 0x1D4B, 0x0000, 0x0081, 0x0061, 0x0061, 0x0061, 0x0061,
    0x0081, 0x0081, 0x0061, 0x0061, 0x0061, 0x0061, 0x0061, 0x0061, 0x0061, 0x0061, 0x0061, 0x0081,
    0x0000, 0x12C6, 0x3FF3, 0x37F2, 0x1C69, 0x0000, 0x0020, 0x0000, 0x0000, 0x0000, 0x0020, 0x0000,
    0x1CA9, 0x09C3, 0x0000, 0x0020, 0x0020, 0x0000, 0x0081, 0x0AE6, 0x1D0A, 0x13A7, 0x0000, 0x0020,
    0x0020, 0x0000, 0x1387, 0x1D8B, 0x0040, 0x0000, 0x0020, 0x0020, 0x0000, 0x00E2, 0x13A7, 0x0081,
    0x0000, 0x0020, 0x0000, 0x0020, 0x0000, 0x1326, 0x1346, 0x0A24, 0x1428, 0x0000, 0x0020, 0x0000,
    0x0000, 0x0000, 0x0000, 0x0000, 0x0000, 0x0000, 0x0000, 0x0020, 0x0000, 0x1346, 0x0A44, 0x0000,
    0x0020, 0x0000, 0x0000, 0x0000, 0x0040, 0x1408, 0x0081, 0x0000, 0x0020, 0x0000, 0x0020, 0x0000,
    0x1346, 0x1367, 0x0102, 0x0020, 0x0000, 0x0020, 0x0000, 0x00E2, 0x1326, 0x0061, 0x0000, 0x0020,
    0x0000, 0x0020, 0x0000, 0x09C3, 0x1C89, 0x0020, 0x0000, 0x0020, 0x0000, 0x0020, 0x0000, 0x1448,
    0x0AE6, 0x0000, 0x0020, 0x0000, 0x0020, 0x0000, 0x0040, 0x1448, 0x0061, 0x0000, 0x0000, 0x0061,
    0x252C, 0x3FF4, 0x2E6E, 0x26EE, 0x0A04, 0x0020, 0x0081, 0x0061, 0x0081, 0x0000, 0x1326, 0x1C69,
    0x0000, 0x0081, 0x0061, 0x0061, 0x0081, 0x0020, 0x1CEA, 0x1347, 0x0000, 0x0081, 0x0061, 0x0061,
    0x0061, 0x0061, 0x0020, 0x0000, 0x0061, 0x0061, 0x0061, 0x0041, 0x260C, 0x25EC, 0x0000, 0x0081,
    0x0061, 0x0061, 0x0061, 0x0061, 0x0000, 0x0000, 0x0061, 0x0061, 0x0061, 0x0061, 0x0061, 0x0061,
    0x0061, 0x0061, 0x0061, 0x0040, 0x0102, 0x3751, 0x2EAF, 0x0AA5, 0x1428, 0x0041, 0x00A1, 0x00A1,
    0x00A1, 0x00A1, 0x00A1, 0x0061, 0x1CA9, 0x0A24, 0x0041, 0x00A1, 0x00A1, 0x00A1, 0x0081, 0x0020,
    0x00C2, 0x09C4, 0x00A1, 0x00A1, 0x00A1, 0x00A1, 0x00C2, 0x0102, 0x00A1, 0x00A1, 0x00A1, 0x00A1,
    0x00A1, 0x00A1, 0x0041, 0x0061, 0x00A1, 0x00A1, 0x00A1, 0x00C1, 0x0040, 0x0AC6, 0x1CCA, 0x1449,
    0x1387, 0x0020, 0x00C1, 0x00A1, 0x00A1, 0x00C1, 0x00A1, 0x00A1, 0x00A1, 0x00A1, 0x00A1, 0x00A1,
    0x0061, 0x13E8, 0x0AA5, 0x0040, 0x00A1, 0x00A1, 0x00A1, 0x00A1, 0x0081, 0x1449, 0x0122, 0x0081,
    0x00A1, 0x00A1, 0x00A1, 0x00A1, 0x00A1, 0x0040, 0x0061, 0x00A1, 0x00A1, 0x00A1, 0x00A1, 0x0081,
    0x1CA9, 0x0A45, 0x0041, 0x00C1, 0x00A1, 0x00A1, 0x00A1, 0x0081, 0x1CEA, 0x0142, 0x0081, 0x00A1,
    0x00A1, 0x00A1, 0x0041, 0x12E6, 0x13E8, 0x0020, 0x00C1, 0x00A1, 0x00A1, 0x0081, 0x00E2, 0x1C89,
    0x0102, 0x0081, 0x00A1, 0x0061, 0x0020, 0x252B, 0x3FF4, 0x1C89, 0x0000, 0x0081, 0x0061, 0x0061,
    0x0081, 0x0000, 0x09C4, 0x260C, 0x0061, 0x0061, 0x0061, 0x0081, 0x0020, 0x09E4, 0x2F50, 0x0AA5,
    0x0000, 0x0081, 0x0061, 0x0061, 0x0061, 0x0061, 0x0081, 0x0081, 0x0061, 0x0061, 0x0061, 0x0061,
    0x1306, 0x0A24, 0x0040, 0x0061, 0x0061, 0x0061, 0x0061, 0x0061, 0x1D0A, 0x1428, 0x0020, 0x0081,
    0x0061, 0x0061, 0x0061, 0x0061, 0x0061, 0x0061, 0x0081, 0x0000, 0x1BC8, 0x3FF4, 0x0A04, 0x1C89,
    0x1D0A, 0x0000, 0x0081, 0x0081, 0x0081, 0x0081, 0x0081, 0x0081, 0x00C1, 0x00A1, 0x0081, 0x0081,
    0x0081, 0x0081, 0x0081, 0x00A1, 0x0081, 0x0040, 0x0081, 0x0081, 0x0081, 0x0081, 0x0061, 0x0081,
    0x0081, 0x0081, 0x0081, 0x0081, 0x0081, 0x0081, 0x0081, 0x0102, 0x00A1, 0x0081, 0x0081, 0x0081,
    0x0081, 0x0081, 0x13A7, 0x1428, 0x00C1, 0x0061, 0x0081, 0x0081, 0x0081, 0x0020, 0x0020, 0x0081,
    0x0081, 0x0081, 0x0081, 0x0040, 0x09A3, 0x25CC, 0x0A24, 0x0020, 0x0081, 0x0081, 0x0081, 0x0061,
    0x09E4, 0x1D2A, 0x00E2, 0x0061, 0x0081, 0x0081, 0x0081, 0x0081, 0x0081, 0x00A1, 0x0081, 0x0081,
    0x0081, 0x0081, 0x00A1, 0x0000, 0x1347, 0x1326, 0x0020, 0x0081, 0x0081, 0x0081, 0x0081, 0x0040,
    0x1428, 0x1367, 0x0020, 0x00A1, 0x0081, 0x0081, 0x0040, 0x09C3, 0x1D2A, 0x0081, 0x0081, 0x0081,
    0x0081, 0x0061, 0x00C1, 0x1C69, 0x00A1, 0x0061, 0x0081, 0x0081, 0x0061, 0x0041, 0x3750, 0x2E6E,
    0x0020, 0x0061, 0x0061, 0x0061, 0x0061, 0x0061, 0x0081, 0x1C69, 0x09E4, 0x0020, 0x0081, 0x0061,
    0x0061, 0x0081, 0x00E2, 0x0081, 0x0061, 0x0061, 0x0061, 0x0061, 0x0061, 0x0061, 0x0061, 0x0061,
    0x0061, 0x0061, 0x0061, 0x0061, 0x0000, 0x0020, 0x0081, 0x0061, 0x0061, 0x0061, 0x0061, 0x00A1,
    0x26CE, 0x0AC6, 0x0020, 0x0081, 0x0061, 0x0061, 0x0061, 0x0061, 0x0061, 0x0061, 0x0061, 0x0040,
    0x2E8E, 0x2F2F, 0x0061, 0x0AA5, 0x0A04, 0x0041, 0x0081, 0x0081, 0x0081, 0x0081, 0x0081, 0x0081,
    0x0081, 0x0081, 0x0081, 0x0081, 0x0081, 0x0081, 0x0081, 0x0081, 0x0081, 0x0081, 0x0081, 0x0081,
    0x0081, 0x0081, 0x0081, 0x0000, 0x0041, 0x0081, 0x0081, 0x0081, 0x0081, 0x0020, 0x0A85, 0x1CEA,
    0x0081, 0x0061, 0x0081, 0x0081, 0x0081, 0x0081, 0x0020, 0x0020, 0x0061, 0x0081, 0x0081, 0x0081,
    0x0061, 0x1326, 0x0A65, 0x0020, 0x0040, 0x0081, 0x0081, 0x0081, 0x00A1, 0x0102, 0x00A1, 0x0081,
    0x0081, 0x0081, 0x0081, 0x0040, 0x0AC6, 0x1408, 0x00A1, 0x0061, 0x0081, 0x0081, 0x0081, 0x0081,
    0x0081, 0x00A1, 0x0081, 0x0081, 0x0081, 0x0081, 0x0081, 0x0020, 0x0A65, 0x1CCA, 0x0081, 0x0081,
    0x0081, 0x0081, 0x0081, 0x0061, 0x0081, 0x00E2, 0x0081, 0x0081, 0x0081, 0x0081, 0x0061, 0x00A1,
    0x13E8, 0x09C4, 0x0040, 0x0081, 0x0081, 0x0061, 0x00A1, 0x1D8B, 0x1347, 0x0020, 0x0081, 0x0061,
    0x00A1, 0x0000, 0x1C8A, 0x3FF2, 0x0983, 0x0020, 0x0081, 0x0061, 0x0061, 0x0061, 0x0040, 0x0000,
    0x0041, 0x0061, 0x0061, 0x0061, 0x0061, 0x0061, 0x0041, 0x0081, 0x0061, 0x0061, 0x0061, 0x0061,
    0x0061, 0x0061, 0x0081, 0x0081, 0x0061, 0x0061, 0x0061, 0x0061, 0x00A1, 0x0061, 0x0000, 0x0020,
    0x0061, 0x0061, 0x0041, 0x00C1, 0x25CC, 0x00A1, 0x0041, 0x0061, 0x0061, 0x0061, 0x0061, 0x0061,
    0x0061, 0x0061, 0x0041, 0x00C2, 0x37F2, 0x256C, 0x0000, 0x0000, 0x0000, 0x0061, 0x0061, 0x0061,
    0x0061, 0x0081, 0x0081, 0x0081, 0x0020, 0x0061, 0x0081, 0x0081, 0x0081, 0x0081, 0x0081, 0x0081,
    0x0081, 0x0081, 0x0081, 0x0081, 0x0081, 0x0040, 0x1428, 0x1428, 0x0122, 0x0061, 0x0081, 0x0081,
    0x00A1, 0x0000, 0x13E8, 0x1326, 0x0000, 0x00A1, 0x0081, 0x0081, 0x0081, 0x0081, 0x00A1, 0x0081,
    0x0081, 0x0081, 0x0081, 0x0081, 0x0041, 0x0A45, 0x1CA9, 0x1D4B, 0x09C4, 0x0040, 0x0081, 0x0081,
    0x0061, 0x0000, 0x0061, 0x0081, 0x0081, 0x0081, 0x0081, 0x0081, 0x0040, 0x0020, 0x0081, 0x0081,
    0x0081, 0x0081, 0x0081, 0x0081, 0x0040, 0x0000, 0x0061, 0x0081, 0x0081, 0x0081, 0x00A1, 0x0000,
    0x13C8, 0x0A85, 0x0000, 0x0081, 0x0081, 0x0081, 0x0081, 0x0081, 0x0081, 0x0081, 0x0081, 0x0081,
    0x0081, 0x0081, 0x0081, 0x0061, 0x0000, 0x0061, 0x0081, 0x0081, 0x0081, 0x0061, 0x0081, 0x0A44,
    0x0A04, 0x0041, 0x0081, 0x0061, 0x0081, 0x0000, 0x12A6, 0x3FF4, 0x12E6, 0x0000, 0x0081, 0x0061,
    0x0061, 0x0061, 0x00E2, 0x00C2, 0x0061, 0x0061, 0x0061, 0x0061, 0x0061, 0x0061, 0x0061, 0x0000,
    0x0040, 0x0081, 0x0061, 0x0061, 0x0061, 0x0061, 0x0020, 0x0000, 0x0061, 0x0061, 0x0061, 0x0081,
    0x0000, 0x0061, 0x1387, 0x0A85, 0x0020, 0x0081, 0x0041, 0x00C1, 0x25EC, 0x0122, 0x0040, 0x0061,
    0x0061, 0x0061, 0x0061, 0x0061, 0x0061, 0x0061, 0x0041, 0x00C1, 0x37F1, 0x25AC, 0x0000, 0x09E4,
    0x1306, 0x0081, 0x0061, 0x0061, 0x0061, 0x0061, 0x0061, 0x0000, 0x09E4, 0x0102, 0x0041, 0x0081,
    0x0061, 0x0061, 0x0061, 0x0061, 0x0061, 0x0061, 0x0061, 0x0061, 0x0081, 0x0081, 0x0923, 0x1C69,
    0x2F2F, 0x12A5, 0x0020, 0x00A1, 0x0061, 0x00C2, 0x1D4B, 0x09C3, 0x0041, 0x00A1, 0x0081, 0x0061,
    0x0081, 0x0020, 0x0000, 0x0081, 0x0081, 0x0081, 0x0081, 0x00A1, 0x0061, 0x0A65, 0x1CCA, 0x1D4B,
    0x09C3, 0x0041, 0x00A1, 0x0061, 0x0163, 0x1C08, 0x00E2, 0x0081, 0x00A1, 0x0081, 0x0081, 0x0081,
    0x00A1, 0x00A1, 0x0061, 0x0020, 0x0081, 0x0061, 0x0081, 0x0040, 0x12E6, 0x1CEA, 0x00C1, 0x0061,
    0x0081, 0x0081, 0x0061, 0x00C2, 0x256B, 0x0A04, 0x0020, 0x0081, 0x0061, 0x0061, 0x0061, 0x0081,
    0x0040, 0x0000, 0x0081, 0x0081, 0x0061, 0x0081, 0x0061, 0x00A1, 0x0102, 0x0081, 0x0061, 0x0061,
    0x0061, 0x0061, 0x0061, 0x0000, 0x0000, 0x0061, 0x0061, 0x0061, 0x0081, 0x0000, 0x12E6, 0x3FF4,
    0x12C6, 0x0000, 0x0081, 0x0061, 0x0061, 0x0061, 0x266D, 0x1D2B, 0x0000, 0x0081, 0x0061, 0x0061,
    0x0061, 0x0061, 0x00A1, 0x1326, 0x25EC, 0x0142, 0x0040, 0x0081, 0x0061, 0x0041, 0x0143, 0x1429,
    0x0061, 0x0061, 0x0081, 0x0020, 0x1387, 0x262D, 0x1CAA, 0x0183, 0x0040, 0x0081, 0x0041, 0x00C1,
    0x25CC, 0x00A1, 0x0041, 0x0061, 0x0061, 0x0061, 0x0061, 0x0061, 0x0061, 0x0061, 0x0040, 0x00C1,
    0x37F1, 0x25AC, 0x0000, 0x1CAA, 0x260C, 0x0081, 0x0061, 0x0061, 0x0061, 0x0081, 0x0040, 0x1387,
    0x2F2F, 0x09E4, 0x0020, 0x0081, 0x0061, 0x0061, 0x0061, 0x0061, 0x0061, 0x0061, 0x0061, 0x0081,
    0x0040, 0x0000, 0x0366, 0x0CC9, 0x02A4, 0x0060, 0x0000, 0x0061, 0x0061, 0x00C1, 0x1D4B, 0x09C3,
    0x0000, 0x0000, 0x0020, 0x0081, 0x0020, 0x1347, 0x1D2B, 0x0060, 0x0000, 0x0000, 0x0000, 0x0000,
    0x0000, 0x1346, 0x0A65, 0x0000, 0x0040, 0x0040, 0x0000, 0x0020, 0x0040, 0x14C9, 0x0223, 0x0000,
    0x0000, 0x0000, 0x0000, 0x0000, 0x0000, 0x0000, 0x0080, 0x09A3, 0x0061, 0x0061, 0x00A1, 0x0000,
    0x0C47, 0x0C27, 0x0020, 0x0081, 0x0061, 0x0081, 0x0040, 0x0102, 0x01C3, 0x0000, 0x0040, 0x0081,
    0x0061, 0x0061, 0x0081, 0x0060, 0x0102, 0x1428, 0x1C69, 0x0040, 0x0081, 0x0081, 0x0000, 0x1408,
    0x266D, 0x00A1, 0x0060, 0x0081, 0x0061, 0x0061, 0x0061, 0x00C1, 0x0A85, 0x00A1, 0x0061, 0x0061,
    0x0081, 0x0000, 0x12C6, 0x3FF4, 0x12C6, 0x0000, 0x0081, 0x0061, 0x0081, 0x0000, 0x0AC6, 0x1D6B,
    0x0000, 0x0081, 0x0061, 0x0061, 0x0040, 0x00C1, 0x270E, 0x264D, 0x0A24, 0x0061, 0x0061, 0x0081,
    0x0020, 0x0A85, 0x2FF0, 0x1D0A, 0x0061, 0x0061, 0x0081, 0x0020, 0x1387, 0x264D, 0x1CAA, 0x0983,
    0x0040, 0x0081, 0x0061, 0x0081, 0x2F4F, 0x1C69, 0x0000, 0x0081, 0x0061, 0x0061, 0x0061, 0x0061,
    0x0061, 0x0061, 0x0040, 0x00C1, 0x37F1, 0x25AC, 0x0000, 0x1C89, 0x0A85, 0x0000, 0x0081, 0x0061,
    0x0061, 0x0061, 0x00A1, 0x0AA5, 0x1D8B, 0x0A04, 0x0000, 0x0081, 0x0061, 0x0061, 0x0061, 0x0061,
    0x0061, 0x0061, 0x0061, 0x0040, 0x21A5, 0x52EB, 0x542D, 0x4B2A, 0x4249, 0x42A9, 0x3228, 0x08C2,
    0x0020, 0x0000, 0x1408, 0x1347, 0x39E7, 0x530B, 0x21A5, 0x0040, 0x0040, 0x0A24, 0x1E6C, 0x2206,
    0x63AD, 0x8D12, 0x9553, 0x7C90, 0x42C9, 0x0000, 0x0000, 0x0081, 0x0040, 0x29C6, 0x52EB, 0x3A68,
    0x0000, 0x3C6B, 0x546D, 0x4289, 0x4AEA, 0x4AEA, 0x4AEA, 0x4AEA, 0x42A9, 0x534B, 0x458E, 0x13A7,
    0x0040, 0x0081, 0x0040, 0x2165, 0x6590, 0x540C, 0x0861, 0x0060, 0x0061, 0x0061, 0x0060, 0x08A2,
    0x4269, 0x4AEB, 0x1124, 0x0040, 0x0061, 0x0081, 0x0000, 0x0A45, 0x2F4F, 0x1C89, 0x0122, 0x0041,
    0x0061, 0x0081, 0x0000, 0x1C89, 0x1326, 0x0000, 0x0081, 0x0061, 0x0061, 0x0081, 0x0000, 0x1347,
    0x1CA9, 0x0040, 0x0061, 0x0061, 0x0081, 0x0000, 0x12C6, 0x3FF4, 0x1327, 0x0000, 0x0081, 0x0061,
    0x0081, 0x0000, 0x0A45, 0x1D4B, 0x0000, 0x0081, 0x0061, 0x0061, 0x0061, 0x0061, 0x0A85, 0x1CEA,
    0x25CC, 0x0102, 0x0040, 0x0081, 0x0041, 0x00E2, 0x1387, 0x1D6B, 0x0061, 0x0061, 0x0061, 0x0081,
    0x0000, 0x0061, 0x1387, 0x0A85, 0x0020, 0x0081, 0x0061, 0x0061, 0x0AE6, 0x0A85, 0x0040, 0x0061,
    0x0061, 0x0061, 0x0061, 0x0061, 0x0061, 0x0061, 0x0040, 0x00C1, 0x37F1, 0x25AC, 0x0000, 0x1CA9,
    0x1306, 0x0000, 0x0081, 0x0061, 0x0061, 0x0061, 0x0081, 0x0000, 0x1D2A, 0x0A24, 0x0000, 0x0081,
    0x0061, 0x0061, 0x0061, 0x0061, 0x0061, 0x0061, 0x0081, 0x0000, 0x744F, 0xFFFF, 0xEFFE, 0xFFFF,
    0xFFFF, 0xFFFF, 0xEFFE, 0xC6FA, 0x4AEA, 0x0000, 0x0AA5, 0x256B, 0xC73A, 0xFFFF, 0x744F, 0x0000,
    0x0081, 0x0000, 0x6E11, 0xDFDC, 0xFFFF, 0xFFFF, 0xFFFF, 0xFFFF, 0xEFFF, 0xA5F6, 0x08E2, 0x0061,
    0x0000, 0x84D1, 0xFFFF, 0xBEB8, 0x0000, 0xA595, 0xFFFF, 0xFFFF, 0xFFFF, 0xEFFF, 0xEFFF, 0xFFFF,
    0xFFFF, 0xFFFF, 0xAEF7, 0x0101, 0x0061, 0x0081, 0x0020, 0xAE57, 0xF7FF, 0xF7FF, 0x5B6C, 0x0000,
    0x0081, 0x0081, 0x0020, 0x2185, 0xE7FE, 0xFFFF, 0x4269, 0x0000, 0x0081, 0x0061, 0x0041, 0x00E2,
    0x1326, 0x1D4B, 0x1428, 0x0020, 0x0061, 0x0081, 0x0000, 0x1C89, 0x0AC6, 0x0000, 0x0081, 0x0061,
    0x0061, 0x0081, 0x0000, 0x1428, 0x0AA5, 0x0000, 0x0081, 0x0061, 0x0081, 0x0000, 0x12C6, 0x3FF4,
    0x1C29, 0x0000, 0x0081, 0x0061, 0x0081, 0x0000, 0x0A45, 0x1D4B, 0x0000, 0x0081, 0x0061, 0x0061,
    0x0061, 0x0061, 0x0000, 0x0020, 0x09C4, 0x00C2, 0x0040, 0x0061, 0x0061, 0x0040, 0x0000, 0x0081,
    0x0061, 0x0061, 0x0061, 0x0061, 0x0081, 0x0061, 0x0000, 0x0020, 0x0061, 0x0061, 0x0061, 0x0061,
    0x0000, 0x0000, 0x0061, 0x0061, 0x0061, 0x0061, 0x0061, 0x0061, 0x0061, 0x0061, 0x0040, 0x00C1,
    0x37F1, 0x25AC, 0x0000, 0x1CAA, 0x0A85, 0x0000, 0x0081, 0x0061, 0x0061, 0x0061, 0x0061, 0x0020,
    0x25CC, 0x0A45, 0x0000, 0x0061, 0x0061, 0x0061, 0x0061, 0x0061, 0x0061, 0x0061, 0x0081, 0x0000,
    0x6C0E, 0xEFDF, 0xCF7B, 0x9594, 0x9573, 0x9DB4, 0xCF7B, 0xEFFF, 0xE7FE, 0x3A48, 0x0000, 0x0923,
    0xBEB8, 0xF7FF, 0x6BEE, 0x0000, 0x0000, 0x532B, 0xEFFE, 0xEFFE, 0xAE36, 0x5B6C, 0x4AEA, 0x8D12,
    0xDFFD, 0xF7FF, 0x9553, 0x0000, 0x0000, 0x7C70, 0xF7DF, 0xAE57, 0x0000, 0x64CF, 0xA656, 0x9532,
    0xA5F5, 0xDFDD, 0xDFDD, 0xA5F5, 0x9533, 0x9D54, 0x6D70, 0x0C28, 0x0041, 0x0020, 0x29C6, 0xE7DD,
    0xD7DC, 0xE7DE, 0xAE56, 0x0040, 0x0061, 0x0061, 0x0020, 0x1944, 0xD79B, 0xEFDE, 0x552E, 0x00C1,
    0x0041, 0x0061, 0x0061, 0x0040, 0x0000, 0x00A1, 0x09C3, 0x0061, 0x0061, 0x0081, 0x0000, 0x1C89,
    0x0AC6, 0x0000, 0x0081, 0x0061, 0x0061, 0x0020, 0x0122, 0x25EC, 0x0163, 0x0020, 0x0061, 0x0061,
    0x0081, 0x0000, 0x12A6, 0x3FF4, 0x12A6, 0x0000, 0x0081, 0x0061, 0x0061, 0x0000, 0x0AC6, 0x1D6B,
    0x0000, 0x0081, 0x0061, 0x0061, 0x0061, 0x0061, 0x0081, 0x0061, 0x0020, 0x0041, 0x0061, 0x0061,
    0x0061, 0x0061, 0x0081, 0x0061, 0x0061, 0x0061, 0x0061, 0x0061, 0x0061, 0x0061, 0x0081, 0x0061,
    0x0061, 0x0061, 0x0061, 0x0061, 0x0AE6, 0x0A85, 0x0040, 0x0061, 0x0061, 0x0061, 0x0061, 0x0061,
    0x0061, 0x0061, 0x0040, 0x00C1, 0x37F1, 0x25AC, 0x0000, 0x1D0A, 0x1CEA, 0x0040, 0x0061, 0x0061,
    0x0061, 0x0061, 0x0061, 0x0040, 0x0A04, 0x0102, 0x0040, 0x0061, 0x0061, 0x0061, 0x0061, 0x0061,
    0x0061, 0x0061, 0x0081, 0x0000, 0x6C0E, 0xF7FF, 0xB677, 0x0000, 0x0000, 0x0000, 0x1924, 0xBEB8,
    0xF7FF, 0xAE57, 0x0040, 0x0081, 0xBEB8, 0xF7FF, 0x6C0E, 0x0000, 0x08C2, 0xC73A, 0xF7FF, 0x9D94,
    0x0020, 0x0000, 0x0000, 0x0000, 0x7470, 0xF7FF, 0xD75B, 0x21A5, 0x0000, 0x7C90, 0xFFFF, 0xAE36,
    0x00C1, 0x1DEB, 0x01E3, 0x0000, 0x21A5, 0xE7FD, 0xE7FD, 0x21A5, 0x0000, 0x0000, 0x0000, 0x0061,
    0x0081, 0x0000, 0x7C90, 0xFFFF, 0x8F97, 0xC7FB, 0xEFFE, 0x2A07, 0x0000, 0x0081, 0x0020, 0x1964,
    0xD7BC, 0xEFFE, 0x4CAD, 0x0060, 0x0061, 0x0061, 0x0061, 0x0061, 0x0081, 0x0061, 0x0020, 0x0061,
    0x0061, 0x0081, 0x0000, 0x1CAA, 0x1347, 0x0000, 0x0061, 0x0061, 0x0061, 0x0061, 0x0040, 0x1CCA,
    0x0A45, 0x0000, 0x0081, 0x0061, 0x0081, 0x0000, 0x1347, 0x3FF4, 0x12C6, 0x0000, 0x0081, 0x0061,
    0x0061, 0x0061, 0x268D, 0x1D4B, 0x0000, 0x0081, 0x0061, 0x0061, 0x0061, 0x0061, 0x0061, 0x0081,
    0x0081, 0x0061, 0x0061, 0x0061, 0x0061, 0x0061, 0x0061, 0x0081, 0x0061, 0x0061, 0x0061, 0x0061,
    0x0061, 0x0061, 0x0061, 0x0061, 0x0061, 0x0061, 0x0041, 0x0081, 0x2F4F, 0x1C69, 0x0000, 0x0081,
    0x0061, 0x0061, 0x0061, 0x0061, 0x0061, 0x0061, 0x0040, 0x00C1, 0x37F1, 0x25AC, 0x0000, 0x1347,
    0x1D8B, 0x00A1, 0x0040, 0x0061, 0x0061, 0x0061, 0x0061, 0x0061, 0x0000, 0x0040, 0x0061, 0x0061,
    0x0061, 0x0061, 0x0061, 0x0061, 0x0061, 0x0061, 0x0081, 0x0000, 0x6C0E, 0xF7FF, 0xBF19, 0x1327,
    0x00A1, 0x0081, 0x0000, 0x532B, 0xEFFF, 0xDFDC, 0x1964, 0x0000, 0xBEB8, 0xF7FF, 0x6C0E, 0x0000,
    0x4ACA, 0xEFFE, 0xDFDD, 0x29C6, 0x0000, 0x00A1, 0x0061, 0x0040, 0x0081, 0x3AC9, 0x3E6F, 0x1C49,
    0x0000, 0x7CB0, 0xFFFF, 0xAE16, 0x0102, 0x0A85, 0x00A2, 0x0020, 0x3207, 0xE7FD, 0xE7FD, 0x3207,
    0x0020, 0x0081, 0x0081, 0x0061, 0x0040, 0x08A2, 0xC73A, 0xEFFE, 0x2AE8, 0x85B3, 0xFFFF, 0x84D1,
    0x0000, 0x0081, 0x0020, 0x1964, 0xD7BC, 0xEFFE, 0x4CCD, 0x0060, 0x0061, 0x0061, 0x0061, 0x0061,
    0x0081, 0x0061, 0x0061, 0x0061, 0x0061, 0x0081, 0x0000, 0x1C49, 0x26EE, 0x00A1, 0x0040, 0x0061,
    0x0061, 0x0081, 0x0000, 0x1408, 0x1428, 0x0000, 0x0081, 0x0061, 0x0081, 0x0000, 0x1347, 0x3FF4,
    0x12C6, 0x0000, 0x0081, 0x0061, 0x0061, 0x0061, 0x00E2, 0x00C2, 0x0061, 0x0061, 0x0061, 0x0061,
    0x0061, 0x0061, 0x0081, 0x0000, 0x0040, 0x0061, 0x0061, 0x0061, 0x0061, 0x0061, 0x0061, 0x0000,
    0x0061, 0x0061, 0x0061, 0x0061, 0x0061, 0x0081, 0x0020, 0x0020, 0x0061, 0x0061, 0x0041, 0x00C1,
    0x25CC, 0x0081, 0x0041, 0x0061, 0x0061, 0x0061, 0x0061, 0x0061, 0x0061, 0x0061, 0x0040, 0x00C1,
    0x37F1, 0x258C, 0x0000, 0x0041, 0x0000, 0x0061, 0x0061, 0x0061, 0x0061, 0x0061, 0x0041, 0x0040,
    0x0081, 0x0061, 0x0061, 0x0061, 0x0061, 0x0061, 0x0061, 0x0061, 0x0061, 0x0061, 0x0081, 0x0000,
    0x6C0E, 0xF7FF, 0xC7FB, 0x262D, 0x0081, 0x0061, 0x0020, 0x29E6, 0xDFFD, 0xEFFE, 0x3AA9, 0x0AC5,
    0xC79A, 0xF7FF, 0x6C2E, 0x0000, 0x742F, 0xF7FF, 0xC719, 0x08A2, 0x0040, 0x0061, 0x08A2, 0x08E3,
    0x0861, 0x1306, 0x2E6E, 0x1C49, 0x0000, 0x7CB0, 0xFFFF, 0xAE56, 0x0020, 0x0000, 0x0000, 0x0000,
    0x2A07, 0xE7FD, 0xE7FD, 0x2A07, 0x0020, 0x0081, 0x0061, 0x0081, 0x0000, 0x4AEA, 0xF7FF, 0xC6F9,
    0x0000, 0x4228, 0xF7FF, 0xCF5A, 0x10E3, 0x0040, 0x0020, 0x1964, 0xD7BC, 0xEFFE, 0x554E, 0x00C1,
    0x0041, 0x0061, 0x0061, 0x0040, 0x0000, 0x0020, 0x0061, 0x0061, 0x0061, 0x0061, 0x0061, 0x00A1,
    0x00E2, 0x0061, 0x0061, 0x0061, 0x0061, 0x0061, 0x0020, 0x09A3, 0x1C89, 0x00A1, 0x0041, 0x0061,
    0x0081, 0x0000, 0x12A6, 0x3FF4, 0x12A6, 0x0000, 0x0081, 0x0061, 0x0061, 0x0061, 0x0040, 0x0000,
    0x0020, 0x0061, 0x0061, 0x0061, 0x0061, 0x0061, 0x0000, 0x0A04, 0x0102, 0x0040, 0x0061, 0x0061,
    0x0061, 0x0020, 0x0061, 0x0A65, 0x0061, 0x0061, 0x0061, 0x0061, 0x0020, 0x0000, 0x0143, 0x0163,
    0x0040, 0x0061, 0x0041, 0x00A1, 0x260C, 0x0102, 0x0040, 0x0061, 0x0061, 0x0061, 0x0061, 0x0061,
    0x0061, 0x0061, 0x0040, 0x00C1, 0x37F1, 0x258C, 0x0000, 0x0040, 0x0061, 0x0081, 0x0061, 0x0061,
    0x0061, 0x0041, 0x00A1, 0x00C1, 0x0040, 0x0061, 0x0061, 0x0061, 0x0061, 0x0061, 0x0061, 0x0061,
    0x0061, 0x0061, 0x0081, 0x0000, 0x6C0E, 0xF7FF, 0xC7FB, 0x0A24, 0x0000, 0x0081, 0x0020, 0x21A5,
    0xDFFC, 0xEFFE, 0x67D4, 0x1E2C, 0xBF19, 0xF7FF, 0x6C0E, 0x0000, 0x7C90, 0xF7FF, 0xBEB8, 0x0081,
    0x0061, 0x0000, 0x9574, 0xE7BD, 0xD79B, 0xD77B, 0xE77D, 0x5C6E, 0x0000, 0x7CB0, 0xFFFF, 0xAE56,
    0x0040, 0x00C2, 0x12C6, 0x0040, 0x29E6, 0xE7FD, 0xE7FD, 0x2A07, 0x0000, 0x0000, 0x0020, 0x0061,
    0x0020, 0x9DB4, 0xFFFF, 0x740F, 0x0000, 0x1306, 0xCFBB, 0xF7FF, 0x534C, 0x0000, 0x0040, 0x1964,
    0xD7BC, 0xEFFE, 0x3A28, 0x0000, 0x0081, 0x0061, 0x0040, 0x00E2, 0x1307, 0x0163, 0x0040, 0x0061,
    0x0061, 0x0061, 0x0061, 0x0041, 0x0061, 0x0061, 0x0061, 0x0061, 0x0061, 0x0061, 0x0061, 0x0040,
    0x0000, 0x0061, 0x0061, 0x0061, 0x0081, 0x0000, 0x12C6, 0x3FF4, 0x1C29, 0x0000, 0x0081, 0x0061,
    0x0061, 0x0061, 0x0020, 0x1367, 0x1326, 0x0020, 0x0061, 0x0061, 0x0061, 0x0040, 0x13E8, 0x2FD0,
    0x0A04, 0x0000, 0x0061, 0x0061, 0x0040, 0x00E2, 0x25CC, 0x2F4F, 0x0061, 0x0061, 0x0061, 0x0040,
    0x09A3, 0x1408, 0x25CC, 0x0A85, 0x0020, 0x0081, 0x0041, 0x00C1, 0x25CC, 0x0081, 0x0041, 0x0061,
    0x0061, 0x0061, 0x0061, 0x0061, 0x0061, 0x0061, 0x0040, 0x00C1, 0x37F1, 0x258C, 0x0000, 0x09E4,
    0x00A1, 0x0000, 0x0040, 0x0061, 0x0061, 0x0020, 0x0163, 0x260C, 0x0983, 0x0020, 0x0061, 0x0061,
    0x0061, 0x0061, 0x0061, 0x0061, 0x0061, 0x0061, 0x0081, 0x0000, 0x6C0E, 0xF7FF, 0xC7FB, 0x12A6,
    0x0000, 0x0081, 0x0020, 0x29E6, 0xDFFD, 0xEFFE, 0x4C4C, 0x1489, 0xC79A, 0xF7FF, 0x6C2F, 0x0000,
    0x6C0E, 0xF7FF, 0xCF3A, 0x08C2, 0x0061, 0x0000, 0x9574, 0xE7BD, 0xD7BC, 0xE7FD, 0xF7FF, 0x648E,
    0x0000, 0x7CB0, 0xFFFF, 0xAE57, 0x0000, 0x13C8, 0x256B, 0x0020, 0x3207, 0xE7FD, 0xE7FD, 0x29C6,
    0x0122, 0x25AC, 0x0A45, 0x0000, 0x21A5, 0xDFBC, 0xE7FE, 0x73EF, 0x4C8D, 0x5F12, 0xB759, 0xF7FF,
    0xAE56, 0x0040, 0x0020, 0x1964, 0xD7BC, 0xEFFE, 0x42A9, 0x0000, 0x0081, 0x0081, 0x0000, 0x0A65,
    0x2F90, 0x0A04, 0x0020, 0x0061, 0x0061, 0x0061, 0x0061, 0x0061, 0x0000, 0x0020, 0x0061, 0x0061,
    0x0061, 0x0061, 0x0061, 0x0040, 0x0102, 0x0081, 0x0061, 0x0061, 0x0081, 0x0000, 0x12C6, 0x3FF4,
    0x1307, 0x0000, 0x0081, 0x0061, 0x0081, 0x0000, 0x1306, 0x2F90, 0x1C69, 0x0000, 0x0081, 0x0061,
    0x0041, 0x00A1, 0x12E6, 0x260C, 0x0A24, 0x0000, 0x0061, 0x0061, 0x0020, 0x0143, 0x13C8, 0x262C,
    0x0061, 0x0061, 0x0081, 0x0000, 0x1CEA, 0x2F90, 0x1367, 0x0081, 0x0061, 0x0061, 0x0041, 0x00A1,
    0x26CE, 0x0AE6, 0x0020, 0x0061, 0x0061, 0x0061, 0x0061, 0x0061, 0x0061, 0x0061, 0x0040, 0x00C1,
    0x37F2, 0x25AC, 0x0000, 0x1C69, 0x258C, 0x1367, 0x0102, 0x0040, 0x0061, 0x0081, 0x0000, 0x1D0A,
    0x0AA5, 0x0000, 0x0081, 0x0061, 0x0061, 0x0061, 0x0061, 0x0061, 0x0061, 0x0061, 0x0081, 0x0000,
    0x6C0E, 0xF7FF, 0xC7FB, 0x1245, 0x0000, 0x08C2, 0x0000, 0x4AEA, 0xEFFF, 0xDFDC, 0x1924, 0x0000,
    0xBED9, 0xF7FF, 0x6C0E, 0x0000, 0x42A9, 0xEFFE, 0xE7FD, 0x3227, 0x0000, 0x0081, 0x08C2, 0x10C2,
    0x1103, 0xCF5B, 0xF7FF, 0x5C0D, 0x0000, 0x7CB0, 0xFFFF, 0xAE77, 0x0000, 0x1C89, 0x1306, 0x0000,
    0x3227, 0xE7FD, 0xE7FD, 0x2986, 0x0244, 0x2E8E, 0x0922, 0x0000, 0x744F, 0xEFFF, 0xE7FD, 0xFFFF,
    0xFFFF, 0xFFFF, 0xF7FE, 0xE7FD, 0xE7FD, 0x3207, 0x0000, 0x2165, 0xD7BC, 0xEFFE, 0x42A9, 0x0020,
    0x0081, 0x0081, 0x0020, 0x12C6, 0x1CCA, 0x0000, 0x0081, 0x0061, 0x0061, 0x0061, 0x0020, 0x1CA9,
    0x1C89, 0x0122, 0x0040, 0x0061, 0x0061, 0x0061, 0x0020, 0x0AC6, 0x1DAB, 0x0081, 0x0061, 0x0061,
    0x0081, 0x0000, 0x12C6, 0x3FF4, 0x12C6, 0x0000, 0x0081, 0x0061, 0x0061, 0x0061, 0x00E2, 0x13C8,
    0x1C89, 0x0000, 0x0081, 0x0061, 0x0061, 0x0061, 0x0000, 0x1D8B, 0x0A45, 0x0000, 0x0061, 0x0061,
    0x0061, 0x0000, 0x0102, 0x266D, 0x0061, 0x0061, 0x0061, 0x0061, 0x0041, 0x09E4, 0x258C, 0x1306,
    0x0000, 0x0081, 0x0061, 0x0061, 0x1D0A, 0x1C28, 0x0020, 0x0081, 0x0061, 0x0061, 0x0061, 0x0061,
    0x0061, 0x0061, 0x0040, 0x00C1, 0x37F1, 0x258C, 0x0000, 0x0142, 0x1CCA, 0x2FF0, 0x0AA5, 0x0000,
    0x0081, 0x0081, 0x0000, 0x1367, 0x1D2A, 0x0040, 0x0061, 0x0061, 0x0061, 0x0061, 0x0061, 0x0061,
    0x0061, 0x0061, 0x0081, 0x0000, 0x6C0E, 0xF7FF, 0xBFFB, 0x0C28, 0x0000, 0x0000, 0x10C2, 0xAE36,
    0xF7FF, 0xAE57, 0x0040, 0x00A1, 0xBEB8, 0xF7FF, 0x6C0E, 0x0000, 0x08C2, 0xC6F9, 0xEFFE, 0xAF18,
    0x1306, 0x0000, 0x0000, 0x0000, 0x21A5, 0xD79C, 0xEFFF, 0x5B4C, 0x0000, 0x7CB0, 0xFFFF, 0xAE16,
    0x0122, 0x268D, 0x0983, 0x0000, 0x3207, 0xE7FD, 0xE7FD, 0x2986, 0x0264, 0x1CEA, 0x0000, 0x00A1,
    0xBEF9, 0xEFFF, 0xB697, 0x9553, 0x9F57, 0x95D4, 0x9EF7, 0xD7FC, 0xF7FF, 0x84F2, 0x0000, 0x2185,
    0xD7BC, 0xEFFF, 0x3248, 0x0000, 0x0000, 0x0000, 0x0000, 0x0244, 0x1D4B, 0x0000, 0x0061, 0x0061,
    0x0061, 0x0061, 0x0041, 0x0122, 0x1CCA, 0x2FF0, 0x0AA5, 0x0000, 0x0081, 0x0081, 0x0000, 0x1C69,
    0x1387, 0x0000, 0x0081, 0x0061, 0x0081, 0x0000, 0x12C6, 0x3FF4, 0x12C6, 0x0000, 0x0081, 0x0061,
    0x0061, 0x0081, 0x0000, 0x13A8, 0x1CC9, 0x0000, 0x0081, 0x0061, 0x0061, 0x0061, 0x0000, 0x260C,
    0x0A65, 0x0000, 0x0061, 0x0061, 0x0061, 0x0020, 0x0983, 0x26EE, 0x0061, 0x0061, 0x0061, 0x0061,
    0x0061, 0x0000, 0x0000, 0x0081, 0x0061, 0x0061, 0x0061, 0x0041, 0x0000, 0x0000, 0x0061, 0x0061,
    0x0061, 0x0061, 0x0061, 0x0061, 0x0061, 0x0061, 0x0040, 0x00C1, 0x37F2, 0x25AC, 0x0000, 0x1CCA,
    0x1C8A, 0x0122, 0x0040, 0x0061, 0x0061, 0x0081, 0x0000, 0x1367, 0x1D2B, 0x0040, 0x0061, 0x0061,
    0x0061, 0x0061, 0x0061, 0x0061, 0x0061, 0x0061, 0x0081, 0x0000, 0x6C0E, 0xEFDF, 0xD7DC, 0xA7F9,
    0x9594, 0x9574, 0xC73A, 0xF7FF, 0xE7FE, 0x3A68, 0x0020, 0x08A2, 0xB698, 0xF7DF, 0x6BEE, 0x0000,
    0x0000, 0x53EC, 0xF7FF, 0xEFFE, 0xB779, 0x5B6C, 0x4AEA, 0x84B1, 0xD77B, 0xE7FE, 0xFFFF, 0x534B,
    0x0000, 0x7C90, 0xF7DF, 0xAE36, 0x0040, 0x1D2A, 0x1285, 0x0000, 0x2A07, 0xDFDD, 0xDFDD, 0x2965,
    0x0264, 0x256B, 0x0000, 0x3A89, 0xE7FE, 0xE7DD, 0x21C6, 0x0000, 0x0C07, 0x154A, 0x0529, 0x7D31,
    0xF7FF, 0xCF5A, 0x08A1, 0x1944, 0xD7DC, 0xE7FD, 0xA616, 0x9533, 0x9573, 0x9573, 0x9533, 0x9E15,
    0x34CB, 0x0000, 0x0081, 0x0061, 0x0061, 0x0061, 0x0020, 0x1C49, 0x25AC, 0x1367, 0x00E2, 0x0041,
    0x0061, 0x0041, 0x00C1, 0x260C, 0x09E4, 0x0020, 0x0061, 0x0061, 0x0081, 0x0000, 0x12C6, 0x3FF4,
    0x12C6, 0x0000, 0x0081, 0x0061, 0x0061, 0x0081, 0x0000, 0x1387, 0x1C69, 0x0000, 0x0081, 0x0061,
    0x0061, 0x0061, 0x0040, 0x0A24, 0x0102, 0x0040, 0x0061, 0x0061, 0x0061, 0x0041, 0x00C1, 0x0A65,
    0x0061, 0x0061, 0x0061, 0x0061, 0x0061, 0x0081, 0x0061, 0x0061, 0x0061, 0x0061, 0x0041, 0x00A1,
    0x00E2, 0x0041, 0x0061, 0x0061, 0x0061, 0x0061, 0x0061, 0x0061, 0x0061, 0x0061, 0x0040, 0x00C1,
    0x37F1, 0x258C, 0x0000, 0x0081, 0x0000, 0x0020, 0x0061, 0x0061, 0x0061, 0x0081, 0x0000, 0x1D0A,
    0x0AA5, 0x0000, 0x0081, 0x0061, 0x0061, 0x0061, 0x0061, 0x0061, 0x0061, 0x0061, 0x0081, 0x0000,
    0x744F, 0xFFFF, 0xEFFF, 0xFFFF, 0xFFFF, 0xFFFF, 0xEFFE, 0xC6D9, 0x4AEA, 0x0000, 0x0000, 0x0061,
    0xC73A, 0xFFFF, 0x742F, 0x0000, 0x0041, 0x01C3, 0x5C6E, 0xD75B, 0xF7FF, 0xFFFF, 0xFFFF, 0xFFFF,
    0xF7FF, 0xCEFA, 0x73EE, 0x08C2, 0x0000, 0x84D1, 0xFFFF, 0xBED8, 0x0000, 0x1C49, 0x1C89, 0x0000,
    0x3227, 0xF7FF, 0xF7FF, 0x3186, 0x0264, 0x1D0A, 0x0000, 0xA616, 0xFFFF, 0xB677, 0x0040, 0x0081,
    0x0061, 0x1307, 0x0162, 0x2985, 0xEFFE, 0xFFFF, 0x5B8D, 0x10E3, 0xEFFE, 0xF7FF, 0xFFFF, 0xFFFF,
    0xFFFF, 0xFFFF, 0xFFFF, 0xFFFF, 0x4E90, 0x0122, 0x0041, 0x0061, 0x0061, 0x0061, 0x0061, 0x09C4,
    0x00A1, 0x0000, 0x0040, 0x0061, 0x0061, 0x0041, 0x00C2, 0x25EC, 0x09E4, 0x0020, 0x0061, 0x0061,
    0x0081, 0x0000, 0x12C6, 0x3FF4, 0x12C6, 0x0000, 0x0081, 0x0061, 0x0061, 0x0061, 0x0061, 0x00A1,
    0x00A1, 0x0061, 0x0061, 0x0061, 0x0061, 0x0061, 0x0061, 0x0000, 0x0040, 0x0061, 0x0061, 0x0061,
    0x0061, 0x0061, 0x0061, 0x0000, 0x0061, 0x0061, 0x0061, 0x0061, 0x0061, 0x0081, 0x0061, 0x0061,
    0x0061, 0x0061, 0x0020, 0x0163, 0x260C, 0x0983, 0x0020, 0x0061, 0x0061, 0x0061, 0x0061, 0x0061,
    0x0061, 0x0061, 0x0040, 0x00C1, 0x37F1, 0x258C, 0x0000, 0x0081, 0x0081, 0x0061, 0x0061, 0x0061,
    0x0061, 0x0020, 0x0143, 0x260C, 0x0983, 0x0020, 0x0061, 0x0061, 0x0061, 0x0061, 0x0061, 0x0061,
    0x0061, 0x0061, 0x0061, 0x0040, 0x2185, 0x52EB, 0x4AAA, 0x4B2B, 0x4B2A, 0x42A9, 0x3207, 0x00A1,
    0x0000, 0x0122, 0x1327, 0x0122, 0x3A68, 0x52EB, 0x2185, 0x0040, 0x0061, 0x0040, 0x0000, 0x1924,
    0x5B8C, 0x84F2, 0x9553, 0x7CB1, 0x532B, 0x2D0B, 0x01A3, 0x0020, 0x0040, 0x29C6, 0x52EB, 0x3A68,
    0x0020, 0x09A3, 0x1CAA, 0x0081, 0x10C3, 0x4AEA, 0x4AEA, 0x0882, 0x0A44, 0x2F90, 0x0A04, 0x4268,
    0x52EB, 0x29C6, 0x0020, 0x0061, 0x0061, 0x0000, 0x0020, 0x0061, 0x3A89, 0x52EB, 0x31E7, 0x00C2,
    0x5E92, 0x4B4B, 0x4AAA, 0x4ACA, 0x4ACA, 0x4ACA, 0x4AA9, 0x4B6B, 0x2DAD, 0x0A24, 0x0000, 0x0061,
    0x0061, 0x0061, 0x0061, 0x0000, 0x0041, 0x0081, 0x0061, 0x0061, 0x0061, 0x0081, 0x0000, 0x1C69,
    0x1387, 0x0000, 0x0081, 0x0061, 0x0081, 0x0000, 0x12C6, 0x3FF4, 0x12C6, 0x0000, 0x0081, 0x0061,
    0x0061, 0x0061, 0x0061, 0x0041, 0x0041, 0x0061, 0x0061, 0x0061, 0x0061, 0x0061, 0x0061, 0x0041,
    0x0061, 0x0061, 0x0061, 0x0061, 0x0061, 0x0040, 0x0040, 0x0061, 0x0061, 0x0061, 0x0061, 0x0061,
    0x0020, 0x0000, 0x0000, 0x0061, 0x0061, 0x0061, 0x0081, 0x0000, 0x1D0A, 0x0AA5, 0x0000, 0x0081,
    0x0061, 0x0061, 0x0061, 0x0061, 0x0061, 0x0061, 0x0040, 0x00C1, 0x37F1, 0x258C, 0x0000, 0x00A1,
    0x0061, 0x0061, 0x0061, 0x0061, 0x0061, 0x0041, 0x00A1, 0x00C2, 0x0020, 0x0061, 0x0061, 0x0061,
    0x0061, 0x0061, 0x0061, 0x0061, 0x0061, 0x0061, 0x0061, 0x0061, 0x0020, 0x0000, 0x0080, 0x158B,
    0x0162, 0x0000, 0x0000, 0x0061, 0x0021, 0x0963, 0x2F70, 0x1326, 0x0000, 0x0000, 0x0020, 0x0061,
    0x0041, 0x0061, 0x0081, 0x0020, 0x0000, 0x0000, 0x0000, 0x0000, 0x0000, 0x1387, 0x1D0A, 0x0000,
    0x0081, 0x0000, 0x0000, 0x0000, 0x0041, 0x0000, 0x0000, 0x0061, 0x0040, 0x0000, 0x0000, 0x0020,
    0x00E2, 0x1327, 0x0143, 0x0000, 0x0000, 0x0000, 0x0061, 0x0041, 0x0061, 0x0081, 0x0061, 0x0061,
    0x0000, 0x0000, 0x0000, 0x00A1, 0x15CB, 0x0060, 0x0000, 0x0000, 0x0000, 0x0000, 0x0000, 0x0000,
    0x0000, 0x0020, 0x0061, 0x0061, 0x0061, 0x0061, 0x0061, 0x0081, 0x0081, 0x0061, 0x0061, 0x0061,
    0x0061, 0x0061, 0x0000, 0x0AC6, 0x25AC, 0x0081, 0x0041, 0x0061, 0x0081, 0x0000, 0x12C6, 0x3FF4,
    0x12C6, 0x0000, 0x0081, 0x0061, 0x0061, 0x0061, 0x0061, 0x0061, 0x0061, 0x0061, 0x0061, 0x0061,
    0x0061, 0x0061, 0x0020, 0x00E2, 0x0061, 0x0041, 0x0061, 0x0061, 0x0041, 0x00A1, 0x00E2, 0x0061,
    0x0061, 0x0061, 0x0061, 0x0020, 0x0142, 0x1D0B, 0x1347, 0x0020, 0x0061, 0x0061, 0x0061, 0x0000,
    0x1367, 0x1D2B, 0x0040, 0x0061, 0x0061, 0x0061, 0x0061, 0x0061, 0x0061, 0x0061, 0x0040, 0x00C1,
    0x37F1, 0x258C, 0x0000, 0x0000, 0x0000, 0x0061, 0x0061, 0x0061, 0x0061, 0x0061, 0x0040, 0x0041,
    0x0081, 0x0061, 0x0061, 0x0061, 0x0061, 0x0061, 0x0061, 0x0061, 0x0061, 0x0061, 0x0061, 0x0061,
    0x0081, 0x0000, 0x0A04, 0x25AC, 0x0000, 0x0081, 0x0061, 0x0061, 0x0081, 0x0000, 0x1C49, 0x1347,
    0x0000, 0x0081, 0x0061, 0x0061, 0x0061, 0x0061, 0x0061, 0x0061, 0x0081, 0x0081, 0x0081, 0x0081,
    0x0020, 0x09E4, 0x1D8B, 0x0061, 0x0061, 0x0061, 0x0081, 0x0061, 0x00A1, 0x00C2, 0x0041, 0x0061,
    0x0061, 0x0081, 0x0061, 0x0061, 0x0000, 0x0000, 0x0020, 0x0081, 0x0061, 0x0061, 0x0061, 0x0061,
    0x0000, 0x0041, 0x0081, 0x0061, 0x0061, 0x0081, 0x0041, 0x00A1, 0x262D, 0x0963, 0x0041, 0x0081,
    0x0081, 0x0081, 0x0061, 0x00C2, 0x0102, 0x0061, 0x0061, 0x0061, 0x0061, 0x0061, 0x0061, 0x0000,
    0x0000, 0x0041, 0x0061, 0x0061, 0x0061, 0x0061, 0x0061, 0x0041, 0x00E2, 0x0061, 0x0041, 0x0061,
    0x0081, 0x0000, 0x12C6, 0x3FF4, 0x12C6, 0x0000, 0x0081, 0x0061, 0x0061, 0x0061, 0x0061, 0x0061,
    0x0061, 0x0061, 0x0061, 0x0061, 0x0061, 0x0000, 0x0AC6, 0x25AC, 0x0081, 0x0041, 0x0061, 0x0081,
    0x0000, 0x1428, 0x2F2F, 0x00A1, 0x0061, 0x0061, 0x0061, 0x0000, 0x1D2A, 0x1408, 0x25EC, 0x0983,
    0x0020, 0x0061, 0x0061, 0x0000, 0x1367, 0x1D2B, 0x0040, 0x0061, 0x0061, 0x0061, 0x0061, 0x0061,
    0x0061, 0x0061, 0x0040, 0x00C1, 0x37F2, 0x258C, 0x0000, 0x1D6B, 0x13E8, 0x0020, 0x0061, 0x0061,
    0x0061, 0x0041, 0x0061, 0x0040, 0x0000, 0x0041, 0x0061, 0x0061, 0x0061, 0x0061, 0x0061, 0x0061,
    0x0061, 0x0061, 0x0061, 0x0061, 0x0061, 0x0000, 0x1C89, 0x1408, 0x0000, 0x0061, 0x0061, 0x0061,
    0x0081, 0x0000, 0x1CCA, 0x1347, 0x0000, 0x0061, 0x0061, 0x0061, 0x0061, 0x0061, 0x0061, 0x0061,
    0x0061, 0x0061, 0x0061, 0x0061, 0x0041, 0x00E2, 0x268D, 0x09C4, 0x0020, 0x0061, 0x0061, 0x0020,
    0x0143, 0x260C, 0x0983, 0x0020, 0x0061, 0x0061, 0x0061, 0x0020, 0x0A04, 0x09E4, 0x0040, 0x0061,
    0x0061, 0x0061, 0x0061, 0x0041, 0x09C4, 0x00A1, 0x0000, 0x0040, 0x0061, 0x0061, 0x0041, 0x0061,
    0x26CE, 0x1D0A, 0x0000, 0x0081, 0x0061, 0x0081, 0x0000, 0x1428, 0x2F4F, 0x00A1, 0x0040, 0x0061,
    0x0061, 0x0061, 0x0040, 0x09C4, 0x1327, 0x0081, 0x0041, 0x0061, 0x0061, 0x0061, 0x0041, 0x0000,
    0x0020, 0x0061, 0x0061, 0x0061, 0x0081, 0x0000, 0x12C6, 0x3FF4, 0x12C6, 0x0000, 0x0081, 0x0061,
    0x0061, 0x0061, 0x0061, 0x0061, 0x0061, 0x0061, 0x0061, 0x0061, 0x0081, 0x0000, 0x1C69, 0x1387,
    0x0000, 0x0081, 0x0061, 0x0061, 0x0040, 0x00C2, 0x260C, 0x0122, 0x0061, 0x0061, 0x0061, 0x0000,
    0x25EC, 0x09A3, 0x1D2A, 0x0AA5, 0x0000, 0x0061, 0x0081, 0x0000, 0x1D0A, 0x0AA5, 0x0000, 0x0081,
    0x0061, 0x0061, 0x0061, 0x0061, 0x0061, 0x0061, 0x0040, 0x00C1, 0x37F1, 0x258C, 0x0000, 0x1C89,
    0x25CC, 0x0000, 0x0081, 0x0061, 0x0061, 0x0020, 0x0102, 0x25CC, 0x1347, 0x0081, 0x0040, 0x0061,
    0x0061, 0x0061, 0x0061, 0x0061, 0x0061, 0x0061, 0x0061, 0x0061, 0x0061, 0x0000, 0x1C89, 0x1408,
    0x0000, 0x0061, 0x0061, 0x0061, 0x0081, 0x0000, 0x1C49, 0x1347, 0x0000, 0x0061, 0x0061, 0x0061,
    0x0061, 0x0061, 0x0061, 0x0061, 0x0061, 0x0061, 0x0061, 0x0061, 0x0000, 0x0A24, 0x1D2A, 0x0000,
    0x0061, 0x0061, 0x0061, 0x0081, 0x0000, 0x1D0A, 0x0AA5, 0x0000, 0x0081, 0x0061, 0x0061, 0x0020,
    0x0A85, 0x264D, 0x0061, 0x0041, 0x0061, 0x0061, 0x0061, 0x0020, 0x1C49, 0x25AC, 0x1387, 0x00E2,
    0x0040, 0x0061, 0x0061, 0x0061, 0x00C2, 0x00C1, 0x0041, 0x0061, 0x0061, 0x0061, 0x0040, 0x00C2,
    0x262D, 0x0102, 0x0020, 0x0061, 0x0061, 0x0081, 0x0000, 0x1D0A, 0x26CE, 0x0081, 0x0041, 0x0061,
    0x0061, 0x0020, 0x0163, 0x1CA9, 0x00C2, 0x0040, 0x0061, 0x0061, 0x0081, 0x0000, 0x12C6, 0x3FF4,
    0x12C6, 0x0000, 0x0081, 0x0061, 0x0061, 0x0061, 0x0061, 0x0061, 0x0061, 0x0061, 0x0061, 0x0061,
    0x0040, 0x00C1, 0x25EC, 0x09E4, 0x0020, 0x0061, 0x0061, 0x0061, 0x0040, 0x0061, 0x25CC, 0x0122,
    0x0061, 0x0061, 0x0061, 0x0000, 0x25CC, 0x0A85, 0x1D8B, 0x0A24, 0x0000, 0x0081, 0x0020, 0x0143,
    0x260C, 0x0983, 0x0020, 0x0061, 0x0061, 0x0061, 0x0061, 0x0061, 0x0061, 0x0061, 0x0040, 0x00C1,
    0x37F1, 0x25AC, 0x0000, 0x0A04, 0x1D4B, 0x0000, 0x0061, 0x0061, 0x0061, 0x0061, 0x0040, 0x0A04,
    0x262D, 0x2F2E, 0x00E2, 0x0040, 0x0061, 0x0061, 0x0061, 0x0061, 0x0061, 0x0061, 0x0061, 0x0061,
    0x0061, 0x0000, 0x09E4, 0x1D8B, 0x0000, 0x0061, 0x0061, 0x0061, 0x0061, 0x00E2, 0x266D, 0x1367,
    0x0000, 0x0081, 0x0081, 0x0081, 0x0081, 0x0061, 0x0061, 0x0061, 0x0061, 0x0061, 0x0061, 0x0061,
    0x0020, 0x1CCA, 0x1C89, 0x0000, 0x0081, 0x0081, 0x0061, 0x0061, 0x0000, 0x1367, 0x1D2A, 0x0040,
    0x0061, 0x0061, 0x0081, 0x0061, 0x0061, 0x25CC, 0x00E2, 0x0020, 0x0081, 0x0081, 0x0081, 0x0041,
    0x0122, 0x1CCA, 0x2FF0, 0x0AA5, 0x0000, 0x0081, 0x0081, 0x0061, 0x0040, 0x0061, 0x0061, 0x0061,
    0x0061, 0x0061, 0x0040, 0x0061, 0x25EC, 0x0122, 0x0020, 0x0061, 0x0061, 0x0061, 0x0000, 0x1CCA,
    0x0AA5, 0x0000, 0x0081, 0x0061, 0x0061, 0x0061, 0x0040, 0x25CC, 0x0A85, 0x0000, 0x0061, 0x0061,
    0x0081, 0x0000, 0x12C6, 0x3FF4, 0x12C6, 0x0000, 0x0081, 0x0061, 0x0061, 0x0061, 0x0061, 0x0061,
    0x0061, 0x0061, 0x0061, 0x0061, 0x0040, 0x00C1, 0x25EC, 0x09E4, 0x0020, 0x0061, 0x0061, 0x0061,
    0x0040, 0x0061, 0x25CC, 0x0122, 0x0061, 0x0061, 0x0061, 0x0000, 0x0AA5, 0x260D, 0x1CEA, 0x0061,
    0x0041, 0x0061, 0x0040, 0x00A1, 0x00C1, 0x0020, 0x0061, 0x0061, 0x0061, 0x0061, 0x0061, 0x0061,
    0x0061, 0x0061, 0x0040, 0x00C1, 0x37F1, 0x25AC, 0x0000, 0x0AA5, 0x1D6B, 0x0000, 0x0061, 0x0061,
    0x0061, 0x0040, 0x00E2, 0x25AB, 0x1CEA, 0x0A85, 0x0061, 0x0041, 0x0061, 0x0061, 0x0061, 0x0061,
    0x0061, 0x0061, 0x0061, 0x0061, 0x0061, 0x0040, 0x0102, 0x260C, 0x09E4, 0x0020, 0x0061, 0x0020,
    0x0000, 0x0122, 0x1D2B, 0x0163, 0x0000, 0x0000, 0x0000, 0x0000, 0x0000, 0x0000, 0x0061, 0x0061,
    0x0061, 0x0061, 0x0061, 0x0041, 0x0061, 0x0AC5, 0x0102, 0x0000, 0x0000, 0x0000, 0x0000, 0x0081,
    0x0000, 0x1367, 0x1D2B, 0x0040, 0x0061, 0x0061, 0x0000, 0x0000, 0x0000, 0x1D2A, 0x1428, 0x0000,
    0x0020, 0x0000, 0x0000, 0x0000, 0x1CCA, 0x1C89, 0x0122, 0x0040, 0x0061, 0x0020, 0x0000, 0x0000,
    0x0020, 0x0000, 0x0040, 0x0061, 0x0061, 0x0061, 0x0040, 0x0061, 0x25EC, 0x0122, 0x0020, 0x0061,
    0x0061, 0x0061, 0x0000, 0x1CEA, 0x1326, 0x0000, 0x0061, 0x0061, 0x0061, 0x0081, 0x0000, 0x1408,
    0x13E8, 0x0000, 0x0061, 0x0061, 0x0081, 0x0000, 0x12C6, 0x3FF4, 0x12C6, 0x0000, 0x0081, 0x0061,
    0x0061, 0x0061, 0x0061, 0x0061, 0x0061, 0x0061, 0x0061, 0x0061, 0x0081, 0x0000, 0x1C69, 0x1387,
    0x0000, 0x0081, 0x0061, 0x0061, 0x0040, 0x00C1, 0x260C, 0x0122, 0x0061, 0x0061, 0x0061, 0x0061,
    0x0020, 0x00E2, 0x0061, 0x0040, 0x0061, 0x0061, 0x0061, 0x0040, 0x0040, 0x0081, 0x0061, 0x0041,
    0x0061, 0x0061, 0x0061, 0x0061, 0x0061, 0x0061, 0x0040, 0x00C1, 0x37F1, 0x25AC, 0x0000, 0x0A04,
    0x1D4B, 0x0000, 0x0061, 0x0061, 0x0061, 0x0040, 0x00C1, 0x09C4, 0x0020, 0x0000, 0x0041, 0x0061,
    0x0061, 0x0061, 0x0061, 0x0061, 0x0061, 0x0061, 0x0061, 0x0061, 0x0061, 0x0061, 0x0040, 0x00C1,
    0x00A1, 0x0061, 0x0020, 0x1285, 0x256D, 0x252B, 0x24EB, 0x254B, 0x256C, 0x256C, 0x254C, 0x250B,
    0x1C29, 0x1265, 0x0040, 0x0040, 0x0061, 0x0061, 0x0061, 0x0061, 0x0041, 0x0000, 0x0000, 0x1C8A,
    0x256C, 0x256C, 0x1BA8, 0x0020, 0x0000, 0x1D0A, 0x0AA5, 0x0000, 0x0061, 0x0061, 0x1C8A, 0x256C,
    0x254B, 0x264D, 0x09A3, 0x0000, 0x1C29, 0x256C, 0x256C, 0x12A6, 0x0000, 0x0000, 0x0020, 0x0061,
    0x0020, 0x12E6, 0x256C, 0x25AC, 0x260D, 0x1326, 0x00A1, 0x0040, 0x0061, 0x0061, 0x0040, 0x00C1,
    0x262D, 0x0102, 0x0020, 0x0061, 0x0061, 0x0061, 0x0000, 0x1CCA, 0x0AA5, 0x0000, 0x0081, 0x0061,
    0x0061, 0x0061, 0x0000, 0x0AE6, 0x262C, 0x0060, 0x0041, 0x0061, 0x0081, 0x0000, 0x12C6, 0x3FF4,
    0x12C6, 0x0000, 0x0081, 0x0061, 0x0061, 0x0061, 0x0061, 0x0061, 0x0061, 0x0061, 0x0061, 0x0061,
    0x0061, 0x0000, 0x0AC6, 0x25AB, 0x0081, 0x0040, 0x0061, 0x0081, 0x0000, 0x1428, 0x2F2F, 0x00A1,
    0x0061, 0x0061, 0x0061, 0x0061, 0x0061, 0x0040, 0x0061, 0x0061, 0x0061, 0x0061, 0x0061, 0x0061,
    0x0040, 0x0000, 0x0020, 0x0061, 0x0041, 0x0061, 0x0061, 0x0061, 0x0061, 0x0061, 0x0040, 0x00C1,
    0x37F2, 0x258C, 0x0000, 0x262D, 0x25EC, 0x0000, 0x0081, 0x0061, 0x0061, 0x0061, 0x0040, 0x0000,
    0x0061, 0x0061, 0x0061, 0x0061, 0x0061, 0x0061, 0x0061, 0x0061, 0x0061, 0x0061, 0x0061, 0x0061,
    0x0061, 0x0061, 0x0000, 0x0000, 0x0040, 0x0081, 0x0000, 0x1BE8, 0x3FF4, 0x37F2, 0x3FF3, 0x3FF3,
    0x3FF3, 0x3FF3, 0x3FF3, 0x3FF3, 0x3FF2, 0x3FF2, 0x258C, 0x0081, 0x0040, 0x0061, 0x0061, 0x0041,
    0x0081, 0x0A65, 0x0A85, 0x37F2, 0x3FF3, 0x3FF3, 0x37B1, 0x00A1, 0x0122, 0x262C, 0x0983, 0x0020,
    0x0061, 0x0061, 0x3730, 0x3FF3, 0x3FF3, 0x2EEE, 0x0061, 0x0000, 0x2E4E, 0x3FF3, 0x3FF3, 0x3750,
    0x00C1, 0x0061, 0x0061, 0x0081, 0x0000, 0x1C6A, 0x3FF4, 0x3FF3, 0x1CAA, 0x25EC, 0x2F2F, 0x00E2,
    0x0040, 0x0081, 0x0000, 0x1428, 0x2F4F, 0x00A1, 0x0040, 0x0061, 0x0061, 0x0081, 0x0000, 0x1D0A,
    0x1D2A, 0x0040, 0x0061, 0x0061, 0x0061, 0x0081, 0x0000, 0x1C89, 0x1306, 0x0000, 0x0061, 0x0061,
    0x0081, 0x0000, 0x12C6, 0x3FF4, 0x12C6, 0x0000, 0x0081, 0x0061, 0x0061, 0x0061, 0x0061, 0x0061,
    0x0061, 0x0061, 0x0061, 0x0061, 0x0061, 0x0061, 0x0040, 0x00E2, 0x0061, 0x0041, 0x0061, 0x0061,
    0x0040, 0x00A1, 0x00E2, 0x0061, 0x0061, 0x0061, 0x0061, 0x0061, 0x0061, 0x0000, 0x0020, 0x0061,
    0x0061, 0x0061, 0x0061, 0x0040, 0x0081, 0x1326, 0x25EC, 0x0122, 0x0020, 0x0061, 0x0061, 0x0061,
    0x0061, 0x0061, 0x0040, 0x00C1, 0x37F1, 0x258C, 0x0000, 0x1326, 0x0A24, 0x0040, 0x0061, 0x0061,
    0x0061, 0x0061, 0x0061, 0x0061, 0x0061, 0x0061, 0x0061, 0x0061, 0x0061, 0x0061, 0x0061, 0x0061,
    0x0061, 0x0061, 0x0061, 0x0061, 0x0041, 0x0061, 0x1C69, 0x0A24, 0x0020, 0x0081, 0x0000, 0x1BA8,
    0x37D2, 0x37D1, 0x37D1, 0x3791, 0x37B1, 0x3750, 0x3770, 0x37D1, 0x37F2, 0x37D1, 0x3FF3, 0x1C49,
    0x0000, 0x0061, 0x0061, 0x0061, 0x0020, 0x1449, 0x37B1, 0x37D1, 0x37D1, 0x37B1, 0x3FF2, 0x1367,
    0x0040, 0x00E2, 0x0040, 0x0061, 0x0040, 0x0061, 0x2EAE, 0x37D2, 0x37D2, 0x1C09, 0x0020, 0x0020,
    0x25ED, 0x37D2, 0x37B1, 0x3FF3, 0x24EB, 0x0000, 0x0081, 0x0081, 0x0000, 0x1C29, 0x37D2, 0x37D1,
    0x2E8E, 0x1CCA, 0x0AA5, 0x0061, 0x0041, 0x0061, 0x0040, 0x00A1, 0x0102, 0x0061, 0x0061, 0x0061,
    0x0061, 0x0061, 0x0020, 0x1326, 0x25CC, 0x00A1, 0x0040, 0x0061, 0x0061, 0x0040, 0x00C1, 0x264D,
    0x0A24, 0x0000, 0x0061, 0x0061, 0x0081, 0x0000, 0x12C6, 0x3FF4, 0x12C6, 0x0000, 0x0081, 0x0061,
    0x0061, 0x0061, 0x0061, 0x0061, 0x0061, 0x0061, 0x0061, 0x0061, 0x0061, 0x0061, 0x0061, 0x0041,
    0x0061, 0x0041, 0x0061, 0x0061, 0x0061, 0x0040, 0x0040, 0x0061, 0x0061, 0x0061, 0x0061, 0x0040,
    0x0061, 0x12E6, 0x0983, 0x0020, 0x0061, 0x0061, 0x0040, 0x00A1, 0x270E, 0x264D, 0x0A24, 0x0040,
    0x0061, 0x0061, 0x0061, 0x0061, 0x0061, 0x0061, 0x0040, 0x00C1, 0x37F1, 0x258C, 0x0000, 0x0000,
    0x0000, 0x0061, 0x0061, 0x0061, 0x0061, 0x0061, 0x0061, 0x0061, 0x0061, 0x0061, 0x0061, 0x0061,
    0x0061, 0x0061, 0x0061, 0x0061, 0x0061, 0x0061, 0x0061, 0x0061, 0x0061, 0x0000, 0x13C7, 0x1D0A,
    0x0000, 0x00A1, 0x0000, 0x1BA8, 0x3FF2, 0x37F2, 0x2E8E, 0x0A24, 0x260C, 0x00E2, 0x00E2, 0x0943,
    0x258C, 0x37F2, 0x37F2, 0x2F0F, 0x0081, 0x0040, 0x0061, 0x0061, 0x0000, 0x09A3, 0x37F2, 0x37F1,
    0x37F2, 0x37F1, 0x37F2, 0x2E6E, 0x0020, 0x0020, 0x0000, 0x0040, 0x0060, 0x0061, 0x2EAF, 0x37F2,
    0x37F2, 0x09E4, 0x0000, 0x0020, 0x25ED, 0x3FF2, 0x37F1, 0x37F1, 0x37F2, 0x0A24, 0x0000, 0x0081,
    0x0000, 0x1C29, 0x3FF2, 0x3FF2, 0x1BC8, 0x0000, 0x0000, 0x0061, 0x0061, 0x0061, 0x0061, 0x0020,
    0x0000, 0x0020, 0x0061, 0x0061, 0x0061, 0x0061, 0x0061, 0x0020, 0x0000, 0x0040, 0x0061, 0x0061,
    0x0061, 0x0020, 0x0122, 0x0A85, 0x0061, 0x0061, 0x0061, 0x0061, 0x0081, 0x0000, 0x12C6, 0x3FF4,
    0x12C6, 0x0000, 0x0081, 0x0061, 0x0061, 0x0061, 0x0061, 0x0061, 0x0061, 0x0061, 0x0061, 0x0061,
    0x0061, 0x0061, 0x0040, 0x0000, 0x0020, 0x0061, 0x0041, 0x0061, 0x0061, 0x0061, 0x0020, 0x0000,
    0x0041, 0x0041, 0x0061, 0x0000, 0x1408, 0x258C, 0x25CC, 0x00E2, 0x0020, 0x0061, 0x0041, 0x0061,
    0x0A85, 0x1CCA, 0x25CC, 0x00E2, 0x0020, 0x0061, 0x0041, 0x0041, 0x0041, 0x0061, 0x0020, 0x00A1,
    0x37F1, 0x258C, 0x0000, 0x12E6, 0x0102, 0x0040, 0x0061, 0x0041, 0x0041, 0x0041, 0x0041, 0x0041,
    0x0041, 0x0041, 0x0041, 0x0041, 0x0041, 0x0041, 0x0041, 0x0041, 0x0041, 0x0041, 0x0041, 0x0041,
    0x0061, 0x0000, 0x09C4, 0x1D8B, 0x0061, 0x0061, 0x0000, 0x1BA8, 0x3FF2, 0x37F2, 0x2E2D, 0x0102,
    0x266D, 0x0081, 0x0041, 0x0000, 0x0983, 0x37F1, 0x37F2, 0x37B1, 0x0102, 0x0020, 0x0061, 0x0061,
    0x0000, 0x1306, 0x37F2, 0x37F2, 0x2DED, 0x2ECF, 0x37F2, 0x37F2, 0x09E4, 0x0040, 0x1C89, 0x0983,
    0x0020, 0x0081, 0x2EAF, 0x37F2, 0x37F2, 0x0A05, 0x0020, 0x0020, 0x25ED, 0x3FF2, 0x37F1, 0x37F1,
    0x37F2, 0x3710, 0x0AA5, 0x0020, 0x0000, 0x1C29, 0x3FF2, 0x3FF2, 0x1306, 0x0000, 0x0081, 0x0041,
    0x0041, 0x0061, 0x0020, 0x0963, 0x25AC, 0x0A24, 0x0000, 0x0061, 0x0041, 0x0041, 0x0061, 0x0020,
    0x0040, 0x00A1, 0x0040, 0x0041, 0x0041, 0x0061, 0x0020, 0x0000, 0x0000, 0x0020, 0x0061, 0x0041,
    0x0061, 0x0000, 0x12C6, 0x3FF4, 0x12C6, 0x0000, 0x0061, 0x0041, 0x0041, 0x0041, 0x0041, 0x0041,
    0x0041, 0x0041, 0x0041, 0x0041, 0x0061, 0x0040, 0x0081, 0x1306, 0x25EC, 0x0122, 0x0020, 0x0061,
    0x0061, 0x0020, 0x0122, 0x1428, 0x0041, 0x0041, 0x0061, 0x0000, 0x25EC, 0x09C3, 0x1D4B, 0x0A85,
    0x0000, 0x0061, 0x0041, 0x0041, 0x0000, 0x0000, 0x09C3, 0x00C1, 0x0040, 0x0041, 0x0041, 0x0041,
    0x0041, 0x0061, 0x0020, 0x00A1, 0x37F1, 0x25AC, 0x0000, 0x1CEA, 0x1C89, 0x0000, 0x0061, 0x0041,
    0x0041, 0x0041, 0x0041, 0x0041, 0x0041, 0x0041, 0x0041, 0x0041, 0x0041, 0x0041, 0x0041, 0x0041,
    0x0041, 0x0041, 0x0041, 0x0041, 0x0061, 0x0020, 0x00C2, 0x268D, 0x09C4, 0x0020, 0x0000, 0x1BA8,
    0x3FF2, 0x37F2, 0x2ECF, 0x1306, 0x1D4B, 0x0000, 0x0000, 0x0000, 0x12A6, 0x37F2, 0x37F2, 0x3750,
    0x00C1, 0x0020, 0x0061, 0x0061, 0x0000, 0x25CD, 0x37F2, 0x3FF2, 0x0A45, 0x1C29, 0x3FF3, 0x3FF2,
    0x24EB, 0x1C69, 0x2FD0, 0x0A04, 0x0000, 0x0081, 0x2EAF, 0x37F2, 0x37F2, 0x1285, 0x0000, 0x0000,
    0x25ED, 0x3FF2, 0x37D1, 0x37F1, 0x37D1, 0x3FF3, 0x1CEB, 0x0000, 0x0000, 0x1C29, 0x3FF2, 0x3FF2,
    0x1327, 0x0000, 0x0061, 0x0041, 0x0041, 0x0061, 0x0000, 0x0A85, 0x268E, 0x0102, 0x0040, 0x0061,
    0x0041, 0x0061, 0x0040, 0x00E2, 0x25AC, 0x1428, 0x0000, 0x0061, 0x0041, 0x0041, 0x0061, 0x0000,
    0x0A04, 0x0102, 0x0020, 0x0061, 0x0061, 0x0000, 0x12C6, 0x3FF4, 0x12C6, 0x0000, 0x0061, 0x0041,
    0x0041, 0x0041, 0x0041, 0x0041, 0x0041, 0x0041, 0x0041, 0x0061, 0x0040, 0x00A1, 0x270E, 0x264D,
    0x0A24, 0x0040, 0x0061, 0x0061, 0x0000, 0x0A65, 0x2FF0, 0x1D0A, 0x0041, 0x0041, 0x0061, 0x0000,
    0x25EC, 0x09C3, 0x1D4B, 0x0A85, 0x0000, 0x0061, 0x0041, 0x0041, 0x0061, 0x0061, 0x0000, 0x0040,
    0x0061, 0x0041, 0x0041, 0x0041, 0x0041, 0x0061, 0x0020, 0x00A1, 0x37F1, 0x25AC, 0x0000, 0x0A45,
    0x1D0A, 0x0000, 0x0061, 0x0041, 0x0041, 0x0041, 0x0041, 0x0041, 0x0041, 0x0041, 0x0041, 0x0041,
    0x0041, 0x0041, 0x0041, 0x0041, 0x0041, 0x0041, 0x0041, 0x0041, 0x0061, 0x0000, 0x0A24, 0x1D0A,
    0x0000, 0x0081, 0x0000, 0x1BA8, 0x3FF3, 0x37F1, 0x37B0, 0x2F90, 0x1C69, 0x12A6, 0x1327, 0x1C09,
    0x3730, 0x37D1, 0x3FF3, 0x256C, 0x0000, 0x0061, 0x0061, 0x0020, 0x0963, 0x37D1, 0x37F2, 0x3750,
    0x0061, 0x09E4, 0x37F2, 0x37F2, 0x37B1, 0x0983, 0x1D4B, 0x0A45, 0x0000, 0x0081, 0x2EAF, 0x37F2,
    0x37F1, 0x262D, 0x1429, 0x0983, 0x25CD, 0x3FF3, 0x3750, 0x1CCA, 0x37F2, 0x37F1, 0x3771, 0x0963,
    0x0000, 0x1C29, 0x3FF2, 0x3FF2, 0x12C6, 0x0000, 0x0081, 0x0041, 0x0041, 0x0061, 0x0000, 0x0AA5,
    0x1CEA, 0x0000, 0x0061, 0x0041, 0x0041, 0x0061, 0x0000, 0x1306, 0x268E, 0x1C49, 0x0000, 0x0061,
    0x0041, 0x0061, 0x0040, 0x13C8, 0x2FD0, 0x0A04, 0x0000, 0x0061, 0x0061, 0x0000, 0x12C6, 0x3FF4,
    0x12C6, 0x0000, 0x0061, 0x0041, 0x0041, 0x0041, 0x0041, 0x0041, 0x0041, 0x0041, 0x0041, 0x0041,
    0x0041, 0x0061, 0x0A85, 0x1CCA, 0x25AC, 0x00E2, 0x0020, 0x0061, 0x0040, 0x00C2, 0x1367, 0x1D6B,
    0x0041, 0x0041, 0x0061, 0x0000, 0x1408, 0x258C, 0x25CC, 0x00E2, 0x0020, 0x0061, 0x0041, 0x0041,
    0x0041, 0x0041, 0x0061, 0x0041, 0x0041, 0x0041, 0x0041, 0x0041, 0x0041, 0x0061, 0x0020, 0x00A1,
    0x37F1, 0x258C, 0x0000, 0x00E2, 0x268D, 0x09C4, 0x0020, 0x0061, 0x0041, 0x0041, 0x0041, 0x0041,
    0x0041, 0x0041, 0x0041, 0x0041, 0x0041, 0x0041, 0x0041, 0x0041, 0x0041, 0x0041, 0x0041, 0x0041,
    0x0061, 0x0020, 0x1CCA, 0x1C89, 0x0000, 0x0081, 0x0000, 0x1BA8, 0x3FF3, 0x37D1, 0x37F1, 0x37F1,
    0x37F2, 0x3FF2, 0x3FF3, 0x3FF3, 0x3FF2, 0x3FF3, 0x2EEF, 0x0122, 0x0020, 0x0061, 0x0061, 0x0000,
    0x1C29, 0x3FF2, 0x3FF2, 0x250B, 0x0000, 0x0081, 0x2E8E, 0x37F2, 0x3FF2, 0x12C6, 0x1D4B, 0x0A65,
    0x0000, 0x0081, 0x2EAF, 0x37F2, 0x37D1, 0x1CAA, 0x2F4F, 0x1CEA, 0x258C, 0x3FF3, 0x37D1, 0x0943,
    0x260D, 0x37F2, 0x3FF2, 0x25AC, 0x0000, 0x1C49, 0x3FF2, 0x37F2, 0x1CCA, 0x00E2, 0x0040, 0x0061,
    0x0041, 0x0061, 0x0000, 0x0AA5, 0x1D4B, 0x0000, 0x0061, 0x0041, 0x0041, 0x0041, 0x0061, 0x0000,
    0x1367, 0x1C89, 0x0000, 0x0061, 0x0041, 0x0040, 0x0081, 0x12C6, 0x25EC, 0x0A24, 0x0000, 0x0061,
    0x0061, 0x0000, 0x12C6, 0x3FF4, 0x12C6, 0x0000, 0x0061, 0x0041, 0x0041, 0x0041, 0x0041, 0x0041,
    0x0041, 0x0041, 0x0041, 0x0041, 0x0041, 0x0041, 0x0000, 0x0000, 0x09C3, 0x00C1, 0x0040, 0x0041,
    0x0061, 0x0020, 0x0000, 0x0061, 0x0041, 0x0041, 0x0041, 0x0040, 0x0061, 0x12E6, 0x0983, 0x0020,
    0x0061, 0x0041, 0x0041, 0x0041, 0x0041, 0x0041, 0x0041, 0x0041, 0x0041, 0x0041, 0x0041, 0x0041,
    0x0041, 0x0061, 0x0020, 0x00A1, 0x37F1, 0x25AC, 0x0000, 0x09E4, 0x1D8B, 0x0061, 0x0041, 0x0061,
    0x0041, 0x0041, 0x0041, 0x0041, 0x0041, 0x0041, 0x0041, 0x0041, 0x0041, 0x0041, 0x0041, 0x0041,
    0x0041, 0x0041, 0x0041, 0x0041, 0x0041, 0x0061, 0x0AA5, 0x00E2, 0x0040, 0x0081, 0x0000, 0x1BA8,
    0x3FF3, 0x37D1, 0x37F2, 0x3FF3, 0x3FF2, 0x37F2, 0x37D1, 0x37D1, 0x2E4E, 0x1C29, 0x0102, 0x0000,
    0x0061, 0x0041, 0x0040, 0x0061, 0x2ECF, 0x37F2, 0x37D2, 0x09A4, 0x0000, 0x0000, 0x1347, 0x3FF2,
    0x37F2, 0x2E0D, 0x1D2B, 0x0A24, 0x0000, 0x0081, 0x2EAF, 0x37F2, 0x37F2, 0x25AC, 0x0A04, 0x0000,
    0x25ED, 0x3FF2, 0x37D1, 0x0122, 0x0983, 0x37F2, 0x37F1, 0x3FF3, 0x0A45, 0x1BA8, 0x3FF3, 0x37B1,
    0x37F2, 0x1306, 0x0000, 0x0061, 0x0041, 0x0061, 0x0000, 0x0AA5, 0x1CEA, 0x0000, 0x0061, 0x0041,
    0x0041, 0x0041, 0x0061, 0x0000, 0x1408, 0x1CEA, 0x0000, 0x0061, 0x0041, 0x0041, 0x0061, 0x0000,
    0x1D8B, 0x0A45, 0x0000, 0x0061, 0x0061, 0x0000, 0x12C6, 0x3FF4, 0x12C6, 0x0000, 0x0061, 0x0041,
    0x0041, 0x0041, 0x0041, 0x0041, 0x0041, 0x0041, 0x0041, 0x0041, 0x0041, 0x0041, 0x0061, 0x0061,
    0x0000, 0x0040, 0x0061, 0x0041, 0x0041, 0x0061, 0x0061, 0x0041, 0x0041, 0x0041, 0x0041, 0x0041,
    0x0041, 0x0000, 0x0000, 0x0061, 0x0041, 0x0041, 0x0041, 0x0041, 0x0041, 0x0041, 0x0041, 0x0041,
    0x0041, 0x0041, 0x0041, 0x0041, 0x0041, 0x0061, 0x0020, 0x00A1, 0x37F1, 0x25AC, 0x0000, 0x13C8,
    0x1CEA, 0x0000, 0x0061, 0x0041, 0x0041, 0x0041, 0x0041, 0x0041, 0x0041, 0x0041, 0x0041, 0x0041,
    0x0041, 0x0041, 0x0041, 0x0041, 0x0041, 0x0041, 0x0041, 0x0041, 0x0041, 0x0041, 0x0000, 0x0000,
    0x0061, 0x0061, 0x0000, 0x1BA8, 0x3FF2, 0x37F2, 0x2E2E, 0x12C6, 0x1BA8, 0x2ECF, 0x37F2, 0x37F2,
    0x2DCD, 0x0061, 0x0000, 0x0081, 0x0041, 0x0061, 0x0000, 0x1285, 0x37F2, 0x37F2, 0x3770, 0x1307,
    0x12E6, 0x12A6, 0x1BC8, 0x37F1, 0x37F1, 0x37F2, 0x0A45, 0x0020, 0x0041, 0x0061, 0x2EAF, 0x37F2,
    0x37F2, 0x09C4, 0x0000, 0x0020, 0x25ED, 0x3FF2, 0x37D1, 0x09A3, 0x0000, 0x1CAA, 0x3FF2, 0x37F2,
    0x2E8E, 0x1C8A, 0x3FF2, 0x37D1, 0x2F2F, 0x0AC5, 0x0000, 0x0061, 0x0041, 0x0061, 0x0000, 0x0A45,
    0x2F90, 0x0A04, 0x0020, 0x0061, 0x0041, 0x0041, 0x0061, 0x0020, 0x0A85, 0x1326, 0x0020, 0x0061,
    0x0041, 0x0041, 0x0061, 0x0000, 0x260C, 0x0A65, 0x0000, 0x0061, 0x0061, 0x0000, 0x12C6, 0x3FF4,
    0x12C6, 0x0000, 0x0061, 0x0041, 0x0041, 0x0041, 0x0041, 0x0041, 0x0041, 0x0041, 0x0041, 0x0041,
    0x0041, 0x0041, 0x0041, 0x0041, 0x0061, 0x0041, 0x0041, 0x0041, 0x0041, 0x0041, 0x0041, 0x0041,
    0x0041, 0x0041, 0x0041, 0x0041, 0x0061, 0x0061, 0x0061, 0x0041, 0x0041, 0x0041, 0x0041, 0x0041,
    0x0041, 0x0041, 0x0041, 0x0041, 0x0041, 0x0041, 0x0041, 0x0041, 0x0041, 0x0061, 0x0020, 0x00A1,
    0x37F2, 0x258C, 0x0000, 0x1C89, 0x0A24, 0x0020, 0x0061, 0x0041, 0x0041, 0x0041, 0x0041, 0x0041,
    0x0041, 0x0041, 0x0041, 0x0041, 0x0041, 0x0041, 0x0041, 0x0041, 0x0041, 0x0041, 0x0041, 0x0041,
    0x0041, 0x0061, 0x0AA5, 0x00E2, 0x0040, 0x0081, 0x0000, 0x1BA8, 0x3FF2, 0x3FF2, 0x250B, 0x0000,
    0x0000, 0x00E2, 0x2ECF, 0x37F2, 0x3FF2, 0x2ECF, 0x00A1, 0x0040, 0x0061, 0x0061, 0x0000, 0x256C,
    0x3FF3, 0x37D1, 0x37F1, 0x3FF2, 0x3FF2, 0x3FF2, 0x37F2, 0x37D1, 0x37D1, 0x3FF3, 0x1CCA, 0x0000,
    0x0061, 0x0061, 0x2EAF, 0x37F2, 0x37F2, 0x0A25, 0x0020, 0x0020, 0x25ED, 0x3FF2, 0x37D1, 0x0983,
    0x0000, 0x00C1, 0x2F10, 0x37F2, 0x37F1, 0x37B1, 0x37F1, 0x37F1, 0x2F4F, 0x0AC6, 0x0000, 0x0061,
    0x0041, 0x0061, 0x0020, 0x00E2, 0x1327, 0x0163, 0x0020, 0x0061, 0x0041, 0x0041, 0x0041, 0x0061,
    0x0020, 0x0000, 0x0061, 0x0041, 0x0041, 0x0041, 0x0061, 0x0020, 0x0A24, 0x0102, 0x0020, 0x0061,
    0x0061, 0x0000, 0x12C6, 0x3FF4, 0x12C6, 0x0000, 0x0061, 0x0041, 0x0041, 0x0041, 0x0041, 0x0041,
    0x0041, 0x0041, 0x0041, 0x0041, 0x0041, 0x0041, 0x0041, 0x0041, 0x0041, 0x0041, 0x0041, 0x0041,
    0x0041, 0x0041, 0x0041, 0x0061, 0x0041, 0x0041, 0x0041, 0x0041, 0x0000, 0x0040, 0x0061, 0x0061,
    0x0041, 0x0041, 0x0041, 0x0041, 0x0041, 0x0041, 0x0041, 0x0041, 0x0041, 0x0041, 0x0041, 0x0041,
    0x0041, 0x0061, 0x0020, 0x00A1, 0x37F1, 0x258C, 0x0000, 0x0000, 0x0000, 0x0041, 0x0041, 0x0041,
    0x0041, 0x0041, 0x0041, 0x0041, 0x0041, 0x0041, 0x0041, 0x0041, 0x0041, 0x0041, 0x0041, 0x0041,
    0x0041, 0x0041, 0x0041, 0x0041, 0x0061, 0x0020, 0x1CCA, 0x1C89, 0x0000, 0x0081, 0x0000, 0x1BA8,
    0x3FF2, 0x3FF2, 0x256C, 0x12E6, 0x262D, 0x00C1, 0x09A4, 0x37D2, 0x37D1, 0x3FF3, 0x254B, 0x0000,
    0x0061, 0x0020, 0x0122, 0x3791, 0x37F2, 0x37F2, 0x37F2, 0x37D1, 0x37F2, 0x3FF2, 0x3FF2, 0x3FF3,
    0x37F2, 0x37F2, 0x3770, 0x00E2, 0x0020, 0x0081, 0x2EAF, 0x37F2, 0x37F2, 0x0A25, 0x0000, 0x0020,
    0x25ED, 0x3FF2, 0x37D1, 0x0983, 0x0040, 0x0000, 0x1285, 0x3FF2, 0x37D1, 0x37F2, 0x37F1, 0x37F1,
    0x2F2F, 0x0AC5, 0x0000, 0x0061, 0x0041, 0x0041, 0x0061, 0x0040, 0x0000, 0x0000, 0x0061, 0x0041,
    0x0041, 0x0041, 0x0041, 0x0041, 0x0061, 0x0061, 0x0041, 0x0041, 0x0041, 0x0041, 0x0041, 0x0061,
    0x0000, 0x0020, 0x0061, 0x0041, 0x0061, 0x0000, 0x12C6, 0x3FF4, 0x12C6, 0x0000, 0x0061, 0x0041,
    0x0041, 0x0041, 0x0041, 0x0041, 0x0041, 0x0041, 0x0041, 0x0041, 0x0041, 0x0041, 0x0041, 0x0041,
    0x0041, 0x0041, 0x0041, 0x0041, 0x0041, 0x0061, 0x0061, 0x0000, 0x0041, 0x0041, 0x0041, 0x0040,
    0x09C4, 0x00A1, 0x0000, 0x0020, 0x0061, 0x0041, 0x0041, 0x0041, 0x0041, 0x0041, 0x0041, 0x0041,
    0x0041, 0x0041, 0x0041, 0x0041, 0x0041, 0x0061, 0x0020, 0x00A1, 0x37F1, 0x258C, 0x0000, 0x00C2,
    0x00E2, 0x0061, 0x0041, 0x0041, 0x0041, 0x0041, 0x0041, 0x0041, 0x0041, 0x0041, 0x0041, 0x0041,
    0x0041, 0x0041, 0x0041, 0x0041, 0x0041, 0x0041, 0x0041, 0x0041, 0x0061, 0x0000, 0x0A24, 0x1D0A,
    0x0000, 0x0081, 0x0000, 0x1BA8, 0x3FF3, 0x37D1, 0x37F1, 0x262D, 0x0A24, 0x0061, 0x0000, 0x1C09,
    0x3FF3, 0x37D1, 0x3FF2, 0x12C6, 0x0000, 0x0000, 0x1BA8, 0x3FF3, 0x37D1, 0x37B1, 0x2F4F, 0x258C,
    0x1347, 0x12C6, 0x12E6, 0x1306, 0x3750, 0x37F2, 0x3FF2, 0x1347, 0x0000, 0x0081, 0x2EAF, 0x37F2,
    0x37F2, 0x09C4, 0x0000, 0x0020, 0x25ED, 0x3FF2, 0x37D1, 0x0983, 0x0000, 0x0163, 0x0163, 0x256C,
    0x3FF3, 0x37D1, 0x37F1, 0x37F1, 0x37D1, 0x0AE6, 0x0000, 0x0061, 0x0041, 0x0041, 0x0061, 0x0020,
    0x0A45, 0x0A85, 0x0020, 0x0041, 0x0041, 0x0041, 0x0041, 0x0041, 0x0061, 0x0061, 0x0041, 0x0041,
    0x0041, 0x0041, 0x0041, 0x0020, 0x0041, 0x0061, 0x0041, 0x0041, 0x0061, 0x0000, 0x12C6, 0x3FF4,
    0x12C6, 0x0000, 0x0061, 0x0041, 0x0041, 0x0041, 0x0041, 0x0041, 0x0041, 0x0041, 0x0041, 0x0041,
    0x0041, 0x0041, 0x0041, 0x0041, 0x0041, 0x0041, 0x0041, 0x0041, 0x0061, 0x0000, 0x0000, 0x0A24,
    0x0041, 0x0041, 0x0061, 0x0000, 0x1C49, 0x258C, 0x1367, 0x00E2, 0x0040, 0x0061, 0x0041, 0x0041,
    0x0041, 0x0041, 0x0041, 0x0041, 0x0041, 0x0041, 0x0041, 0x0041, 0x0041, 0x0061, 0x0020, 0x00A1,
    0x37F1, 0x25AC, 0x0000, 0x1C69, 0x2F0E, 0x0081, 0x0040, 0x0061, 0x0041, 0x0041, 0x0041, 0x0041,
    0x0041, 0x0041, 0x0041, 0x0041, 0x0041, 0x0041, 0x0041, 0x0041, 0x0041, 0x0041, 0x0041, 0x0041,
    0x0061, 0x0020, 0x00C2, 0x266D, 0x09C4, 0x0020, 0x0000, 0x1BA8, 0x37D2, 0x37D2, 0x2E2D, 0x1C89,
    0x25AB, 0x00E2, 0x0020, 0x0040, 0x2E6E, 0x37F2, 0x37D1, 0x2EEF, 0x0081, 0x0000, 0x2E6E, 0x37D2,
    0x37F2, 0x1BA8, 0x0983, 0x1D2B, 0x0A65, 0x0000, 0x0000, 0x0000, 0x1CAA, 0x37F2, 0x37F2, 0x2ECF,
    0x0081, 0x0061, 0x2EAF, 0x37D2, 0x3791, 0x1CEA, 0x1326, 0x0000, 0x25ED, 0x37D2, 0x37B1, 0x0943,
    0x09E4, 0x2F4F, 0x1428, 0x00C2, 0x37B1, 0x37D1, 0x37D1, 0x37D1, 0x2E6E, 0x09C4, 0x0020, 0x0061,
    0x0041, 0x0061, 0x0000, 0x09E4, 0x25EC, 0x25CC, 0x0AA5, 0x0000, 0x0061, 0x0041, 0x0061, 0x0061,
    0x0000, 0x0020, 0x0061, 0x0041, 0x0041, 0x0041, 0x0041, 0x00C1, 0x00C1, 0x0040, 0x0041, 0x0041,
    0x0061, 0x0000, 0x12C6, 0x3FF4, 0x12C6, 0x0000, 0x0061, 0x0041, 0x0041, 0x0041, 0x0041, 0x0041,
    0x0041, 0x0041, 0x0041, 0x0041, 0x0041, 0x0041, 0x0041, 0x0041, 0x0041, 0x0041, 0x0041, 0x0061,
    0x0020, 0x09C4, 0x262C, 0x1D6B, 0x0041, 0x0041, 0x0061, 0x0040, 0x0102, 0x1CCA, 0x2FF0, 0x0AA5,
    0x0000, 0x0061, 0x0041, 0x0041, 0x0041, 0x0041, 0x0041, 0x0041, 0x0041, 0x0041, 0x0041, 0x0041,
    0x0041, 0x0061, 0x0020, 0x00A1, 0x37F1, 0x25AC, 0x0000, 0x1CEA, 0x1367, 0x0000, 0x0061, 0x0041,
    0x0041, 0x0041, 0x0041, 0x0041, 0x0041, 0x0041, 0x0041, 0x0041, 0x0041, 0x0041, 0x0041, 0x0041,
    0x0041, 0x0041, 0x0041, 0x0041, 0x0061, 0x0000, 0x09C3, 0x1D6B, 0x0061, 0x0061, 0x0000, 0x1BE8,
    0x3FF3, 0x3FF4, 0x256C, 0x0000, 0x09E4, 0x00C1, 0x0041, 0x0000, 0x09C4, 0x37F2, 0x3FF2, 0x3FF4,
    0x1CCA, 0x0A24, 0x3FF3, 0x3FF3, 0x37F1, 0x0102, 0x0000, 0x0000, 0x0081, 0x0061, 0x0081, 0x0020,
    0x09E4, 0x3FF3, 0x37F2, 0x37F2, 0x0A45, 0x0000, 0x3730, 0x3FF3, 0x37F2, 0x2F4F, 0x09A3, 0x0000,
    0x2E4E, 0x3FF4, 0x37F2, 0x0963, 0x09E4, 0x1CEA, 0x1C49, 0x0000, 0x1BE8, 0x3FF3, 0x37F2, 0x3FF4,
    0x1306, 0x0000, 0x0081, 0x0041, 0x0041, 0x0061, 0x0000, 0x13C8, 0x13E8, 0x12C6, 0x1CEA, 0x0000,
    0x0061, 0x0061, 0x0000, 0x1C89, 0x1C89, 0x0122, 0x0040, 0x0061, 0x0061, 0x0040, 0x0061, 0x268D,
    0x1CCA, 0x0000, 0x0061, 0x0041, 0x0061, 0x0000, 0x12C6, 0x3FF4, 0x12C6, 0x0000, 0x0061, 0x0041,
    0x0041, 0x0041, 0x0041, 0x0041, 0x0041, 0x0041, 0x0041, 0x0041, 0x0041, 0x0041, 0x0041, 0x0041,
    0x0041, 0x0041, 0x0041, 0x0061, 0x0020, 0x09C3, 0x262C, 0x1D6B, 0x0040, 0x0040, 0x0061, 0x0000,
    0x1CA9, 0x1C89, 0x0102, 0x0020, 0x0040, 0x0040, 0x0040, 0x0040, 0x0040, 0x0040, 0x0040, 0x0040,
    0x0040, 0x0040, 0x0040, 0x0040, 0x0040, 0x0041, 0x0020, 0x00A1, 0x37F1, 0x25AC, 0x0000, 0x1CCA,
    0x0AC6, 0x0000, 0x0061, 0x0040, 0x0040, 0x0040, 0x0040, 0x0040, 0x0040, 0x0040, 0x0040, 0x0040,
    0x0040, 0x0040, 0x0040, 0x0040, 0x0040, 0x0040, 0x0040, 0x0040, 0x0061, 0x0000, 0x1387, 0x1CCA,
    0x0000, 0x0081, 0x0000, 0x0A85, 0x256C, 0x256C, 0x13A8, 0x0020, 0x0000, 0x0020, 0x0040, 0x0061,
    0x0000, 0x1367, 0x256C, 0x256C, 0x250B, 0x1BC8, 0x256C, 0x256C, 0x1BE9, 0x0020, 0x0061, 0x0061,
    0x0040, 0x0040, 0x0040, 0x0040, 0x0061, 0x24EA, 0x2F50, 0x37F2, 0x1347, 0x0000, 0x1CAA, 0x254C,
    0x2E2D, 0x262D, 0x0061, 0x0020, 0x1C09, 0x256C, 0x254B, 0x0143, 0x0000, 0x1347, 0x1C69, 0x0000,
    0x0081, 0x1CCA, 0x256C, 0x256C, 0x0A24, 0x00A1, 0x0061, 0x0040, 0x0040, 0x0061, 0x0000, 0x13C8,
    0x13E8, 0x0AC6, 0x1CCA, 0x0000, 0x0061, 0x0041, 0x0020, 0x0102, 0x1CA9, 0x2FD0, 0x0A85, 0x0000,
    0x0061, 0x0020, 0x00A1, 0x25EC, 0x0122, 0x0020, 0x0040, 0x0040, 0x0061, 0x0000, 0x12C6, 0x3FF4,
    0x12C6, 0x0000, 0x0061, 0x0040, 0x0040, 0x0040, 0x0040, 0x0040, 0x0040, 0x0040, 0x0040, 0x0040,
    0x0040, 0x0040, 0x0040, 0x0040, 0x0040, 0x0040, 0x0040, 0x0040, 0x0041, 0x0000, 0x0000, 0x0A24,
    0x0040, 0x0040, 0x0040, 0x0040, 0x0041, 0x0000, 0x0000, 0x0040, 0x0040, 0x0040, 0x0040, 0x0040,
    0x0040, 0x0040, 0x0040, 0x0040, 0x0040, 0x0040, 0x0040, 0x0040, 0x0040, 0x0041, 0x0020, 0x00A1,
    0x37F1, 0x25AC, 0x0000, 0x1CCA, 0x0AC6, 0x0000, 0x0061, 0x0040, 0x0040, 0x0040, 0x0040, 0x0040,
    0x0040, 0x0040, 0x0040, 0x0040, 0x0040, 0x0040, 0x0040, 0x0040, 0x0040, 0x0040, 0x0040, 0x0040,
    0x0040, 0x0040, 0x1428, 0x0A04, 0x0020, 0x0041, 0x0040, 0x0000, 0x0000, 0x0000, 0x0000, 0x0041,
    0x0041, 0x0040, 0x0040, 0x0040, 0x0061, 0x0000, 0x0000, 0x0000, 0x0000, 0x0000, 0x0000, 0x0000,
    0x0000, 0x0061, 0x0061, 0x0040, 0x0040, 0x0040, 0x0040, 0x0040, 0x0040, 0x0000, 0x00E2, 0x1346,
    0x00C1, 0x0020, 0x0000, 0x0000, 0x0AA5, 0x1D4B, 0x0020, 0x0060, 0x0000, 0x0000, 0x0000, 0x0041,
    0x0000, 0x13C7, 0x1CA9, 0x0000, 0x0061, 0x0000, 0x0000, 0x0000, 0x0A65, 0x1D4B, 0x0061, 0x0040,
    0x0040, 0x0061, 0x0000, 0x09E4, 0x25CC, 0x1DAB, 0x0AA5, 0x0000, 0x0061, 0x0061, 0x0000, 0x1408,
    0x1D6B, 0x1347, 0x00E2, 0x0040, 0x0060, 0x0020, 0x00A1, 0x1D8B, 0x00C1, 0x0020, 0x0040, 0x0040,
    0x0061, 0x0000, 0x12C6, 0x3FF4, 0x12C6, 0x0000, 0x0061, 0x0040, 0x0040, 0x0040, 0x0040, 0x0040,
    0x0040, 0x0040, 0x0040, 0x0040, 0x0040, 0x0040, 0x0040, 0x0040, 0x0040, 0x0040, 0x0040, 0x0040,
    0x0040, 0x0061, 0x0061, 0x0000, 0x0040, 0x0040, 0x0040, 0x0040, 0x0040, 0x0061, 0x0061, 0x0040,
    0x0040, 0x0040, 0x0040, 0x0040, 0x0040, 0x0040, 0x0040, 0x0040, 0x0040, 0x0040, 0x0040, 0x0040,
    0x0040, 0x0041, 0x0020, 0x00A1, 0x37F1, 0x25AC, 0x0000, 0x1CCA, 0x1347, 0x0000, 0x0061, 0x0040,
    0x0040, 0x0040, 0x0040, 0x0040, 0x0040, 0x0040, 0x0040, 0x0040, 0x0040, 0x0040, 0x0040, 0x0040,
    0x0040, 0x0040, 0x0040, 0x0040, 0x0040, 0x0040, 0x0000, 0x0000, 0x0040, 0x0040, 0x0040, 0x0061,
    0x0061, 0x0061, 0x0061, 0x0041, 0x0040, 0x0040, 0x0040, 0x0040, 0x0040, 0x0061, 0x0061, 0x0061,
    0x0061, 0x0061, 0x0061, 0x0061, 0x0061, 0x0000, 0x0000, 0x0040, 0x0040, 0x0040, 0x0040, 0x0040,
    0x0040, 0x0061, 0x0020, 0x0000, 0x0040, 0x0040, 0x0061, 0x0061, 0x0061, 0x1D4B, 0x00A1, 0x0020,
    0x0061, 0x0061, 0x0061, 0x0061, 0x0020, 0x0163, 0x09A3, 0x0020, 0x0041, 0x0061, 0x0081, 0x0000,
    0x1428, 0x1326, 0x0000, 0x0061, 0x0040, 0x0040, 0x0040, 0x0000, 0x0A04, 0x0A65, 0x0020, 0x0040,
    0x0040, 0x0040, 0x0040, 0x09A3, 0x0081, 0x0000, 0x0020, 0x0040, 0x0040, 0x0020, 0x00A1, 0x1D8B,
    0x00C1, 0x0020, 0x0040, 0x0040, 0x0061, 0x0000, 0x12C6, 0x3FF4, 0x12C6, 0x0000, 0x0061, 0x0040,
    0x0040, 0x0040, 0x0040, 0x0040, 0x0040, 0x0040, 0x0040, 0x0040, 0x0040, 0x0040, 0x0040, 0x0040,
    0x0040, 0x0040, 0x0040, 0x0040, 0x0040, 0x0040, 0x0040, 0x0061, 0x0040, 0x0040, 0x0040, 0x0040,
    0x0061, 0x0061, 0x0040, 0x0040, 0x0040, 0x0040, 0x0040, 0x0040, 0x0040, 0x0040, 0x0040, 0x0040,
    0x0040, 0x0040, 0x0040, 0x0040, 0x0040, 0x0041, 0x0020, 0x00A1, 0x37F1, 0x25AC, 0x0000, 0x1C49,
    0x26CE, 0x0081, 0x0020, 0x0040, 0x0040, 0x0040, 0x0040, 0x0040, 0x0040, 0x0040, 0x0040, 0x0040,
    0x0040, 0x0040, 0x0040, 0x0040, 0x0040, 0x0040, 0x0040, 0x0040, 0x0040, 0x0040, 0x0061, 0x0061,
    0x0040, 0x0040, 0x0040, 0x0040, 0x0040, 0x0040, 0x0000, 0x0000, 0x0061, 0x0040, 0x0040, 0x0040,
    0x0040, 0x0040, 0x0040, 0x0040, 0x0040, 0x0040, 0x0040, 0x0061, 0x0000, 0x12E6, 0x1D4B, 0x0081,
    0x0020, 0x0040, 0x0040, 0x0040, 0x0040, 0x0040, 0x0061, 0x0061, 0x0040, 0x0040, 0x0040, 0x0060,
    0x0020, 0x1D4B, 0x0AE6, 0x0000, 0x0061, 0x0040, 0x0040, 0x0040, 0x0040, 0x0020, 0x0000, 0x0040,
    0x0040, 0x0040, 0x0020, 0x00C1, 0x1D6B, 0x09A3, 0x0000, 0x0061, 0x0040, 0x0040, 0x0040, 0x0061,
    0x0000, 0x0000, 0x0041, 0x0040, 0x0040, 0x0040, 0x0040, 0x0000, 0x0040, 0x0061, 0x0040, 0x0040,
    0x0040, 0x0020, 0x0081, 0x1DAB, 0x0122, 0x0020, 0x0040, 0x0040, 0x0061, 0x0000, 0x12C6, 0x3FF4,
    0x12C6, 0x0000, 0x0061, 0x0040, 0x0040, 0x0040, 0x0040, 0x0040, 0x0040, 0x0040, 0x0040, 0x0040,
    0x0040, 0x0040, 0x0040, 0x0040, 0x0040, 0x0040, 0x0040, 0x0040, 0x0040, 0x0040, 0x0061, 0x0020,
    0x0040, 0x0040, 0x0040, 0x0040, 0x0000, 0x0000, 0x0040, 0x0040, 0x0040, 0x0040, 0x0040, 0x0040,
    0x0040, 0x0040, 0x0040, 0x0040, 0x0040, 0x0040, 0x0040, 0x0040, 0x0040, 0x0041, 0x0020, 0x00A1,
    0x37F1, 0x258C, 0x0000, 0x00A1, 0x00E2, 0x0061, 0x0040, 0x0040, 0x0040, 0x0040, 0x0040, 0x0040,
    0x0040, 0x0040, 0x0040, 0x0040, 0x0040, 0x0040, 0x0040, 0x0040, 0x0040, 0x0040, 0x0040, 0x0040,
    0x0040, 0x0040, 0x0040, 0x0040, 0x0040, 0x0040, 0x0040, 0x0061, 0x0020, 0x00E2, 0x13C8, 0x0142,
    0x0000, 0x0040, 0x0060, 0x0040, 0x0040, 0x0040, 0x0040, 0x0040, 0x0040, 0x0040, 0x0040, 0x0061,
    0x0000, 0x1CA9, 0x1CCA, 0x0040, 0x0040, 0x0040, 0x0040, 0x0040, 0x0040, 0x0040, 0x0040, 0x0061,
    0x0040, 0x0040, 0x0040, 0x0060, 0x0020, 0x0163, 0x0A24, 0x0020, 0x0060, 0x0040, 0x0040, 0x0040,
    0x0040, 0x0061, 0x0061, 0x0060, 0x0040, 0x0060, 0x0040, 0x00C1, 0x1D4B, 0x09A3, 0x0020, 0x0061,
    0x0040, 0x0040, 0x0040, 0x0040, 0x0061, 0x0061, 0x0040, 0x0040, 0x0040, 0x0040, 0x0040, 0x0061,
    0x0061, 0x0061, 0x0040, 0x0040, 0x0060, 0x0040, 0x0061, 0x260C, 0x1C69, 0x0000, 0x0061, 0x0040,
    0x0061, 0x0000, 0x12C6, 0x3FF4, 0x12C6, 0x0000, 0x0061, 0x0040, 0x0040, 0x0040, 0x0040, 0x0040,
    0x0040, 0x0040, 0x0040, 0x0040, 0x0040, 0x0040, 0x0040, 0x0040, 0x0040, 0x0040, 0x0040, 0x0040,
    0x0040, 0x0040, 0x0000, 0x0081, 0x0040, 0x0040, 0x0040, 0x0040, 0x1C49, 0x0A24, 0x0020, 0x0061,
    0x0040, 0x0040, 0x0040, 0x0040, 0x0040, 0x0040, 0x0040, 0x0040, 0x0040, 0x0040, 0x0040, 0x0040,
    0x0040, 0x0041, 0x0020, 0x00A1, 0x37F1, 0x258C, 0x0000, 0x0061, 0x0000, 0x0000, 0x0061, 0x0040,
    0x0040, 0x0040, 0x0040, 0x0040, 0x0040, 0x0040, 0x0040, 0x0040, 0x0040, 0x0040, 0x0040, 0x0040,
    0x0040, 0x0040, 0x0040, 0x0040, 0x0040, 0x0040, 0x0040, 0x0040, 0x0040, 0x0040, 0x0040, 0x0041,
    0x0040, 0x0081, 0x1387, 0x1D8B, 0x1CCA, 0x00A1, 0x0040, 0x0041, 0x0040, 0x0040, 0x0040, 0x0040,
    0x0040, 0x0040, 0x0040, 0x0061, 0x0000, 0x1C69, 0x0A65, 0x0000, 0x0061, 0x0040, 0x0040, 0x0040,
    0x0040, 0x0061, 0x0061, 0x0000, 0x0040, 0x0061, 0x0040, 0x0040, 0x0061, 0x0020, 0x0000, 0x0061,
    0x0040, 0x0040, 0x0040, 0x0040, 0x0061, 0x0061, 0x0020, 0x0020, 0x0061, 0x0040, 0x0061, 0x0000,
    0x13E8, 0x1306, 0x0000, 0x0061, 0x0040, 0x0040, 0x0040, 0x0040, 0x0040, 0x0040, 0x0040, 0x0040,
    0x0040, 0x0040, 0x0040, 0x0040, 0x0000, 0x0020, 0x0061, 0x0040, 0x0040, 0x0040, 0x0040, 0x00C1,
    0x00C1, 0x0060, 0x0040, 0x0040, 0x0061, 0x0000, 0x12C6, 0x3FF4, 0x12A6, 0x0000, 0x0061, 0x0040,
    0x0040, 0x0040, 0x0040, 0x0040, 0x0040, 0x0040, 0x0040, 0x0040, 0x0040, 0x0040, 0x0040, 0x0040,
    0x0040, 0x0040, 0x0040, 0x0040, 0x0040, 0x0040, 0x13C8, 0x266D, 0x0040, 0x0040, 0x0061, 0x0000,
    0x13A7, 0x1CEA, 0x0000, 0x0061, 0x0040, 0x0040, 0x0040, 0x0040, 0x0040, 0x0040, 0x0040, 0x0040,
    0x0040, 0x0040, 0x0040, 0x0040, 0x0040, 0x0041, 0x0020, 0x00A1, 0x37F2, 0x256C, 0x0000, 0x0020,
    0x1326, 0x0AE6, 0x0020, 0x0061, 0x0041, 0x0041, 0x0061, 0x0061, 0x0061, 0x0061, 0x0061, 0x0061,
    0x0061, 0x0061, 0x0061, 0x0061, 0x0061, 0x0061, 0x0061, 0x0061, 0x0061, 0x0061, 0x0061, 0x0061,
    0x0061, 0x0061, 0x0061, 0x0061, 0x0040, 0x0081, 0x1367, 0x1D6B, 0x1CA9, 0x00A1, 0x0040, 0x0061,
    0x0061, 0x0061, 0x0061, 0x0061, 0x0061, 0x0061, 0x0061, 0x0061, 0x0000, 0x1C69, 0x0AE6, 0x0000,
    0x0061, 0x0061, 0x0061, 0x0061, 0x0061, 0x0000, 0x0020, 0x01A3, 0x00C1, 0x0040, 0x0061, 0x0061,
    0x0020, 0x0000, 0x0061, 0x0061, 0x0061, 0x0061, 0x0061, 0x0061, 0x0020, 0x0000, 0x0122, 0x0142,
    0x0040, 0x0061, 0x0061, 0x0000, 0x0A85, 0x1CEA, 0x0061, 0x0041, 0x0061, 0x0061, 0x0061, 0x0061,
    0x0061, 0x0061, 0x0061, 0x0061, 0x0061, 0x0061, 0x0041, 0x0061, 0x0AC5, 0x0163, 0x0020, 0x0061,
    0x0061, 0x0041, 0x0061, 0x0000, 0x0000, 0x0020, 0x0060, 0x0040, 0x0061, 0x0000, 0x12A5, 0x3FF4,
    0x12E6, 0x0000, 0x0061, 0x0040, 0x0040, 0x0040, 0x0040, 0x0040, 0x0040, 0x0040, 0x0040, 0x0040,
    0x0040, 0x0040, 0x0040, 0x0040, 0x0040, 0x0040, 0x0040, 0x0061, 0x0000, 0x0183, 0x25AB, 0x268D,
    0x0040, 0x0040, 0x0061, 0x0000, 0x09C4, 0x1D6B, 0x0061, 0x0040, 0x0040, 0x0040, 0x0040, 0x0040,
    0x0040, 0x0040, 0x0040, 0x0040, 0x0040, 0x0040, 0x0040, 0x0040, 0x0040, 0x0041, 0x0040, 0x0061,
    0x3750, 0x2E6E, 0x0000, 0x0AC6, 0x2F2E, 0x1408, 0x0000, 0x0061, 0x0061, 0x0061, 0x0061, 0x0061,
    0x0061, 0x0061, 0x0061, 0x0061, 0x0061, 0x0061, 0x0061, 0x0061, 0x0061, 0x0061, 0x0061, 0x0061,
    0x0061, 0x0061, 0x0061, 0x0061, 0x0061, 0x0061, 0x0061, 0x0061, 0x0040, 0x00E2, 0x13C7, 0x0142,
    0x0000, 0x0040, 0x0061, 0x0061, 0x0061, 0x0061, 0x0061, 0x0061, 0x0061, 0x0061, 0x0061, 0x0081,
    0x0000, 0x1C49, 0x0A65, 0x0000, 0x0081, 0x0061, 0x0061, 0x0061, 0x0061, 0x0A44, 0x1C49, 0x1CEA,
    0x00E2, 0x0040, 0x0061, 0x0020, 0x0A04, 0x1326, 0x0061, 0x0000, 0x0061, 0x0061, 0x0061, 0x0040,
    0x0983, 0x13A7, 0x1D4B, 0x0A45, 0x0020, 0x0061, 0x0061, 0x0061, 0x0040, 0x00E2, 0x0061, 0x0061,
    0x0061, 0x0061, 0x0061, 0x0061, 0x0061, 0x0061, 0x0061, 0x0061, 0x0061, 0x0081, 0x0000, 0x1387,
    0x1D2A, 0x1D2A, 0x00E2, 0x0040, 0x0061, 0x0061, 0x0020, 0x0A45, 0x1CA9, 0x0183, 0x0020, 0x0061,
    0x0061, 0x0000, 0x1388, 0x3FF3, 0x0A04, 0x0000, 0x0061, 0x0040, 0x0040, 0x0040, 0x0040, 0x0040,
    0x0040, 0x0040, 0x0040, 0x0040, 0x0040, 0x0040, 0x0040, 0x0040, 0x0040, 0x0040, 0x0040, 0x0040,
    0x0041, 0x0020, 0x0102, 0x264D, 0x0040, 0x0040, 0x0040, 0x0020, 0x00C1, 0x268D, 0x09C3, 0x0020,
    0x0061, 0x0040, 0x0040, 0x0040, 0x0040, 0x0040, 0x0040, 0x0040, 0x0040, 0x0040, 0x0040, 0x0040,
    0x0040, 0x0040, 0x0061, 0x0000, 0x1CAA, 0x3FF3, 0x0122, 0x00C1, 0x13A7, 0x1408, 0x0000, 0x0061,
    0x0061, 0x0061, 0x0061, 0x0061, 0x0061, 0x0061, 0x0061, 0x0061, 0x0061, 0x0061, 0x0061, 0x0061,
    0x0061, 0x0061, 0x0061, 0x0061, 0x0061, 0x0061, 0x0061, 0x0061, 0x0061, 0x0061, 0x0061, 0x0061,
    0x0061, 0x0060, 0x0000, 0x0020, 0x0081, 0x0061, 0x0061, 0x0061, 0x0061, 0x0061, 0x0061, 0x0061,
    0x0061, 0x0061, 0x0061, 0x0081, 0x0000, 0x1C69, 0x25EC, 0x0081, 0x0060, 0x0061, 0x0061, 0x0040,
    0x00A1, 0x25EC, 0x1D8B, 0x09E4, 0x0040, 0x0061, 0x0061, 0x0040, 0x0142, 0x1428, 0x1D6B, 0x1326,
    0x0020, 0x0061, 0x0081, 0x0000, 0x1428, 0x26AD, 0x1306, 0x0081, 0x0061, 0x0061, 0x0061, 0x0061,
    0x0040, 0x0000, 0x0061, 0x0061, 0x0061, 0x0061, 0x0061, 0x0061, 0x0061, 0x0061, 0x0061, 0x0061,
    0x0061, 0x0061, 0x0000, 0x1D4B, 0x09A3, 0x1CA9, 0x0A44, 0x0000, 0x0081, 0x0040, 0x00C1, 0x1D2A,
    0x1347, 0x1CEA, 0x0020, 0x0061, 0x0061, 0x0000, 0x2E8E, 0x3770, 0x0040, 0x0040, 0x0041, 0x0040,
    0x0040, 0x0040, 0x0040, 0x0040, 0x0040, 0x0040, 0x0040, 0x0040, 0x0040, 0x0040, 0x0040, 0x0040,
    0x0040, 0x0040, 0x0040, 0x0040, 0x0041, 0x0000, 0x0163, 0x26EE, 0x0040, 0x0040, 0x0061, 0x0000,
    0x0A24, 0x1D0A, 0x0000, 0x0061, 0x0040, 0x0040, 0x0040, 0x0040, 0x0040, 0x0040, 0x0040, 0x0040,
    0x0040, 0x0040, 0x0040, 0x0040, 0x0040, 0x0040, 0x0061, 0x0000, 0x09E4, 0x3FF3, 0x256C, 0x0000,
    0x1347, 0x1C69, 0x0000, 0x0081, 0x0061, 0x0061, 0x0061, 0x0061, 0x0061, 0x0061, 0x0061, 0x0061,
    0x0061, 0x0061, 0x0061, 0x0061, 0x0061, 0x0061, 0x0061, 0x0061, 0x0061, 0x0061, 0x0061, 0x0061,
    0x0061, 0x0061, 0x0061, 0x0061, 0x0061, 0x0081, 0x0081, 0x0081, 0x0061, 0x0061, 0x0061, 0x0061,
    0x0061, 0x0061, 0x0061, 0x0061, 0x0061, 0x0061, 0x0061, 0x0081, 0x0040, 0x09A3, 0x0AC6, 0x00A1,
    0x0061, 0x0081, 0x0061, 0x0081, 0x0061, 0x00A1, 0x0AC6, 0x1D0A, 0x0122, 0x0040, 0x0081, 0x0040,
    0x0142, 0x1408, 0x1D4B, 0x1326, 0x0040, 0x0081, 0x0061, 0x0081, 0x0061, 0x09C3, 0x1CEA, 0x0AA5,
    0x0020, 0x0081, 0x0081, 0x0040, 0x0183, 0x1408, 0x00A1, 0x0061, 0x0081, 0x0061, 0x0061, 0x0061,
    0x0061, 0x0061, 0x0061, 0x0061, 0x0061, 0x0081, 0x0020, 0x1D4B, 0x09A3, 0x1CA9, 0x0A45, 0x0000,
    0x0081, 0x0040, 0x0163, 0x1D0A, 0x0102, 0x1D4B, 0x00A1, 0x0081, 0x0000, 0x1306, 0x3FF3, 0x1C49,
    0x0000, 0x0061, 0x0040, 0x0040, 0x0040, 0x0040, 0x0040, 0x0040, 0x0040, 0x0040, 0x0040, 0x0040,
    0x0040, 0x0040, 0x0040, 0x0040, 0x0040, 0x0040, 0x0040, 0x0040, 0x0041, 0x0020, 0x0102, 0x1C69,
    0x0040, 0x0040, 0x0041, 0x0000, 0x1CCA, 0x1C89, 0x0000, 0x0061, 0x0040, 0x0040, 0x0040, 0x0040,
    0x0040, 0x0040, 0x0040, 0x0040, 0x0040, 0x0040, 0x0040, 0x0040, 0x0040, 0x0040, 0x0040, 0x0061,
    0x0000, 0x1C8A, 0x3FF5, 0x1C8A, 0x0AC5, 0x1367, 0x0000, 0x0061, 0x0040, 0x0040, 0x0040, 0x0040,
    0x0040, 0x0040, 0x0040, 0x0040, 0x0040, 0x0040, 0x0040, 0x0040, 0x0040, 0x0040, 0x0040, 0x0040,
    0x0040, 0x0040, 0x0040, 0x0040, 0x0040, 0x0040, 0x0040, 0x0040, 0x0040, 0x0040, 0x0040, 0x0040,
    0x0040, 0x0040, 0x0040, 0x0040, 0x0040, 0x0040, 0x0040, 0x0040, 0x0040, 0x0040, 0x0040, 0x0040,
    0x0040, 0x0000, 0x0000, 0x0040, 0x0040, 0x0040, 0x0040, 0x0040, 0x0040, 0x0040, 0x0000, 0x0020,
    0x0061, 0x0040, 0x0061, 0x0000, 0x09E4, 0x1306, 0x0061, 0x0000, 0x0060, 0x0040, 0x0040, 0x0040,
    0x0040, 0x0000, 0x0000, 0x0061, 0x0040, 0x0040, 0x0061, 0x0000, 0x13A7, 0x1387, 0x0000, 0x0061,
    0x0040, 0x0040, 0x0040, 0x0040, 0x0040, 0x0040, 0x0040, 0x0040, 0x0040, 0x0061, 0x0000, 0x1367,
    0x1CEA, 0x1CEA, 0x00C1, 0x0020, 0x0061, 0x0020, 0x00E2, 0x1D0A, 0x09A3, 0x1D0A, 0x0000, 0x0000,
    0x12E6, 0x3FF3, 0x2ECF, 0x0061, 0x0040, 0x0041, 0x0040, 0x0040, 0x0040, 0x0040, 0x0040, 0x0040,
    0x0040, 0x0040, 0x0040, 0x0040, 0x0040, 0x0040, 0x0040, 0x0040, 0x0040, 0x0040, 0x0040, 0x0040,
    0x0040, 0x0040, 0x0040, 0x0000, 0x0040, 0x0040, 0x0040, 0x0041, 0x0A85, 0x00E2, 0x0040, 0x0040,
    0x0040, 0x0040, 0x0040, 0x0040, 0x0040, 0x0040, 0x0040, 0x0040, 0x0040, 0x0040, 0x0040, 0x0040,
    0x0040, 0x0040, 0x0040, 0x0040, 0x0041, 0x0020, 0x250B, 0x3FF4, 0x2E4E, 0x12E6, 0x00C2, 0x00C1,
    0x00C2, 0x00C1, 0x00C1, 0x00C1, 0x00C1, 0x00C1, 0x00C1, 0x00C1, 0x00C1, 0x00C1, 0x00C1, 0x00C1,
    0x00C1, 0x00C1, 0x00C1, 0x00C1, 0x00C1, 0x00C1, 0x00C1, 0x00C1, 0x00C1, 0x00C1, 0x00C1, 0x00C1,
    0x00C1, 0x00C1, 0x00E2, 0x00C2, 0x00C1, 0x00C1, 0x00C1, 0x00C1, 0x00C1, 0x00C1, 0x00C1, 0x00C1,
    0x00C1, 0x00C1, 0x00C1, 0x00C1, 0x00C1, 0x00E2, 0x00E2, 0x00C1, 0x00C1, 0x00C1, 0x00C1, 0x00C1,
    0x00C1, 0x00C2, 0x00E2, 0x00C2, 0x00C1, 0x00C1, 0x00C1, 0x00C2, 0x00A1, 0x0041, 0x00C1, 0x00E2,
    0x00C1, 0x00C1, 0x00C1, 0x00C1, 0x00C1, 0x00E2, 0x00E2, 0x00C1, 0x00C1, 0x00C1, 0x00E2, 0x0061,
    0x1C49, 0x0A85, 0x0061, 0x00E2, 0x00C1, 0x00C1, 0x00C1, 0x00C1, 0x00C1, 0x00C1, 0x00C1, 0x00C1,
    0x00C1, 0x00C1, 0x00C1, 0x00C2, 0x1306, 0x09C4, 0x0081, 0x00C2, 0x00C1, 0x00C2, 0x00A1, 0x13E8,
    0x25AC, 0x1306, 0x09C4, 0x24CA, 0x3FF3, 0x36F0, 0x0122, 0x0020, 0x0061, 0x0040, 0x0040, 0x0040,
    0x0040, 0x0040, 0x0040, 0x0040, 0x0040, 0x0040, 0x0040, 0x0040, 0x0040, 0x0040, 0x0040, 0x0040,
    0x0040, 0x0040, 0x0040, 0x0040, 0x0040, 0x0040, 0x0040, 0x0061, 0x0040, 0x0040, 0x0040, 0x0040,
    0x0000, 0x0000, 0x0000, 0x0040, 0x0040, 0x0040, 0x0040, 0x0040, 0x0040, 0x0040, 0x0040, 0x0040,
    0x0040, 0x0040, 0x0040, 0x0040, 0x0040, 0x0040, 0x0040, 0x0040, 0x0041, 0x0040, 0x0020, 0x1BA8,
    0x37D1, 0x3FF3, 0x37F2, 0x37F1, 0x37F2, 0x37F1, 0x37F1, 0x37F1, 0x37F1, 0x37F1, 0x37F1, 0x37F1,
    0x37F1, 0x37F1, 0x37F1, 0x37F1, 0x37F1, 0x37F1, 0x37F1, 0x37F1, 0x37F1, 0x37F1, 0x37F1, 0x37F1,
    0x37F1, 0x37F1, 0x37F1, 0x37F1, 0x37F1, 0x37F2, 0x37D1, 0x37D1, 0x37F2, 0x37F1, 0x37F1, 0x37F1,
    0x37F1, 0x37F1, 0x37F1, 0x37F1, 0x37F1, 0x37F1, 0x37F1, 0x37F1, 0x37F2, 0x37B1, 0x37B1, 0x37F2,
    0x37F2, 0x37F1, 0x37F1, 0x37F1, 0x37F2, 0x37F2, 0x37F2, 0x37F1, 0x37F1, 0x37F1, 0x37F1, 0x37F1,
    0x37F2, 0x37F2, 0x37F2, 0x37F1, 0x37F1, 0x37F1, 0x37F1, 0x37F1, 0x37F2, 0x37F2, 0x37F1, 0x37F2,
    0x37F1, 0x37F1, 0x37F1, 0x37F2, 0x37F2, 0x37F1, 0x37F2, 0x37F1, 0x37F1, 0x37F1, 0x37F1, 0x37F1,
    0x37F1, 0x37F1, 0x37F1, 0x37F1, 0x37F1, 0x37F1, 0x37F2, 0x37F1, 0x3791, 0x37D1, 0x37F2, 0x37F1,
    0x37F1, 0x37F2, 0x37F1, 0x37F1, 0x3FF3, 0x37D1, 0x3FF3, 0x3FF3, 0x254C, 0x00E2, 0x0020, 0x0061,
    0x0040, 0x0040, 0x0040, 0x0040, 0x0040, 0x0040, 0x0040, 0x0040, 0x0040, 0x0040, 0x0040, 0x0040,
    0x0040, 0x0040, 0x0040, 0x0040, 0x0040, 0x0040, 0x0040, 0x0040, 0x0040, 0x0040, 0x0041, 0x0061,
    0x0040, 0x0040, 0x0040, 0x0041, 0x0000, 0x0142, 0x09A3, 0x0020, 0x0041, 0x0040, 0x0040, 0x0040,
    0x0040, 0x0040, 0x0040, 0x0040, 0x0040, 0x0040, 0x0040, 0x0040, 0x0040, 0x0040, 0x0040, 0x0040,
    0x0040, 0x0061, 0x0041, 0x0000, 0x00C1, 0x12C6, 0x256C, 0x258C, 0x258C, 0x258C, 0x258C, 0x258C,
    0x258C, 0x258C, 0x258C, 0x258C, 0x258C, 0x258C, 0x258C, 0x258C, 0x258C, 0x258C, 0x258C, 0x258C,
    0x258C, 0x258C, 0x258C, 0x258C, 0x258C, 0x258C, 0x258C, 0x258C, 0x25AC, 0x254C, 0x2E8E, 0x2E8E,
    0x256C, 0x25AC, 0x258C, 0x258C, 0x258C, 0x258C, 0x258C, 0x258C, 0x258C, 0x258C, 0x258C, 0x25AC,
    0x256C, 0x2F70, 0x2F70, 0x252B, 0x256C, 0x25AC, 0x258C, 0x25AC, 0x258C, 0x252B, 0x258C, 0x25AC,
    0x258C, 0x258C, 0x258C, 0x258C, 0x258C, 0x256C, 0x258C, 0x258C, 0x258C, 0x258C, 0x258C, 0x258C,
    0x254C, 0x256C, 0x25AC, 0x258C, 0x258C, 0x258C, 0x25AC, 0x256C, 0x2EAE, 0x260D, 0x256C, 0x25AC,
    0x258C, 0x258C, 0x258C, 0x258C, 0x258C, 0x258C, 0x258C, 0x258C, 0x258C, 0x258C, 0x258C, 0x258C,
    0x25AC, 0x25AC, 0x25AC, 0x258C, 0x258C, 0x258C, 0x25AC, 0x25AC, 0x256C, 0x258D, 0x1BA8, 0x0943,
    0x0020, 0x0020, 0x0061, 0x0041, 0x0040, 0x0040, 0x0040, 0x0040, 0x0040, 0x0040, 0x0040, 0x0040,
    0x0040, 0x0040, 0x0040, 0x0040, 0x0040, 0x0040, 0x0040, 0x0040, 0x0040, 0x0040, 0x0040, 0x0040,
    0x0040, 0x0061, 0x0000, 0x0000, 0x0040, 0x0040, 0x0041, 0x0020, 0x0A04, 0x2F4F, 0x1C69, 0x0000,
    0x0061, 0x0040, 0x0040, 0x0040, 0x0040, 0x0040, 0x0040, 0x0040, 0x0040, 0x0040, 0x0040, 0x0040,
    0x0040, 0x0040, 0x0040, 0x0040, 0x0040, 0x0041, 0x0061, 0x0061, 0x0040, 0x0000, 0x0000, 0x0000,
    0x0000, 0x0000, 0x0000, 0x0000, 0x0000, 0x0000, 0x0000, 0x0000, 0x0000, 0x0000, 0x0000, 0x0000,
    0x0000, 0x0000, 0x0000, 0x0000, 0x0000, 0x0000, 0x0000, 0x0000, 0x0000, 0x0000, 0x0000, 0x0000,
    0x0000, 0x0040, 0x1CEA, 0x0163, 0x0000, 0x0000, 0x0000, 0x0000, 0x0000, 0x0000, 0x0000, 0x0000,
    0x0000, 0x0000, 0x0000, 0x0000, 0x0000, 0x0A85, 0x1D2A, 0x1428, 0x0102, 0x0000, 0x0000, 0x0000,
    0x00E2, 0x1367, 0x0040, 0x0000, 0x0000, 0x0000, 0x0000, 0x0000, 0x0000, 0x0061, 0x0000, 0x0000,
    0x0000, 0x0000, 0x0000, 0x0000, 0x1326, 0x0163, 0x0000, 0x0000, 0x0000, 0x0000, 0x0000, 0x0000,
    0x0AE6, 0x1408, 0x0000, 0x0000, 0x0000, 0x0000, 0x0000, 0x0000, 0x0000, 0x0000, 0x0000, 0x0000,
    0x0000, 0x0000, 0x0000, 0x0000, 0x0000, 0x0000, 0x0000, 0x0000, 0x0000, 0x0000, 0x0000, 0x0000,
    0x0000, 0x0000, 0x0000, 0x0020, 0x0061, 0x0061, 0x0041, 0x0040, 0x0040, 0x0040, 0x0040, 0x0040,
    0x0040, 0x0040, 0x0040, 0x0040, 0x0040, 0x0040, 0x0040, 0x0040, 0x0040, 0x0040, 0x0040, 0x0040,
    0x0040, 0x0040, 0x0040, 0x0061, 0x0000, 0x0AC6, 0x1D6B, 0x0A04, 0x0040, 0x0040, 0x0041, 0x0020,
    0x0A04, 0x1CEA, 0x1449, 0x0000, 0x0061, 0x0040, 0x0040, 0x0040, 0x0040, 0x0040, 0x0040, 0x0040,
    0x0040, 0x0040, 0x0040, 0x0040, 0x0040, 0x0040, 0x0040, 0x0040, 0x0040, 0x0041, 0x0041, 0x0041,
    0x0061, 0x0061, 0x0081, 0x0081, 0x0081, 0x0081, 0x0081, 0x0081, 0x0081, 0x0081, 0x0081, 0x0081,
    0x0081, 0x0081, 0x0081, 0x0081, 0x0081, 0x0081, 0x0081, 0x0081, 0x0081, 0x0081, 0x0081, 0x0081,
    0x0081, 0x0081, 0x0081, 0x0081, 0x0081, 0x00E2, 0x1D2B, 0x09C3, 0x0040, 0x00A1, 0x0081, 0x0081,
    0x0081, 0x0081, 0x0081, 0x0081, 0x0081, 0x0081, 0x0081, 0x0081, 0x00A1, 0x0020, 0x0081, 0x1326,
    0x0A44, 0x0040, 0x00A1, 0x00A1, 0x0061, 0x1D0A, 0x0A65, 0x0020, 0x00A1, 0x0081, 0x00A1, 0x0040,
    0x09E4, 0x268D, 0x0A44, 0x0020, 0x00A1, 0x0081, 0x00A1, 0x0020, 0x1347, 0x1C69, 0x0000, 0x00A1,
    0x0081, 0x0081, 0x0081, 0x0081, 0x00C1, 0x0A85, 0x00C1, 0x0081, 0x0081, 0x0081, 0x0081, 0x0081,
    0x0081, 0x0081, 0x0081, 0x0081, 0x0081, 0x0081, 0x0081, 0x0040, 0x0000, 0x0163, 0x0163, 0x0061,
    0x0081, 0x0061, 0x0122, 0x0A45, 0x0081, 0x0081, 0x0081, 0x0061, 0x0061, 0x0041, 0x0041, 0x0040,
    0x0040, 0x0040, 0x0040, 0x0040, 0x0040, 0x0040, 0x0040, 0x0040, 0x0040, 0x0040, 0x0040, 0x0040,
    0x0040, 0x0040, 0x0040, 0x0040, 0x0040, 0x0040, 0x0040, 0x0040, 0x0040, 0x0061, 0x1347, 0x2F2F,
    0x0040, 0x0040, 0x0040, 0x0061, 0x0000, 0x1347, 0x1C89, 0x0000, 0x0061, 0x0040, 0x0040, 0x0040,
    0x0040, 0x0040, 0x0040, 0x0040, 0x0040, 0x0040, 0x0040, 0x0040, 0x0040, 0x0040, 0x0040, 0x0040,
    0x0040, 0x0041, 0x0041, 0x0041, 0x0061, 0x0061, 0x0061, 0x0061, 0x0061, 0x0061, 0x0061, 0x0061,
    0x0061, 0x0061, 0x0061, 0x0061, 0x0061, 0x0061, 0x0061, 0x0061, 0x0061, 0x0061, 0x0061, 0x0061,
    0x0061, 0x0061, 0x0061, 0x0061, 0x0061, 0x0061, 0x0061, 0x0061, 0x0081, 0x0000, 0x13E8, 0x1306,
    0x0000, 0x0081, 0x0061, 0x0061, 0x0061, 0x0061, 0x0061, 0x0061, 0x0061, 0x0061, 0x0061, 0x0061,
    0x0061, 0x0081, 0x0061, 0x0000, 0x0020, 0x0061, 0x0061, 0x0081, 0x0000, 0x1367, 0x1367, 0x0000,
    0x0081, 0x0061, 0x0081, 0x0000, 0x0A45, 0x1C89, 0x0020, 0x0081, 0x0061, 0x0061, 0x0081, 0x0020,
    0x09A3, 0x1CA9, 0x0061, 0x0061, 0x0061, 0x0061, 0x0061, 0x0061, 0x0061, 0x0000, 0x0040, 0x0061,
    0x0061, 0x0061, 0x0061, 0x0061, 0x0061, 0x0061, 0x0061, 0x0061, 0x0061, 0x0061, 0x0040, 0x0983,
    0x13A7, 0x1D4B, 0x0A45, 0x0020, 0x0081, 0x0041, 0x00C1, 0x1D4B, 0x09E4, 0x0000, 0x0061, 0x0061,
    0x0041, 0x0041, 0x0041, 0x0040, 0x0040, 0x0040, 0x0040, 0x0040, 0x0040, 0x0040, 0x0040, 0x0040,
    0x0040, 0x0040, 0x0040, 0x0040, 0x0040, 0x0040, 0x0040, 0x0040, 0x0040, 0x0040, 0x0040, 0x0061,
    0x0000, 0x0A65, 0x25EC, 0x1408, 0x0040, 0x0040, 0x0040, 0x0061, 0x0000, 0x13E8, 0x1CEA, 0x0000,
    0x0061, 0x0040, 0x0040, 0x0040, 0x0040, 0x0040, 0x0040, 0x0040, 0x0040, 0x0040, 0x0040, 0x0040,
    0x0040, 0x0040, 0x0040, 0x0040, 0x0040, 0x0040, 0x0041, 0x0041, 0x0041, 0x0061, 0x0061, 0x0061,
    0x0061, 0x0061, 0x0061, 0x0061, 0x0061, 0x0061, 0x0061, 0x0061, 0x0061, 0x0061, 0x0061, 0x0061,
    0x0061, 0x0061, 0x0061, 0x0061, 0x0061, 0x0061, 0x0061, 0x0061, 0x0061, 0x0061, 0x0061, 0x0061,
    0x0081, 0x0020, 0x0A85, 0x1D0A, 0x0081, 0x0061, 0x0061, 0x0061, 0x0061, 0x0061, 0x0061, 0x0061,
    0x0061, 0x0061, 0x0061, 0x0061, 0x0061, 0x0061, 0x0061, 0x0081, 0x0061, 0x0061, 0x0061, 0x0081,
    0x0020, 0x0A85, 0x1D2A, 0x0060, 0x0061, 0x0061, 0x0081, 0x0000, 0x0A45, 0x1C49, 0x0000, 0x0081,
    0x0061, 0x0061, 0x0061, 0x0040, 0x00E2, 0x258B, 0x09A3, 0x0020, 0x0061, 0x0061, 0x0061, 0x0061,
    0x0000, 0x09E4, 0x00E2, 0x0040, 0x0061, 0x0061, 0x0061, 0x0061, 0x0061, 0x0061, 0x0061, 0x0061,
    0x0061, 0x0081, 0x0000, 0x1C49, 0x26CE, 0x1306, 0x0081, 0x0061, 0x0061, 0x0081, 0x0000, 0x13E8,
    0x0A85, 0x0000, 0x0061, 0x0041, 0x0041, 0x0041, 0x0040, 0x0040, 0x0040, 0x0040, 0x0040, 0x0040,
    0x0040, 0x0040, 0x0040, 0x0040, 0x0040, 0x0040, 0x0040, 0x0040, 0x0040, 0x0040, 0x0040, 0x0040,
    0x0040, 0x0040, 0x0040, 0x0040, 0x0020, 0x0142, 0x0142, 0x0000, 0x0040, 0x0040, 0x0040, 0x0040,
    0x0020, 0x0163, 0x09A3, 0x0020, 0x0040, 0x0040, 0x0040, 0x0040, 0x0040, 0x0040, 0x0040, 0x0040,
    0x0040, 0x0040, 0x0040, 0x0040, 0x0040, 0x0040, 0x0040, 0x0040, 0x0040, 0x0040, 0x0040, 0x0040,
    0x0040, 0x0040, 0x0040, 0x0060, 0x0060, 0x0060, 0x0060, 0x0061, 0x0061, 0x0061, 0x0061, 0x0061,
    0x0061, 0x0061, 0x0061, 0x0061, 0x0061, 0x0061, 0x0061, 0x0061, 0x0061, 0x0061, 0x0061, 0x0061,
    0x0061, 0x0061, 0x0061, 0x0061, 0x0061, 0x0061, 0x0040, 0x00E2, 0x0081, 0x0061, 0x0061, 0x0061,
    0x0061, 0x0061, 0x0061, 0x0061, 0x0061, 0x0061, 0x0061, 0x0061, 0x0061, 0x0061, 0x0040, 0x0040,
    0x0061, 0x0061, 0x0061, 0x0081, 0x0000, 0x13E8, 0x0AA5, 0x0000, 0x0061, 0x0061, 0x0061, 0x0000,
    0x0A45, 0x1C49, 0x0000, 0x0081, 0x0061, 0x0061, 0x0061, 0x0000, 0x0A04, 0x1C69, 0x0000, 0x0081,
    0x0061, 0x0061, 0x0061, 0x0040, 0x1347, 0x26AE, 0x09C3, 0x0000, 0x0061, 0x0061, 0x0061, 0x0061,
    0x0061, 0x0061, 0x0061, 0x0061, 0x0061, 0x0061, 0x0061, 0x0040, 0x09C3, 0x1D0A, 0x0AA5, 0x0000,
    0x0061, 0x0061, 0x0000, 0x0A85, 0x1D4A, 0x0040, 0x0040, 0x0060, 0x0040, 0x0040, 0x0040, 0x0040,
    0x0040, 0x0040, 0x0040, 0x0040, 0x0040, 0x0040, 0x0040, 0x0040, 0x0040, 0x0040, 0x0040, 0x0040,
    0x0040, 0x0040, 0x0040, 0x0040, 0x0040, 0x0040, 0x0040, 0x0040, 0x0040, 0x0000, 0x0000, 0x0061,
    0x0040, 0x0040, 0x0040, 0x0040, 0x0040, 0x0000, 0x0000, 0x0040, 0x0040, 0x0040, 0x0040, 0x0040,
    0x0040, 0x0040, 0x0040, 0x0040, 0x0040, 0x0040, 0x0040, 0x0040, 0x0040, 0x0040, 0x0040, 0x0040,
    0x0040, 0x0040, 0x0040, 0x0040, 0x0040, 0x0040, 0x0040, 0x0040, 0x0040, 0x0060, 0x0060, 0x0060,
    0x0060, 0x0060, 0x0060, 0x0060, 0x0060, 0x0060, 0x0060, 0x0060, 0x0060, 0x0060, 0x0060, 0x0060,
    0x0060, 0x0060, 0x0060, 0x0060, 0x0060, 0x0060, 0x0060, 0x0060, 0x0060, 0x0060, 0x0060, 0x0040,
    0x0040, 0x0060, 0x0060, 0x0060, 0x0060, 0x0060, 0x0060, 0x0060, 0x0060, 0x0060, 0x0060, 0x0060,
    0x0061, 0x0040, 0x00A1, 0x00A1, 0x0040, 0x0060, 0x0060, 0x0040, 0x00C1, 0x1D8B, 0x09E4, 0x0000,
    0x0061, 0x0060, 0x0061, 0x0000, 0x0A45, 0x1CC9, 0x0020, 0x0060, 0x0060, 0x0060, 0x0061, 0x0020,
    0x1428, 0x1408, 0x0000, 0x0061, 0x0060, 0x0060, 0x0040, 0x0081, 0x0A85, 0x1D2A, 0x09E4, 0x0000,
    0x0061, 0x0060, 0x0060, 0x0060, 0x0060, 0x0060, 0x0060, 0x0060, 0x0060, 0x0060, 0x0060, 0x0060,
    0x0000, 0x0000, 0x0061, 0x0040, 0x0060, 0x0061, 0x0000, 0x1367, 0x1367, 0x0000, 0x0061, 0x0040,
    0x0040, 0x0040, 0x0040, 0x0040, 0x0040, 0x0040, 0x0040, 0x0040, 0x0040, 0x0040, 0x0040, 0x0040,
    0x0040, 0x0040, 0x0040, 0x0040, 0x0040, 0x0040, 0x0040, 0x0040, 0x0040, 0x0040, 0x0040, 0x0040,
    0x0040, 0x0040, 0x0040, 0x0040, 0x0040, 0x0040, 0x0040, 0x0040, 0x0020, 0x0040, 0x0040, 0x0040,
    0x0040, 0x0040, 0x0040, 0x0040, 0x0040, 0x0040, 0x0040, 0x0040, 0x0040, 0x0040, 0x0040, 0x0040,
    0x0040, 0x0040, 0x0040, 0x0040, 0x0040, 0x0040, 0x0040, 0x0040, 0x0040, 0x0040, 0x0040, 0x0040,
    0x0040, 0x0040, 0x0040, 0x0040, 0x0040, 0x0040, 0x0040, 0x0040, 0x0040, 0x0040, 0x0040, 0x0040,
    0x0040, 0x0040, 0x0040, 0x0040, 0x0040, 0x0040, 0x0040, 0x0040, 0x0040, 0x0040, 0x0040, 0x0040,
    0x0040, 0x0040, 0x0060, 0x0060, 0x0060, 0x0040, 0x0040, 0x0040, 0x0040, 0x0040, 0x0040, 0x0040,
    0x0040, 0x0040, 0x0040, 0x0061, 0x0020, 0x00E2, 0x1D6B, 0x09A3, 0x0020, 0x0061, 0x0060, 0x0020,
    0x0102, 0x0A65, 0x0061, 0x0040, 0x0060, 0x0040, 0x0061, 0x0000, 0x09C3, 0x26CE, 0x0A24, 0x0000,
    0x0061, 0x0060, 0x0040, 0x0061, 0x0A65, 0x00E2, 0x0040, 0x0060, 0x0040, 0x0040, 0x0060, 0x0061,
    0x0000, 0x1CCA, 0x0A04, 0x0000, 0x0061, 0x0040, 0x0040, 0x0040, 0x0040, 0x0040, 0x0040, 0x0040,
    0x0040, 0x0040, 0x0040, 0x0060, 0x0061, 0x0061, 0x0040, 0x0040, 0x0040, 0x0060, 0x0020, 0x1D0A,
    0x0A44, 0x0000, 0x0061, 0x0040, 0x0040, 0x0040, 0x0040, 0x0040, 0x0040, 0x0040, 0x0040, 0x0040,
    0x0040, 0x0040, 0x0040, 0x0040, 0x0040, 0x0040, 0x0040, 0x0040, 0x0040, 0x0040, 0x0040, 0x0040,
    0x0040, 0x0040, 0x0040, 0x0040, 0x0040, 0x0040, 0x0061, 0x0040, 0x0040, 0x0040, 0x0040, 0x0040,
    0x00C1, 0x0081, 0x0040, 0x0040, 0x0040, 0x0040, 0x0040, 0x0040, 0x0040, 0x0040, 0x0040, 0x0040,
    0x0040, 0x0040, 0x0040, 0x0040, 0x0040, 0x0040, 0x0040, 0x0040, 0x0040, 0x0040, 0x0040, 0x0040,
    0x0040, 0x0040, 0x0040, 0x0040, 0x0040, 0x0040, 0x0040, 0x0040, 0x0040, 0x0040, 0x0040, 0x0040,
    0x0040, 0x0040, 0x0040, 0x0040, 0x0040, 0x0040, 0x0040, 0x0040, 0x0040, 0x0040, 0x0040, 0x0040,
    0x0040, 0x0040, 0x0040, 0x0040, 0x0040, 0x0040, 0x0040, 0x0040, 0x0040, 0x0040, 0x0040, 0x0040,
    0x0040, 0x0040, 0x0040, 0x0040, 0x0040, 0x0040, 0x0040, 0x0061, 0x0000, 0x09C3, 0x1D0A, 0x0000,
    0x0061, 0x0040, 0x0040, 0x0040, 0x0020, 0x0000, 0x0000, 0x0040, 0x0040, 0x0040, 0x0040, 0x0040,
    0x0061, 0x00C1, 0x0061, 0x0040, 0x0040, 0x0040, 0x0040, 0x0040, 0x0000, 0x0000, 0x0000, 0x0041,
    0x0040, 0x0040, 0x0040, 0x0061, 0x0000, 0x1D6B, 0x0A24, 0x0000, 0x0061, 0x0040, 0x0040, 0x0040,
    0x0040, 0x0040, 0x0040, 0x0040, 0x0040, 0x0040, 0x0040, 0x0040, 0x0040, 0x0040, 0x0040, 0x0040,
    0x0040, 0x0020, 0x0142, 0x1428, 0x00A1, 0x0020, 0x0040, 0x0040, 0x0040, 0x0040, 0x0040, 0x0040,
    0x0040, 0x0040, 0x0040, 0x0040, 0x0040, 0x0040, 0x0040, 0x0040, 0x0040, 0x0040, 0x0040, 0x0040,
    0x0040, 0x0040, 0x0040, 0x0040, 0x0040, 0x0040, 0x0040, 0x0040, 0x0040, 0x0000, 0x0000, 0x0020,
    0x0040, 0x0040, 0x0020, 0x0020, 0x268D, 0x1D4B, 0x0000, 0x0061, 0x0040, 0x0040, 0x0040, 0x0040,
    0x0040, 0x0040, 0x0040, 0x0040, 0x0040, 0x0040, 0x0040, 0x0040, 0x0040, 0x0040, 0x0040, 0x0040,
    0x0040, 0x0040, 0x0040, 0x0040, 0x0040, 0x0040, 0x0040, 0x0040, 0x0040, 0x0040, 0x0040, 0x0040,
    0x0040, 0x0040, 0x0040, 0x0040, 0x0040, 0x0040, 0x0040, 0x0040, 0x0040, 0x0040, 0x0040, 0x0040,
    0x0040, 0x0040, 0x0040, 0x0040, 0x0040, 0x0040, 0x0040, 0x0040, 0x0040, 0x0040, 0x0040, 0x0040,
    0x0040, 0x0040, 0x0040, 0x0040, 0x0040, 0x0040, 0x0040, 0x0040, 0x0040, 0x0040, 0x0040, 0x0040,
    0x0000, 0x1428, 0x13A7, 0x0000, 0x0060, 0x0040, 0x0040, 0x0040, 0x0040, 0x0A85, 0x0A24, 0x0020,
    0x0040, 0x0040, 0x0040, 0x0040, 0x0020, 0x0020, 0x0040, 0x0040, 0x0040, 0x0040, 0x0040, 0x0040,
    0x0061, 0x0AC5, 0x0163, 0x0000, 0x0040, 0x0040, 0x0040, 0x0040, 0x0020, 0x09E4, 0x00E2, 0x0020,
    0x0040, 0x0040, 0x0040, 0x0040, 0x0040, 0x0040, 0x0040, 0x0040, 0x0040, 0x0040, 0x0040, 0x0040,
    0x0040, 0x0040, 0x0040, 0x0040, 0x0040, 0x0040, 0x0020, 0x0000, 0x0020, 0x0040, 0x0040, 0x0040,
    0x0040, 0x0040, 0x0040, 0x0040, 0x0040, 0x0040, 0x0040, 0x0040, 0x0040, 0x0040, 0x0040, 0x0040,
    0x0040, 0x0040, 0x0040, 0x0040, 0x0040, 0x0040, 0x0040, 0x0040, 0x0040, 0x0040, 0x0040, 0x0040,
    0x0000, 0x0A44, 0x1387, 0x0061, 0x0040, 0x0040, 0x0040, 0x0000, 0x0AA5, 0x1D6B, 0x0000, 0x0041,
    0x0040, 0x0040, 0x0040, 0x0040, 0x0040, 0x0040, 0x0040, 0x0040, 0x0040, 0x0040, 0x0040, 0x0040,
    0x0040, 0x0040, 0x0040, 0x0040, 0x0040, 0x0040, 0x0040, 0x0040, 0x0040, 0x0040, 0x0040, 0x0040,
    0x0040, 0x0040, 0x0040, 0x0040, 0x0040, 0x0040, 0x0040, 0x0040, 0x0040, 0x0040, 0x0040, 0x0040,
    0x0040, 0x0040, 0x0040, 0x0040, 0x0040, 0x0040, 0x0040, 0x0040, 0x0040, 0x0040, 0x0040, 0x0040,
    0x0040, 0x0040, 0x0040, 0x0040, 0x0040, 0x0040, 0x0040, 0x0040, 0x0040, 0x0040, 0x0040, 0x0040,
    0x0040, 0x0040, 0x0040, 0x0040, 0x0000, 0x1C28, 0x13A7, 0x0000, 0x0061, 0x0040, 0x0040, 0x0020,
    0x0061, 0x26AE, 0x1408, 0x0000, 0x0040, 0x0040, 0x0040, 0x0040, 0x0061, 0x0000, 0x0000, 0x0040,
    0x0040, 0x0040, 0x0061, 0x0000, 0x13A7, 0x1D4B, 0x1D4B, 0x00C1, 0x0020, 0x0040, 0x0040, 0x0040,
    0x0040, 0x0000, 0x0020, 0x0040, 0x0040, 0x0040, 0x0040, 0x0040, 0x0040, 0x0040, 0x0040, 0x0040,
    0x0040, 0x0040, 0x0040, 0x0040, 0x0040, 0x0040, 0x0040, 0x0040, 0x0040, 0x0040, 0x0020, 0x0000,
    0x0040, 0x0040, 0x0040, 0x0040, 0x0040, 0x0040, 0x0040, 0x0040, 0x0040, 0x0040, 0x0040, 0x0040,
    0x0040, 0x0040, 0x0040, 0x0040, 0x0040, 0x0040, 0x0040, 0x0040, 0x0040, 0x0040, 0x0040, 0x0040,
    0x0040, 0x0040, 0x0040, 0x0040, 0x0020, 0x0142, 0x1CAA, 0x260C, 0x0040, 0x0040, 0x0040, 0x0000,
    0x0A24, 0x1D4B, 0x0000, 0x0041, 0x0040, 0x0040, 0x0040, 0x0040, 0x0040, 0x0040, 0x0040, 0x0040,
    0x0040, 0x0040, 0x0040, 0x0040, 0x0040, 0x0040, 0x0040, 0x0040, 0x0040, 0x0040, 0x0040, 0x0040,
    0x0040, 0x0040, 0x0040, 0x0040, 0x0040, 0x0040, 0x0040, 0x0040, 0x0040, 0x0040, 0x0040, 0x0040,
    0x0040, 0x0040, 0x0040, 0x0040, 0x0040, 0x0040, 0x0040, 0x0040, 0x0040, 0x0040, 0x0040, 0x0040,
    0x0040, 0x0040, 0x0040, 0x0040, 0x0040, 0x0040, 0x0040, 0x0040, 0x0040, 0x0040, 0x0040, 0x0040,
    0x0040, 0x0040, 0x0040, 0x0040, 0x0040, 0x0040, 0x0040, 0x0040, 0x0000, 0x09C3, 0x1D2B, 0x0000,
    0x0040, 0x0040, 0x0040, 0x0020, 0x0081, 0x1D6B, 0x0061, 0x0020, 0x0040, 0x0040, 0x0040, 0x0000,
    0x0A85, 0x1D4B, 0x09C4, 0x0020, 0x0040, 0x0040, 0x0040, 0x0000, 0x1D8B, 0x0983, 0x1CEA, 0x0A45,
    0x0000, 0x0040, 0x0040, 0x0040, 0x0020, 0x0020, 0x0040, 0x0040, 0x0040, 0x0040, 0x0040, 0x0040,
    0x0040, 0x0040, 0x0040, 0x0040, 0x0040, 0x0040, 0x0040, 0x0040, 0x0040, 0x0040, 0x0040, 0x0040,
    0x0040, 0x0020, 0x0081, 0x09A3, 0x0000, 0x0000, 0x0020, 0x0040, 0x0040, 0x0040, 0x0040, 0x0040,
    0x0040, 0x0040, 0x0040, 0x0040, 0x0040, 0x0040, 0x0040, 0x0040, 0x0040, 0x0040, 0x0040, 0x0040,
    0x0040, 0x0040, 0x0040, 0x0040, 0x0040, 0x0040, 0x0040, 0x0040, 0x0020, 0x0142, 0x1CAA, 0x25EC,
    0x0040, 0x0040, 0x0040, 0x0000, 0x0A24, 0x1D4B, 0x0000, 0x0041, 0x0040, 0x0040, 0x0040, 0x0040,
    0x0040, 0x0040, 0x0040, 0x0040, 0x0040, 0x0040, 0x0040, 0x0040, 0x0040, 0x0040, 0x0040, 0x0040,
    0x0040, 0x0040, 0x0040, 0x0040, 0x0040, 0x0040, 0x0040, 0x0040, 0x0040, 0x0040, 0x0040, 0x0040,
    0x0040, 0x0040, 0x0040, 0x0040, 0x0040, 0x0040, 0x0040, 0x0040, 0x0040, 0x0040, 0x0040, 0x0040,
    0x0040, 0x0040, 0x0040, 0x0040, 0x0040, 0x0040, 0x0040, 0x0040, 0x0040, 0x0040, 0x0040, 0x0040,
    0x0040, 0x0040, 0x0040, 0x0040, 0x0040, 0x0040, 0x0040, 0x0040, 0x0040, 0x0040, 0x0040, 0x0040,
    0x0020, 0x00E2, 0x25CC, 0x09A3, 0x0000, 0x0040, 0x0040, 0x0020, 0x0081, 0x1DAB, 0x00E2, 0x0000,
    0x0040, 0x0040, 0x0040, 0x0040, 0x0061, 0x1306, 0x2F2F, 0x1CCA, 0x0000, 0x0040, 0x0040, 0x0000,
    0x25AB, 0x09A3, 0x1D0A, 0x0A45, 0x0000, 0x0040, 0x0040, 0x0040, 0x00A1, 0x00A1, 0x0020, 0x0040,
    0x0040, 0x0040, 0x0040, 0x0040, 0x0040, 0x0040, 0x0040, 0x0040, 0x0040, 0x0040, 0x0040, 0x0040,
    0x0040, 0x0040, 0x0040, 0x0040, 0x0040, 0x0020, 0x00C1, 0x1D4B, 0x1CAA, 0x0A65, 0x0040, 0x0020,
    0x0040, 0x0040, 0x0040, 0x0040, 0x0040, 0x0040, 0x0040, 0x0040, 0x0040, 0x0040, 0x0040, 0x0040,
    0x0040, 0x0040, 0x0040, 0x0040, 0x0040, 0x0040, 0x0040, 0x0040, 0x0040, 0x0040, 0x0040, 0x0040,
    0x0000, 0x0A44, 0x1387, 0x0061, 0x0040, 0x0040, 0x0040, 0x0000, 0x0AA5, 0x1D6B, 0x0000, 0x0041,
    0x0040, 0x0040, 0x0040, 0x0040, 0x0040, 0x0040, 0x0040, 0x0040, 0x0040, 0x0040, 0x0040, 0x0040,
    0x0040, 0x0040, 0x0040, 0x0040, 0x0040, 0x0040, 0x0040, 0x0040, 0x0040, 0x0040, 0x0040, 0x0040,
    0x0040, 0x0040, 0x0040, 0x0040, 0x0040, 0x0040, 0x0040, 0x0040, 0x0040, 0x0040, 0x0040, 0x0040,
    0x0040, 0x0040, 0x0040, 0x0040, 0x0040, 0x0040, 0x0040, 0x0040, 0x0040, 0x0040, 0x0040, 0x0040,
    0x0040, 0x0040, 0x0040, 0x0040, 0x0040, 0x0040, 0x0040, 0x0040, 0x0040, 0x0040, 0x0040, 0x0040,
    0x0040, 0x0040, 0x0040, 0x0040, 0x0040, 0x0020, 0x00A1, 0x00A1, 0x0020, 0x0040, 0x0040, 0x0020,
    0x0081, 0x1D8B, 0x0061, 0x0000, 0x0040, 0x0040, 0x0041, 0x0000, 0x0A44, 0x25AC, 0x13E8, 0x0983,
    0x0020, 0x0040, 0x0041, 0x0000, 0x13E8, 0x1D6B, 0x1D8B, 0x00C2, 0x0020, 0x0040, 0x0020, 0x0040,
    0x266D, 0x1CCA, 0x0000, 0x0041, 0x0040, 0x0040, 0x0040, 0x0040, 0x0040, 0x0040, 0x0040, 0x0040,
    0x0040, 0x0040, 0x0040, 0x0040, 0x0040, 0x0040, 0x0040, 0x0040, 0x0040, 0x0040, 0x0020, 0x09E4,
    0x260C, 0x26CE, 0x00A1, 0x0020, 0x0040, 0x0040, 0x0040, 0x0040, 0x0040, 0x0040, 0x0040, 0x0040,
    0x0040, 0x0040, 0x0040, 0x0040, 0x0040, 0x0040, 0x0040, 0x0040, 0x0040, 0x0040, 0x0040, 0x0040,
    0x0040, 0x0040, 0x0040, 0x0040, 0x0040, 0x0000, 0x0000, 0x0020, 0x0040, 0x0040, 0x0020, 0x0040,
    0x268D, 0x1D4B, 0x0000, 0x0061, 0x0040, 0x0040, 0x0040, 0x0040, 0x0040, 0x0040, 0x0040, 0x0040,
    0x0040, 0x0040, 0x0040, 0x0040, 0x0040, 0x0040, 0x0040, 0x0040, 0x0040, 0x0040, 0x0040, 0x0040,
    0x0040, 0x0040, 0x0040, 0x0040, 0x0040, 0x0040, 0x0040, 0x0040, 0x0040, 0x0040, 0x0040, 0x0040,
    0x0040, 0x0040, 0x0040, 0x0040, 0x0040, 0x0040, 0x0040, 0x0040, 0x0040, 0x0040, 0x0040, 0x0040,
    0x0040, 0x0040, 0x0040, 0x0040, 0x0040, 0x0040, 0x0040, 0x0040, 0x0040, 0x0040, 0x0040, 0x0040,
    0x0040, 0x0040, 0x0040, 0x0040, 0x0040, 0x0040, 0x0040, 0x0040, 0x0040, 0x0020, 0x0000, 0x0000,
    0x0040, 0x0040, 0x0040, 0x0020, 0x0061, 0x26AD, 0x0AA5, 0x0000, 0x0040, 0x0040, 0x0040, 0x0020,
    0x0122, 0x0122, 0x0000, 0x0000, 0x0040, 0x0040, 0x0040, 0x0020, 0x0040, 0x0AC6, 0x0163, 0x0000,
    0x0040, 0x0040, 0x0020, 0x0081, 0x25EC, 0x0122, 0x0000, 0x0040, 0x0040, 0x0040, 0x0040, 0x0040,
    0x0040, 0x0040, 0x0040, 0x0040, 0x0040, 0x0040, 0x0040, 0x0040, 0x0040, 0x0040, 0x0040, 0x0040,
    0x0040, 0x0000, 0x00E2, 0x1DAB, 0x1306, 0x0061, 0x0020, 0x0040, 0x0040, 0x0040, 0x0040, 0x0040,
    0x0040, 0x0040, 0x0040, 0x0040, 0x0040, 0x0040, 0x0040, 0x0040, 0x0040, 0x0040, 0x0040, 0x0040,
    0x0040, 0x0040, 0x0040, 0x0040, 0x0040, 0x0040, 0x0040, 0x0040, 0x0040, 0x0040, 0x0061, 0x0040,
    0x0040, 0x0040, 0x0040, 0x0040, 0x00E2, 0x00A1, 0x0020, 0x0040, 0x0040, 0x0040, 0x0040, 0x0040,
    0x0040, 0x0040, 0x0040, 0x0040, 0x0040, 0x0040, 0x0040, 0x0040, 0x0040, 0x0040, 0x0040, 0x0040,
    0x0040, 0x0040, 0x0040, 0x0040, 0x0040, 0x0040, 0x0040, 0x0040, 0x0040, 0x0040, 0x0040, 0x0040,
    0x0040, 0x0040, 0x0040, 0x0040, 0x0040, 0x0040, 0x0040, 0x0040, 0x0040, 0x0040, 0x0040, 0x0040,
    0x0040, 0x0040, 0x0040, 0x0040, 0x0040, 0x0040, 0x0040, 0x0040, 0x0040, 0x0040, 0x0040, 0x0040,
    0x0040, 0x0040, 0x0040, 0x0040, 0x0040, 0x0040, 0x0040, 0x0040, 0x0040, 0x0040, 0x0040, 0x0040,
    0x0020, 0x0122, 0x1CEA, 0x1326, 0x0000, 0x0040, 0x0040, 0x0020, 0x0040, 0x1CEA, 0x1408, 0x0000,
    0x0040, 0x0040, 0x0040, 0x0040, 0x0000, 0x0000, 0x0061, 0x0040, 0x0040, 0x0040, 0x0040, 0x0040,
    0x0040, 0x0000, 0x0000, 0x0040, 0x0040, 0x0040, 0x0020, 0x0081, 0x25AC, 0x00C1, 0x0000, 0x0040,
    0x0040, 0x0040, 0x0040, 0x0040, 0x0040, 0x0040, 0x0040, 0x0040, 0x0040, 0x0040, 0x0040, 0x0040,
    0x0040, 0x0040, 0x0040, 0x0040, 0x0040, 0x0020, 0x0041, 0x0000, 0x0000, 0x0020, 0x0040, 0x0040,
    0x0040, 0x0040, 0x0040, 0x0040, 0x0040, 0x0040, 0x0040, 0x0040, 0x0040, 0x0040, 0x0040, 0x0040,
    0x0040, 0x0040, 0x0040, 0x0040, 0x0040, 0x0040, 0x0040, 0x0040, 0x0040, 0x0040, 0x0040, 0x0040,
    0x0040, 0x0040, 0x0020, 0x0020, 0x0040, 0x0040, 0x0040, 0x0040, 0x0000, 0x0000, 0x0040, 0x0040,
    0x0040, 0x0040, 0x0061, 0x0061, 0x0040, 0x0040, 0x0040, 0x0040, 0x0040, 0x0040, 0x0040, 0x0040,
    0x0040, 0x0040, 0x0040, 0x0040, 0x0040, 0x0040, 0x0040, 0x0040, 0x0040, 0x0040, 0x0040, 0x0040,
    0x0040, 0x0040, 0x0040, 0x0040, 0x0040, 0x0040, 0x0040, 0x0040, 0x0040, 0x0040, 0x0040, 0x0040,
    0x0040, 0x0040, 0x0040, 0x0040, 0x0040, 0x0040, 0x0040, 0x0040, 0x0040, 0x0040, 0x0040, 0x0040,
    0x0040, 0x0040, 0x0040, 0x0040, 0x0040, 0x0040, 0x0040, 0x0040, 0x0040, 0x0040, 0x0040, 0x0040,
    0x0040, 0x0040, 0x0040, 0x0041, 0x0000, 0x1CEA, 0x13E8, 0x25AC, 0x0163, 0x0000, 0x0040, 0x0040,
    0x0040, 0x0000, 0x0000, 0x0020, 0x0040, 0x0040, 0x0040, 0x0040, 0x0040, 0x0040, 0x0040, 0x0040,
    0x0040, 0x0040, 0x0040, 0x0040, 0x0040, 0x0040, 0x0020, 0x0040, 0x0040, 0x0040, 0x0020, 0x0081,
    0x25AC, 0x00A1, 0x0000, 0x0040, 0x0040, 0x0040, 0x0040, 0x0040, 0x0040, 0x0040, 0x0040, 0x0040,
    0x0040, 0x0040, 0x0040, 0x0040, 0x0040, 0x0040, 0x0040, 0x0040, 0x0040, 0x0040, 0x0020, 0x0040,
    0x0041, 0x0040, 0x0040, 0x0040, 0x0040, 0x0040, 0x0040, 0x0040, 0x0040, 0x0040, 0x0040, 0x0040,
    0x0040, 0x0040, 0x0040, 0x0040, 0x0040, 0x0040, 0x0040, 0x0040, 0x0040, 0x0040, 0x0040, 0x0040,
    0x0040, 0x0040, 0x0040, 0x0040, 0x0040, 0x0000, 0x0061, 0x00C1, 0x0040, 0x0040, 0x0020, 0x0040,
    0x1D4B, 0x13C8, 0x0000, 0x0040, 0x0040, 0x0000, 0x0000, 0x0000, 0x0000, 0x0040, 0x0040, 0x0040,
    0x0040, 0x0040, 0x0040, 0x0040, 0x0040, 0x0040, 0x0040, 0x0040, 0x0040, 0x0040, 0x0040, 0x0040,
    0x0040, 0x0040, 0x0040, 0x0040, 0x0040, 0x0040, 0x0040, 0x0040, 0x0040, 0x0040, 0x0040, 0x0040,
    0x0040, 0x0040, 0x0040, 0x0040, 0x0040, 0x0040, 0x0040, 0x0040, 0x0040, 0x0040, 0x0040, 0x0040,
    0x0040, 0x0040, 0x0040, 0x0040, 0x0040, 0x0040, 0x0040, 0x0040, 0x0040, 0x0040, 0x0040, 0x0040,
    0x0040, 0x0040, 0x0040, 0x0040, 0x0040, 0x0040, 0x0040, 0x0040, 0x0000, 0x264D, 0x09A3, 0x1D6B,
    0x0AA5, 0x0000, 0x0040, 0x0040, 0x0040, 0x0040, 0x00E2, 0x0081, 0x0020, 0x0040, 0x0040, 0x0040,
    0x0040, 0x0040, 0x0040, 0x0040, 0x0040, 0x0040, 0x0040, 0x0040, 0x0020, 0x00A1, 0x00C1, 0x0020,
    0x0040, 0x0040, 0x0020, 0x0081, 0x266D, 0x0163, 0x0000, 0x0040, 0x0040, 0x0040, 0x0040, 0x0040,
    0x0040, 0x0040, 0x0040, 0x0040, 0x0040, 0x0040, 0x0040, 0x0040, 0x0040, 0x0040, 0x0040, 0x0040,
    0x0040, 0x0040, 0x0040, 0x0040, 0x0040, 0x0040, 0x0040, 0x0040, 0x0040, 0x0040, 0x0040, 0x0040,
    0x0040, 0x0040, 0x0040, 0x0040, 0x0040, 0x0040, 0x0040, 0x0040, 0x0040, 0x0040, 0x0040, 0x0040,
    0x0040, 0x0040, 0x0040, 0x0040, 0x0040, 0x0040, 0x0040, 0x0040, 0x0020, 0x00E2, 0x1D8B, 0x25EC,
    0x0040, 0x0040, 0x0040, 0x0000, 0x1C69, 0x25CC, 0x0000, 0x0061, 0x0020, 0x09E4, 0x12C6, 0x12C6,
    0x09E4, 0x0020, 0x0041, 0x0021, 0x0021, 0x0021, 0x0021, 0x0021, 0x0021, 0x0021, 0x0021, 0x0021,
    0x0021, 0x0021, 0x0021, 0x0021, 0x0021, 0x0021, 0x0021, 0x0021, 0x0021, 0x0021, 0x0021, 0x0021,
    0x0021, 0x0021, 0x0021, 0x0021, 0x0021, 0x0021, 0x0021, 0x0021, 0x0021, 0x0021, 0x0021, 0x0021,
    0x0021, 0x0021, 0x0021, 0x0021, 0x0021, 0x0021, 0x0021, 0x0021, 0x0021, 0x0021, 0x0021, 0x0021,
    0x0021, 0x0021, 0x0021, 0x0021, 0x0021, 0x0021, 0x0021, 0x0021, 0x0021, 0x0021, 0x0021, 0x0041,
    0x0000, 0x13C8, 0x0983, 0x1387, 0x0983, 0x0000, 0x0041, 0x0021, 0x0021, 0x0041, 0x13C8, 0x0943,
    0x0000, 0x0041, 0x0021, 0x0021, 0x0021, 0x0021, 0x0021, 0x0021, 0x0021, 0x0021, 0x0021, 0x0041,
    0x0000, 0x12C6, 0x12C6, 0x0000, 0x0041, 0x0041, 0x0020, 0x0041, 0x1CCA, 0x1367, 0x0000, 0x0041,
    0x0021, 0x0021, 0x0021, 0x0021, 0x0021, 0x0021, 0x0021, 0x0021, 0x0021, 0x0021, 0x0021, 0x0021,
    0x0021, 0x0021, 0x0021, 0x0021, 0x0021, 0x0021, 0x0021, 0x0021, 0x0021, 0x0021, 0x0021, 0x0021,
    0x0021, 0x0021, 0x0021, 0x0021, 0x0021, 0x0021, 0x0021, 0x0021, 0x0021, 0x0021, 0x0021, 0x0021,
    0x0021, 0x0021, 0x0021, 0x0021, 0x0021, 0x0021, 0x0021, 0x0040, 0x0040, 0x0040, 0x0040, 0x0061,
    0x0000, 0x1387, 0x1CAA, 0x0AA5, 0x0020, 0x0020, 0x0040, 0x0000, 0x09C4, 0x1D4B, 0x0000, 0x0061,
    0x0000, 0x25AC, 0x3FF3, 0x3FF3, 0x25AD, 0x0000, 0x0041, 0x0021, 0x0021, 0x0021, 0x0021, 0x0021,
    0x0021, 0x0021, 0x0021, 0x0021, 0x0021, 0x0021, 0x0021, 0x0021, 0x0021, 0x0021, 0x0021, 0x0021,
    0x0021, 0x0021, 0x0021, 0x0021, 0x0021, 0x0021, 0x0021, 0x0021, 0x0021, 0x0021, 0x0021, 0x0021,
    0x0021, 0x0021, 0x0021, 0x0021, 0x0021, 0x0021, 0x0021, 0x0021, 0x0021, 0x0021, 0x0021, 0x0021,
    0x0021, 0x0021, 0x0021, 0x0021, 0x0021, 0x0021, 0x0021, 0x0021, 0x0021, 0x0021, 0x0021, 0x0021,
    0x0021, 0x0021, 0x0021, 0x0021, 0x0021, 0x0000, 0x0001, 0x0000, 0x0001, 0x0021, 0x0021, 0x0021,
    0x0021, 0x0021, 0x0001, 0x0001, 0x0021, 0x0021, 0x0021, 0x0021, 0x0021, 0x0021, 0x0021, 0x0021,
    0x0021, 0x0021, 0x0021, 0x0021, 0x0021, 0x0001, 0x0001, 0x0021, 0x0021, 0x0021, 0x0021, 0x0021,
    0x0000, 0x0001, 0x0021, 0x0021, 0x0021, 0x0021, 0x0021, 0x0021, 0x0021, 0x0021, 0x0021, 0x0021,
    0x0021, 0x0021, 0x0021, 0x0021, 0x0021, 0x0021, 0x0021, 0x0021, 0x0021, 0x0021, 0x0021, 0x0021,
    0x0021, 0x0021, 0x0021, 0x0021, 0x0021, 0x0021, 0x0021, 0x0021, 0x0021, 0x0021, 0x0021, 0x0021,
    0x0021, 0x0021, 0x0021, 0x0021, 0x0021, 0x0021, 0x0021, 0x0021, 0x0021, 0x0021, 0x0021, 0x0020,
    0x0020, 0x0020, 0x0020, 0x0041, 0x0000, 0x13E8, 0x1408, 0x09A3, 0x0020, 0x0020, 0x0040, 0x0000,
    0x0A65, 0x1D4B, 0x0000, 0x0061, 0x0000, 0x254C, 0x37D2, 0x37D2, 0x254C, 0x0000, 0x0041, 0x0021,
    0x0021, 0x0021, 0x0021, 0x0021, 0x0021, 0x0021, 0x0021, 0x0021, 0x0021, 0x0021, 0x0021, 0x0021,
    0x0021, 0x0021, 0x0021, 0x0021, 0x0021, 0x0021, 0x0021, 0x0021, 0x0021, 0x0021, 0x0021, 0x0021,
    0x0021, 0x0021, 0x0021, 0x0021, 0x0021, 0x0021, 0x0021, 0x0021, 0x0021, 0x0021, 0x0021, 0x0021,
    0x0021, 0x0021, 0x0021, 0x0021, 0x0021, 0x0021, 0x0021, 0x0021, 0x0021, 0x0021, 0x0021, 0x0021,
    0x0021, 0x0021, 0x0021, 0x0021, 0x0021, 0x0021, 0x0021, 0x0021, 0x0021, 0x0041, 0x0021, 0x0021,
    0x0021, 0x0021, 0x0021, 0x0021, 0x0021, 0x0021, 0x0021, 0x0021, 0x0021, 0x0021, 0x0021, 0x0021,
    0x0021, 0x0021, 0x0021, 0x0021, 0x0021, 0x0021, 0x0021, 0x0021, 0x0021, 0x0021, 0x0021, 0x0021,
    0x0021, 0x0021, 0x0021, 0x0021, 0x0041, 0x0021, 0x0021, 0x0021, 0x0021, 0x0021, 0x0021, 0x0021,
    0x0021, 0x0021, 0x0021, 0x0021, 0x0021, 0x0021, 0x0021, 0x0021, 0x0021, 0x0021, 0x0021, 0x0021,
    0x0021, 0x0021, 0x0021, 0x0021, 0x0021, 0x0021, 0x0021, 0x0021, 0x0021, 0x0021, 0x0021, 0x0021,
    0x0021, 0x0021, 0x0021, 0x0021, 0x0021, 0x0021, 0x0021, 0x0021, 0x0021, 0x0021, 0x0021, 0x0021,
    0x0021, 0x0021, 0x0021, 0x0020, 0x0020, 0x0020, 0x0020, 0x0041, 0x0000, 0x12C6, 0x1D8B, 0x1408,
    0x0020, 0x0020, 0x0040, 0x0000, 0x09C4, 0x1D4B, 0x0000, 0x0061, 0x0000, 0x256C, 0x3FF2, 0x37F2,
    0x256C, 0x0000, 0x0041, 0x0021, 0x0021, 0x0021, 0x0021, 0x0021, 0x0021, 0x0021, 0x0021, 0x0021,
    0x0021, 0x0021, 0x0021, 0x0021, 0x0021, 0x0021, 0x0021, 0x0021, 0x0021, 0x0021, 0x0021, 0x0021,
    0x0021, 0x0021, 0x0021, 0x0021, 0x0021, 0x0021, 0x0021, 0x0021, 0x0021, 0x0021, 0x0021, 0x0021,
    0x0021, 0x0021, 0x0021, 0x0021, 0x0021, 0x0021, 0x0021, 0x0021, 0x0021, 0x0021, 0x0021, 0x0021,
    0x0021, 0x0021, 0x0021, 0x0021, 0x0021, 0x0021, 0x0021, 0x0021, 0x0021, 0x0021, 0x0021, 0x0021,
    0x0021, 0x0021, 0x0021, 0x0021, 0x0021, 0x0021, 0x0021, 0x0021, 0x0021, 0x0021, 0x0021, 0x0021,
    0x0021, 0x0021, 0x0021, 0x0021, 0x0021, 0x0021, 0x0021, 0x0021, 0x0021, 0x0021, 0x0021, 0x0021,
    0x0021, 0x0021, 0x0021, 0x0021, 0x0021, 0x0021, 0x0021, 0x0021, 0x0021, 0x0021, 0x0021, 0x0021,
    0x0021, 0x0021, 0x0021, 0x0021, 0x0021, 0x0021, 0x0021, 0x0021, 0x0021, 0x0021, 0x0021, 0x0021,
    0x0021, 0x0021, 0x0021, 0x0021, 0x0021, 0x0021, 0x0021, 0x0021, 0x0021, 0x0021, 0x0021, 0x0021,
    0x0021, 0x0021, 0x0021, 0x0021, 0x0021, 0x0021, 0x0021, 0x0021, 0x0021, 0x0021, 0x0021, 0x0021,
    0x0021, 0x0021, 0x0021, 0x0021, 0x0021, 0x0021, 0x0021, 0x0020, 0x0020, 0x0020, 0x0020, 0x0020,
    0x0020, 0x0040, 0x1408, 0x1CCA, 0x0020, 0x0040, 0x0020, 0x0020, 0x260C, 0x25EC, 0x0000, 0x0061,
    0x0000, 0x256C, 0x3FF2, 0x37F2, 0x256C, 0x0000, 0x0041, 0x0021, 0x0021, 0x0021, 0x0021, 0x0021,
    0x0021, 0x0021, 0x0021, 0x0021, 0x0021, 0x0021, 0x0021, 0x0021, 0x0021, 0x0021, 0x0021, 0x0021,
    0x0021, 0x0021, 0x0021, 0x0021, 0x0021, 0x0021, 0x0021, 0x0021, 0x0021, 0x0021, 0x0021, 0x0021,
    0x0021, 0x0021, 0x0021, 0x0021, 0x0021, 0x0021, 0x0021, 0x0021, 0x0021, 0x0021, 0x0021, 0x0021,
    0x0021, 0x0021, 0x0021, 0x0021, 0x0021, 0x0021, 0x0021, 0x0021, 0x0021, 0x0021, 0x0021, 0x0021,
    0x0021, 0x0021, 0x0021, 0x0021, 0x0021, 0x0021, 0x0021, 0x0021, 0x0021, 0x0021, 0x0021, 0x0021,
    0x0021, 0x0021, 0x0021, 0x0021, 0x0021, 0x0021, 0x0021, 0x0021, 0x0021, 0x0021, 0x0021, 0x0021,
    0x0021, 0x0021, 0x0021, 0x0021, 0x0021, 0x0021, 0x0021, 0x0021, 0x0021, 0x0021, 0x0021, 0x0021,
    0x0021, 0x0021, 0x0021, 0x0021, 0x0021, 0x0021, 0x0021, 0x0021, 0x0021, 0x0021, 0x0021, 0x0021,
    0x0021, 0x0021, 0x0021, 0x0021, 0x0021, 0x0021, 0x0021, 0x0021, 0x0021, 0x0021, 0x0021, 0x0021,
    0x0021, 0x0021, 0x0021, 0x0021, 0x0021, 0x0021, 0x0021, 0x0021, 0x0021, 0x0021, 0x0021, 0x0021,
    0x0021, 0x0021, 0x0021, 0x0021, 0x0021, 0x0021, 0x0021, 0x0021, 0x0021, 0x0021, 0x0021, 0x0020,
    0x0020, 0x0020, 0x0020, 0x0020, 0x0020, 0x0020, 0x0000, 0x0000, 0x0020, 0x0020, 0x0020, 0x0020,
    0x12E6, 0x0A04, 0x0020, 0x0061, 0x0000, 0x256C, 0x3FF2, 0x37F2, 0x256C, 0x0000, 0x0041, 0x0021,
    0x0021, 0x0021, 0x0021, 0x0021, 0x0021, 0x0021, 0x0021, 0x0021, 0x0021, 0x0021, 0x0021, 0x0021,
    0x0021, 0x0021, 0x0021, 0x0021, 0x0021, 0x0021, 0x0021, 0x0021, 0x0021, 0x0021, 0x0021, 0x0021,
    0x0021, 0x0021, 0x0021, 0x0021, 0x0021, 0x0021, 0x0021, 0x0021, 0x0021, 0x0021, 0x0021, 0x0021,
    0x0021, 0x0021, 0x0021, 0x0021, 0x0021, 0x0021, 0x0021, 0x0021, 0x0021, 0x0021, 0x0021, 0x0021,
    0x0021, 0x0021, 0x0021, 0x0021, 0x0021, 0x0021, 0x0021, 0x0021, 0x0021, 0x0021, 0x0021, 0x0021,
    0x0021, 0x0021, 0x0021, 0x0021, 0x0021, 0x0021, 0x0021, 0x0021, 0x0021, 0x0021, 0x0021, 0x0021,
    0x0021, 0x0021, 0x0021, 0x0021, 0x0021, 0x0021, 0x0021, 0x0021, 0x0021, 0x0021, 0x0021, 0x0021,
    0x0021, 0x0021, 0x0021, 0x0021, 0x0021, 0x0021, 0x0021, 0x0021, 0x0021, 0x0021, 0x0021, 0x0021,
    0x0021, 0x0021, 0x0021, 0x0021, 0x0021, 0x0021, 0x0021, 0x0021, 0x0021, 0x0021, 0x0021, 0x0021,
    0x0021, 0x0021, 0x0021, 0x0021, 0x0021, 0x0021, 0x0021, 0x0021, 0x0021, 0x0021, 0x0021, 0x0021,
    0x0021, 0x0021, 0x0021, 0x0021, 0x0021, 0x0021, 0x0021, 0x0021, 0x0021, 0x0021, 0x0021, 0x0021,
    0x0021, 0x0021, 0x0021, 0x0020, 0x0020, 0x0020, 0x0020, 0x0020, 0x0020, 0x0020, 0x0040, 0x0040,
    0x0020, 0x0020, 0x0020, 0x0020, 0x0000, 0x0000, 0x0020, 0x0040, 0x0000, 0x256C, 0x3FF2, 0x37F2,
    0x256C, 0x0000, 0x0041, 0x0021, 0x0021, 0x0021, 0x0021, 0x0041, 0x0042, 0x0042, 0x0042, 0x0042,
    0x0042, 0x0041, 0x0021, 0x0021, 0x0021, 0x0021, 0x0042, 0x0041, 0x0021, 0x0021, 0x0021, 0x0021,
    0x0041, 0x0042, 0x0042, 0x0042, 0x0041, 0x0021, 0x0021, 0x0021, 0x0021, 0x0041, 0x0042, 0x0021,
    0x0021, 0x0042, 0x0042, 0x0042, 0x0042, 0x0042, 0x0041, 0x0042, 0x0021, 0x0021, 0x0021, 0x0021,
    0x0021, 0x0041, 0x0042, 0x0021, 0x0021, 0x0021, 0x0021, 0x0021, 0x0021, 0x0042, 0x0041, 0x0021,
    0x0021, 0x0021, 0x0021, 0x0021, 0x0021, 0x0021, 0x0021, 0x0021, 0x0021, 0x0021, 0x0042, 0x0042,
    0x0042, 0x0042, 0x0042, 0x0042, 0x0041, 0x0021, 0x0021, 0x0021, 0x0021, 0x0021, 0x0021, 0x0041,
    0x0042, 0x0041, 0x0021, 0x0021, 0x0021, 0x0021, 0x0021, 0x0041, 0x0042, 0x0021, 0x0021, 0x0041,
    0x0042, 0x0021, 0x0021, 0x0021, 0x0021, 0x0021, 0x0042, 0x0021, 0x0021, 0x0021, 0x0021, 0x0021,
    0x0021, 0x0021, 0x0021, 0x0021, 0x0021, 0x0021, 0x0021, 0x0021, 0x0021, 0x0021, 0x0021, 0x0021,
    0x0021, 0x0021, 0x0021, 0x0021, 0x0021, 0x0021, 0x0021, 0x0021, 0x0021, 0x0021, 0x0021, 0x0021,
    0x0021, 0x0021, 0x0021, 0x0021, 0x0021, 0x0021, 0x0021, 0x0020, 0x0020, 0x0020, 0x0020, 0x0020,
    0x0020, 0x0020, 0x0020, 0x0020, 0x0020, 0x0020, 0x0020, 0x0020, 0x0040, 0x0040, 0x0020, 0x0040,
    0x0000, 0x256C, 0x3FF2, 0x37F2, 0x256C, 0x0000, 0x0041, 0x0021, 0x0021, 0x0021, 0x0021, 0x0000,
    0x0000, 0x0000, 0x0000, 0x0000, 0x0000, 0x0000, 0x0021, 0x0021, 0x0021, 0x0000, 0x0000, 0x0000,
    0x0021, 0x0021, 0x0021, 0x0021, 0x0000, 0x0000, 0x0000, 0x0000, 0x0000, 0x0001, 0x0021, 0x0021,
    0x0021, 0x0000, 0x0000, 0x0001, 0x0000, 0x0000, 0x0000, 0x0000, 0x0000, 0x0000, 0x0000, 0x0000,
    0x0000, 0x0021, 0x0021, 0x0021, 0x0001, 0x0000, 0x0000, 0x0000, 0x0021, 0x0021, 0x0021, 0x0021,
    0x0001, 0x0000, 0x0000, 0x0021, 0x0021, 0x0021, 0x0021, 0x0021, 0x0021, 0x0021, 0x0021, 0x0021,
    0x0021, 0x0001, 0x0000, 0x0000, 0x0000, 0x0000, 0x0000, 0x0000, 0x0000, 0x0001, 0x0021, 0x0021,
    0x0021, 0x0021, 0x0021, 0x0000, 0x0000, 0x0000, 0x0021, 0x0021, 0x0021, 0x0021, 0x0021, 0x0000,
    0x0000, 0x0001, 0x0021, 0x0000, 0x0000, 0x0000, 0x0021, 0x0021, 0x0021, 0x0000, 0x0000, 0x0000,
    0x0021, 0x0021, 0x0021, 0x0021, 0x0021, 0x0021, 0x0021, 0x0021, 0x0021, 0x0021, 0x0021, 0x0021,
    0x0021, 0x0021, 0x0021, 0x0021, 0x0021, 0x0021, 0x0021, 0x0021, 0x0021, 0x0021, 0x0021, 0x0021,
    0x0021, 0x0021, 0x0021, 0x0021, 0x0021, 0x0021, 0x0021, 0x0021, 0x0021, 0x0021, 0x0021, 0x0020,
    0x0020, 0x0020, 0x0020, 0x0020, 0x0020, 0x0020, 0x0020, 0x0020, 0x0020, 0x0020, 0x0020, 0x0020,
    0x0020, 0x0020, 0x0020, 0x0040, 0x0000, 0x256C, 0x3FF2, 0x37F2, 0x256C, 0x0000, 0x0041, 0x0021,
    0x0021, 0x0001, 0x0842, 0x94B3, 0xAD55, 0xA556, 0xAD56, 0xA535, 0x8451, 0x39E8, 0x0000, 0x0041,
    0x0000, 0x31C7, 0xAD75, 0x7BF0, 0x0001, 0x0021, 0x0000, 0x0001, 0x528B, 0x9493, 0xA556, 0x94D4,
    0x632D, 0x1083, 0x0000, 0x0001, 0x0862, 0x9CF4, 0xA555, 0x10A3, 0x6B8E, 0xAD96, 0xA556, 0xA556,
    0xA535, 0xA556, 0xA556, 0xAD96, 0x738F, 0x0000, 0x0041, 0x0001, 0x10A3, 0x9CF4, 0xAD55, 0x4A6A,
    0x0000, 0x0041, 0x0021, 0x0000, 0x2146, 0xAD75, 0x8C93, 0x0042, 0x0021, 0x0021, 0x0021, 0x0021,
    0x0021, 0x0021, 0x0021, 0x0021, 0x0000, 0x2987, 0xAD75, 0xA535, 0xAD56, 0xAD56, 0xA556, 0x94D3,
    0x632D, 0x0842, 0x0001, 0x0021, 0x0021, 0x0021, 0x0000, 0x73AF, 0xAD55, 0x7C11, 0x0001, 0x0021,
    0x0021, 0x0001, 0x0862, 0x9CF4, 0xA555, 0x18E4, 0x0021, 0x8C93, 0xAD75, 0x31C8, 0x0000, 0x0842,
    0x0000, 0x5AEC, 0xAD75, 0x4229, 0x0000, 0x0041, 0x0021, 0x0021, 0x0021, 0x0021, 0x0021, 0x0021,
    0x0021, 0x0021, 0x0021, 0x0021, 0x0021, 0x0021, 0x0021, 0x0021, 0x0021, 0x0021, 0x0021, 0x0021,
    0x0021, 0x0021, 0x0021, 0x0021, 0x0021, 0x0021, 0x0021, 0x0021, 0x0021, 0x0021, 0x0021, 0x0021,
    0x0021, 0x0021, 0x0021, 0x0020, 0x0020, 0x0020, 0x0020, 0x0020, 0x0020, 0x0020, 0x0020, 0x0020,
    0x0020, 0x0020, 0x0020, 0x0020, 0x0020, 0x0020, 0x0020, 0x0040, 0x0000, 0x256C, 0x3FF2, 0x37F2,
    0x256C, 0x0000, 0x0041, 0x0021, 0x0021, 0x0001, 0x0862, 0xEF5E, 0xFFFF, 0xFFDF, 0xF7DF, 0xFFFF,
    0xFFFF, 0xFFFF, 0x6B8F, 0x0000, 0x0000, 0x52AB, 0xFFFF, 0xC659, 0x0001, 0x0001, 0x18C3, 0xBDF8,
    0xFFFF, 0xFFFF, 0xF7DF, 0xFFFF, 0xFFFF, 0xD69A, 0x2125, 0x0000, 0x10A3, 0xF7DF, 0xFFFF, 0x18E4,
    0x9D15, 0xFFFF, 0xF7BF, 0xFFFF, 0xFFFF, 0xFFFF, 0xF7BF, 0xFFFF, 0xA535, 0x0000, 0x0862, 0x0000,
    0x5AEC, 0xFFFF, 0xFFFF, 0xC639, 0x0000, 0x0021, 0x0041, 0x0000, 0x3A08, 0xFFFF, 0xE73D, 0x0862,
    0x0001, 0x0021, 0x0021, 0x0021, 0x0021, 0x0021, 0x0021, 0x0041, 0x0000, 0x4A6A, 0xFFFF, 0xFFFF,
    0xF7DF, 0xF7DF, 0xF7DF, 0xFFFF, 0xFFFF, 0xAD56, 0x0021, 0x0021, 0x0021, 0x0000, 0x18C4, 0xEF9F,
    0xFFFF, 0xFFFF, 0x2946, 0x0000, 0x0041, 0x0001, 0x10A3, 0xF7DF, 0xFFFF, 0x2966, 0x0001, 0xE73D,
    0xFFFF, 0xBE19, 0x0001, 0x0842, 0x0000, 0x8C93, 0xFFFF, 0x6B6E, 0x0000, 0x0042, 0x0021, 0x0021,
    0x0021, 0x0021, 0x0021, 0x0021, 0x0021, 0x0021, 0x0021, 0x0021, 0x0021, 0x0021, 0x0021, 0x0021,
    0x0021, 0x0021, 0x0021, 0x0021, 0x0021, 0x0021, 0x0021, 0x0021, 0x0021, 0x0021, 0x0021, 0x0021,
    0x0021, 0x0021, 0x0021, 0x0021, 0x0021, 0x0021, 0x0021, 0x0020, 0x0020, 0x0020, 0x0020, 0x0020,
    0x0020, 0x0020, 0x0020, 0x0020, 0x0020, 0x0020, 0x0020, 0x0020, 0x0020, 0x0020, 0x0020, 0x0040,
    0x0000, 0x256C, 0x3FF2, 0x37F2, 0x256C, 0x0000, 0x0041, 0x0021, 0x0021, 0x0001, 0x0862, 0xD6DC,
    0xFFDF, 0x39E8, 0x0861, 0x18C3, 0x632D, 0xF7BF, 0xFFDF, 0x31A7, 0x0000, 0x52AB, 0xFFDF, 0xBDD8,
    0x0001, 0x0021, 0xB5B7, 0xFFFF, 0xB5D7, 0x31A7, 0x1083, 0x2966, 0xBDF8, 0xFFFF, 0xC639, 0x0020,
    0x10A3, 0xE73D, 0xF7BF, 0x2946, 0x0841, 0x10A3, 0x0861, 0x8C72, 0xFFDF, 0x8C52, 0x0861, 0x10A3,
    0x0862, 0x0021, 0x0021, 0x0000, 0xBDF8, 0xE75D, 0xBDF8, 0xFFDF, 0x31A7, 0x0000, 0x0842, 0x0000,
    0x39C8, 0xFFDF, 0xD6BB, 0x0862, 0x0001, 0x0021, 0x0021, 0x0021, 0x0021, 0x0021, 0x0021, 0x0041,
    0x0000, 0x4229, 0xFFDF, 0xC65A, 0x1083, 0x1083, 0x0862, 0x4A8A, 0xEF7E, 0xFFFF, 0x39C8, 0x0000,
    0x0842, 0x0000, 0x634E, 0xFFFF, 0xAD76, 0xFFFF, 0x8431, 0x0000, 0x0842, 0x0001, 0x1083, 0xE73D,
    0xF7BF, 0x2146, 0x0001, 0xD6BB, 0xFFDF, 0xFFFF, 0x52CB, 0x0000, 0x0000, 0x8431, 0xFFDF, 0x632D,
    0x0000, 0x0042, 0x0021, 0x0021, 0x0021, 0x0021, 0x0021, 0x0021, 0x0021, 0x0021, 0x0021, 0x0021,
    0x0021, 0x0021, 0x0021, 0x0021, 0x0021, 0x0021, 0x0021, 0x0021, 0x0021, 0x0021, 0x0021, 0x0021,
    0x0021, 0x0021, 0x0021, 0x0021, 0x0021, 0x0021, 0x0021, 0x0021, 0x0021, 0x0021, 0x0021, 0x0020,
    0x0020, 0x0020, 0x0020, 0x0020, 0x0020, 0x0020, 0x0020, 0x0020, 0x0020, 0x0020, 0x0020, 0x0020,
    0x0020, 0x0020, 0x0020, 0x0040, 0x0000, 0x256C, 0x3FF2, 0x37F2, 0x256C, 0x0000, 0x0041, 0x0021,
    0x0021, 0x0001, 0x0862, 0xDEFC, 0xFFFF, 0x31A7, 0x0000, 0x0021, 0x0000, 0x9CD4, 0xFFFF, 0x9493,
    0x0000, 0x52AB, 0xFFFF, 0xBDF8, 0x0000, 0x4229, 0xFFFF, 0xDEFC, 0x10A3, 0x0000, 0x0021, 0x0000,
    0x2125, 0x94B3, 0x6B4E, 0x0021, 0x1083, 0xE75E, 0xF7DF, 0x2966, 0x0000, 0x0021, 0x0000, 0x8452,
    0xFFFF, 0x8431, 0x0000, 0x0021, 0x0001, 0x0021, 0x0000, 0x2146, 0xFFFF, 0xAD56, 0x52AB, 0xFFFF,
    0x8C72, 0x0000, 0x0842, 0x0000, 0x39E8, 0xFFFF, 0xD6BB, 0x0862, 0x0001, 0x0021, 0x0021, 0x0021,
    0x0021, 0x0021, 0x0021, 0x0041, 0x0000, 0x4229, 0xFFFF, 0xC65A, 0x0000, 0x0000, 0x0000, 0x0000,
    0xCE7A, 0xFFFF, 0x52AB, 0x0000, 0x0042, 0x0000, 0xC639, 0xF7BF, 0x31C8, 0xEF7E, 0xDEFC, 0x0842,
    0x0021, 0x0001, 0x1083, 0xE75E, 0xF7DF, 0x2946, 0x0001, 0xDEFC, 0xEF9E, 0xE71D, 0xD6BB, 0x0862,
    0x0000, 0x8452, 0xFFFF, 0x632D, 0x0000, 0x0042, 0x0021, 0x0021, 0x0021, 0x0021, 0x0021, 0x0021,
    0x0021, 0x0021, 0x0021, 0x0021, 0x0021, 0x0021, 0x0021, 0x0021, 0x0021, 0x0021, 0x0021, 0x0021,
    0x0021, 0x0021, 0x0021, 0x0021, 0x0021, 0x0021, 0x0021, 0x0021, 0x0021, 0x0021, 0x0021, 0x0021,
    0x0021, 0x0021, 0x0021, 0x0020, 0x0020, 0x0020, 0x0020, 0x0020, 0x0020, 0x0020, 0x0020, 0x0020,
    0x0020, 0x0020, 0x0020, 0x0020, 0x0020, 0x0020, 0x0020, 0x0040, 0x0000, 0x256C, 0x3FF2, 0x37F2,
    0x256C, 0x0000, 0x0041, 0x0021, 0x0021, 0x0001, 0x0862, 0xDEFC, 0xFFFF, 0x31C7, 0x0000, 0x0862,
    0x0000, 0x5AEC, 0xFFFF, 0xBDF8, 0x0000, 0x52AB, 0xFFFF, 0xBE18, 0x0000, 0x8431, 0xFFFF, 0x9CF4,
    0x0000, 0x0862, 0x0000, 0x0000, 0x0000, 0x0000, 0x0000, 0x0000, 0x10A3, 0xE75E, 0xF7DF, 0x2966,
    0x0000, 0x0862, 0x0000, 0x8C72, 0xFFFF, 0x8451, 0x0000, 0x0842, 0x0021, 0x0042, 0x0000, 0x7BF0,
    0xFFFF, 0x6B6E, 0x10A3, 0xF7DF, 0xE73D, 0x1083, 0x0021, 0x0000, 0x39E8, 0xFFFF, 0xD6BB, 0x0862,
    0x0001, 0x0021, 0x0021, 0x0021, 0x0021, 0x0021, 0x0021, 0x0041, 0x0000, 0x4229, 0xFFFF, 0xCE7A,
    0x1083, 0x10A3, 0x10A3, 0x52CC, 0xF7BF, 0xFFDF, 0x2966, 0x0000, 0x0000, 0x3187, 0xFFFF, 0xC639,
    0x0000, 0xB5D8, 0xFFFF, 0x4A6A, 0x0000, 0x0021, 0x1083, 0xE75E, 0xF7DF, 0x2946, 0x0001, 0xDEFC,
    0xE75D, 0x5B0D, 0xFFFF, 0x73AF, 0x0000, 0x8C72, 0xFFFF, 0x632D, 0x0000, 0x0042, 0x0021, 0x0021,
    0x0021, 0x0021, 0x0021, 0x0021, 0x0021, 0x0021, 0x0021, 0x0021, 0x0021, 0x0021, 0x0021, 0x0021,
    0x0021, 0x0021, 0x0021, 0x0021, 0x0021, 0x0021, 0x0021, 0x0021, 0x0021, 0x0021, 0x0021, 0x0021,
    0x0021, 0x0021, 0x0021, 0x0021, 0x0021, 0x0021, 0x0021, 0x0020, 0x0020, 0x0020, 0x0020, 0x0020,
    0x0020, 0x0020, 0x0020, 0x0020, 0x0020, 0x0020, 0x0020, 0x0020, 0x0020, 0x0020, 0x0020, 0x0040,
    0x0000, 0x256C, 0x3FF2, 0x37F2, 0x256C, 0x0000, 0x0041, 0x0021, 0x0021, 0x0001, 0x0862, 0xDEFC,
    0xFFFF, 0x31A7, 0x0000, 0x0842, 0x0000, 0x52AB, 0xFFFF, 0xCE5A, 0x0000, 0x528B, 0xFFFF, 0xBE18,
    0x0000, 0x94D4, 0xFFFF, 0x8452, 0x0000, 0x0000, 0x4229, 0xAD96, 0xA556, 0xAD56, 0xAD76, 0x2125,
    0x0862, 0xEF5E, 0xF7DF, 0x2966, 0x0000, 0x0842, 0x0000, 0x8C72, 0xFFFF, 0x8451, 0x0000, 0x0042,
    0x0021, 0x0001, 0x0842, 0xD6BB, 0xFFFF, 0x31A7, 0x0000, 0xBE19, 0xFFFF, 0x5AEC, 0x0000, 0x0000,
    0x39E8, 0xFFFF, 0xD6BB, 0x0862, 0x0001, 0x0021, 0x0021, 0x0021, 0x0021, 0x0021, 0x0021, 0x0041,
    0x0000, 0x4249, 0xFFFF, 0xF7BF, 0xF7DF, 0xEF9F, 0xE75E, 0xFFFF, 0xFFDF, 0x7BF0, 0x0000, 0x0842,
    0x0000, 0x8451, 0xFFFF, 0x7C11, 0x0000, 0x73AF, 0xFFFF, 0xAD56, 0x0000, 0x0001, 0x1083, 0xE75E,
    0xF7DF, 0x2946, 0x0001, 0xDEFC, 0xF7BF, 0x1083, 0xB5B7, 0xEF9E, 0x0041, 0x8431, 0xFFFF, 0x632D,
    0x0000, 0x0042, 0x0021, 0x0021, 0x0021, 0x0021, 0x0021, 0x0021, 0x0021, 0x0021, 0x0021, 0x0021,
    0x0021, 0x0021, 0x0021, 0x0021, 0x0021, 0x0021, 0x0021, 0x0021, 0x0021, 0x0021, 0x0021, 0x0021,
    0x0021, 0x0021, 0x0021, 0x0021, 0x0021, 0x0021, 0x0021, 0x0021, 0x0021, 0x0021, 0x0021, 0x0020,
    0x0020, 0x0020, 0x0020, 0x0020, 0x0020, 0x0020, 0x0020, 0x0020, 0x0020, 0x0020, 0x0020, 0x0020,
    0x0020, 0x0020, 0x0020, 0x0040, 0x0000, 0x256C, 0x3FF2, 0x37F2, 0x256C, 0x0000, 0x0041, 0x0021,
    0x0021, 0x0001, 0x0862, 0xDEFC, 0xFFFF, 0x31A7, 0x0000, 0x0842, 0x0000, 0x52CC, 0xFFFF, 0xC639,
    0x0000, 0x528B, 0xFFFF, 0xBE18, 0x0000, 0x8C72, 0xFFFF, 0x94D3, 0x0000, 0x0000, 0x5B0D, 0xFFFF,
    0xF7DF, 0xFFFF, 0xFFFF, 0x31C7, 0x0021, 0xEF7E, 0xF7DF, 0x2966, 0x0000, 0x0842, 0x0000, 0x8C72,
    0xFFFF, 0x8451, 0x0000, 0x0042, 0x0041, 0x0000, 0x424A, 0xFFFF, 0xD6BB, 0x18C4, 0x0861, 0x8431,
    0xFFFF, 0xB5D8, 0x0000, 0x0000, 0x39E8, 0xFFFF, 0xD6BB, 0x0862, 0x0001, 0x0021, 0x0021, 0x0021,
    0x0021, 0x0021, 0x0021, 0x0041, 0x0000, 0x4229, 0xFFFF, 0xE75E, 0xA556, 0xD6BB, 0xFFFF, 0xE71C,
    0x39E8, 0x0000, 0x0041, 0x0001, 0x0862, 0xDEFC, 0xFFDF, 0x4A6A, 0x0861, 0x4209, 0xF7BF, 0xEF9E,
    0x2125, 0x0000, 0x10A3, 0xE75E, 0xF7DF, 0x2946, 0x0001, 0xDEFC, 0xF7DF, 0x1083, 0x2966, 0xFFFF,
    0x73AF, 0x73AF, 0xFFFF, 0x632D, 0x0000, 0x0042, 0x0021, 0x0021, 0x0021, 0x0021, 0x0021, 0x0021,
    0x0021, 0x0021, 0x0021, 0x0021, 0x0021, 0x0021, 0x0021, 0x0021, 0x0021, 0x0021, 0x0021, 0x0021,
    0x0021, 0x0021, 0x0021, 0x0021, 0x0021, 0x0021, 0x0021, 0x0021, 0x0021, 0x0021, 0x0021, 0x0021,
    0x0021, 0x0021, 0x0021, 0x0020, 0x0020, 0x0020, 0x0020, 0x0020, 0x0020, 0x0020, 0x0020, 0x0020,
    0x0020, 0x0020, 0x0020, 0x0020, 0x0020, 0x0020, 0x0020, 0x0040, 0x0000, 0x256C, 0x3FF2, 0x37F2,
    0x256C, 0x0000, 0x0041, 0x0021, 0x0021, 0x0001, 0x0862, 0xDEFC, 0xFFFF, 0x39C8, 0x0020, 0x0862,
    0x0000, 0x73D0, 0xFFFF, 0xA556, 0x0000, 0x52AB, 0xFFFF, 0xBE18, 0x0000, 0x5ACC, 0xFFFF, 0xCE7A,
    0x0021, 0x0000, 0x0862, 0x0862, 0x0862, 0xDEFC, 0xFFDF, 0x3187, 0x0041, 0xEF7E, 0xF7DF, 0x2966,
    0x0000, 0x0842, 0x0000, 0x8C72, 0xFFFF, 0x8451, 0x0000, 0x0042, 0x0041, 0x0000, 0xA535, 0xFFFF,
    0xFFFF, 0xF7DF, 0xF7DF, 0xFFFF, 0xFFFF, 0xF7BF, 0x31A7, 0x0000, 0x39E8, 0xFFFF, 0xD6BB, 0x0862,
    0x0021, 0x0842, 0x0042, 0x0042, 0x0021, 0x0021, 0x0021, 0x0041, 0x0000, 0x4229, 0xFFFF, 0xC65A,
    0x0000, 0x0841, 0xB5B7, 0xFFFF, 0xB5B7, 0x0882, 0x0021, 0x0000, 0x52AB, 0xFFFF, 0xFFFF, 0xF7DF,
    0xF7DF, 0xF7DF, 0xFFFF, 0xFFFF, 0x7BF0, 0x0000, 0x10A3, 0xE75E, 0xF7DF, 0x2946, 0x0001, 0xDEFC,
    0xF7BF, 0x1905, 0x0000, 0xA535, 0xEF9E, 0xA556, 0xFFFF, 0x634D, 0x0000, 0x0042, 0x0021, 0x0021,
    0x0021, 0x0021, 0x0021, 0x0021, 0x0021, 0x0021, 0x0021, 0x0021, 0x0021, 0x0021, 0x0021, 0x0021,
    0x0021, 0x0021, 0x0021, 0x0021, 0x0021, 0x0021, 0x0021, 0x0021, 0x0021, 0x0021, 0x0021, 0x0021,
    0x0021, 0x0021, 0x0021, 0x0021, 0x0021, 0x0021, 0x0021, 0x0020, 0x0020, 0x0020, 0x0020, 0x0020,
    0x0020, 0x0020, 0x0020, 0x0020, 0x0020, 0x0020, 0x0020, 0x0020, 0x0020, 0x0020, 0x0020, 0x0040,
    0x0000, 0x256C, 0x3FF2, 0x37F2, 0x256C, 0x0000, 0x0041, 0x0021, 0x0021, 0x0001, 0x0862, 0xDEFC,
    0xFFFF, 0x2146, 0x0000, 0x0000, 0x18C3, 0xCE9A, 0xFFFF, 0x5AEC, 0x0000, 0x52AB, 0xFFFF, 0xBDF8,
    0x0000, 0x1082, 0xDEFC, 0xFFFF, 0x8431, 0x0020, 0x0000, 0x0000, 0x4249, 0xEF7E, 0xFFFF, 0x31C8,
    0x0021, 0xEF5E, 0xF7DF, 0x2966, 0x0000, 0x0842, 0x0000, 0x8C52, 0xFFFF, 0x8431, 0x0000, 0x0842,
    0x0000, 0x18C4, 0xEF7E, 0xF7DF, 0xAD96, 0xA556, 0xAD76, 0xA555, 0xD6BB, 0xFFFF, 0x8C52, 0x0000,
    0x39E8, 0xFFFF, 0xD6BB, 0x0000, 0x0000, 0x0000, 0x0000, 0x0000, 0x0001, 0x0021, 0x0021, 0x0041,
    0x0000, 0x4229, 0xFFFF, 0xCE5A, 0x0862, 0x0000, 0x18C4, 0xE71D, 0xFFFF, 0x8C93, 0x0000, 0x0000,
    0xAD76, 0xFFFF, 0xC639, 0xA555, 0xAD76, 0xA555, 0xBDF8, 0xFFFF, 0xD69B, 0x0021, 0x1083, 0xE75E,
    0xF7DF, 0x2946, 0x0001, 0xDEDC, 0xF7BF, 0x18E4, 0x0000, 0x2125, 0xF79E, 0xF7BF, 0xFFFF, 0x6B4E,
    0x0000, 0x0042, 0x0021, 0x0021, 0x0021, 0x0021, 0x0021, 0x0021, 0x0021, 0x0021, 0x0021, 0x0021,
    0x0021, 0x0021, 0x0021, 0x0021, 0x0021, 0x0021, 0x0021, 0x0021, 0x0021, 0x0021, 0x0021, 0x0021,
    0x0021, 0x0021, 0x0021, 0x0021, 0x0021, 0x0021, 0x0021, 0x0021, 0x0021, 0x0021, 0x0021, 0x0020,
    0x0020, 0x0020, 0x0020, 0x0020, 0x0020, 0x0020, 0x0020, 0x0020, 0x0020, 0x0020, 0x0020, 0x0020,
    0x0020, 0x0020, 0x0020, 0x0040, 0x0000, 0x256C, 0x3FF2, 0x37F2, 0x256C, 0x0000, 0x0041, 0x0021,
    0x0021, 0x0001, 0x0862, 0xDF1D, 0xFFFF, 0xBDD8, 0xA555, 0xAD96, 0xE73D, 0xFFFF, 0xB597, 0x0041,
    0x0000, 0x52AB, 0xFFFF, 0xBDF8, 0x0001, 0x0000, 0x4209, 0xEF7E, 0xFFFF, 0xD6BB, 0xAD56, 0xCE7A,
    0xFFFF, 0xFFFF, 0xDEFC, 0x1904, 0x0862, 0xEF7E, 0xFFFF, 0x2966, 0x0000, 0x0842, 0x0000, 0x8C72,
    0xFFFF, 0x8452, 0x0000, 0x0862, 0x0000, 0x6B6E, 0xFFFF, 0xC619, 0x0000, 0x0000, 0x0000, 0x0000,
    0x52CC, 0xFFFF, 0xDF1D, 0x0041, 0x39C8, 0xFFFF, 0xEF9E, 0xAD76, 0xAD56, 0xAD56, 0xAD56, 0xAD76,
    0x2145, 0x0000, 0x0021, 0x0041, 0x0000, 0x4229, 0xFFFF, 0xCE7A, 0x0021, 0x0042, 0x0000, 0x52CC,
    0xFFFF, 0xFFFF, 0x39E8, 0x10C4, 0xF7BF, 0xF7DF, 0x2125, 0x0000, 0x0000, 0x0000, 0x1083, 0xEF5E,
    0xFFFF, 0x424A, 0x0021, 0xEF9E, 0xFFFF, 0x2946, 0x0001, 0xDF1C, 0xF7DF, 0x18E4, 0x0001, 0x0000,
    0x8431, 0xFFFF, 0xFFFF, 0x6B6E, 0x0000, 0x0042, 0x0021, 0x0021, 0x0021, 0x0021, 0x0021, 0x0021,
    0x0021, 0x0021, 0x0021, 0x0021, 0x0021, 0x0021, 0x0021, 0x0021, 0x0021, 0x0021, 0x0021, 0x0021,
    0x0021, 0x0021, 0x0021, 0x0021, 0x0021, 0x0021, 0x0021, 0x0021, 0x0021, 0x0021, 0x0021, 0x0021,
    0x0021, 0x0021, 0x0021, 0x0020, 0x0020, 0x0020, 0x0020, 0x0020, 0x0020, 0x0020, 0x0020, 0x0020,
    0x0020, 0x0020, 0x0020, 0x0020, 0x0020, 0x0020, 0x0020, 0x0040, 0x0000, 0x256C, 0x3FF2, 0x37F2,
    0x256C, 0x0000, 0x0041, 0x0021, 0x0021, 0x0001, 0x0862, 0xCE9A, 0xEF7E, 0xF7BF, 0xF7DF, 0xF7BF,
    0xD6BB, 0x8411, 0x0862, 0x0021, 0x0000, 0x4A6A, 0xEF9E, 0xAD97, 0x0001, 0x0041, 0x0000, 0x2146,
    0x94D3, 0xDEFC, 0xF7BF, 0xE75E, 0xBDF8, 0x73AF, 0x10C3, 0x0000, 0x10A3, 0xDEDC, 0xE75E, 0x2946,
    0x0000, 0x0842, 0x0000, 0x8431, 0xEF9E, 0x7C10, 0x0000, 0x0042, 0x0021, 0xB5B7, 0xEF7D, 0x632D,
    0x0000, 0x0862, 0x0842, 0x0021, 0x1083, 0xCE9B, 0xF79E, 0x4229, 0x2966, 0xEF7E, 0xE75E, 0xF7DF,
    0xF7DF, 0xF7DF, 0xF7DF, 0xFFDF, 0x31C7, 0x0000, 0x0021, 0x0041, 0x0000, 0x3A09, 0xEF9E, 0xBDF8,
    0x0021, 0x0021, 0x0041, 0x0000, 0x9CF4, 0xF79E, 0xAD76, 0x738F, 0xF79E, 0xAD76, 0x0001, 0x0042,
    0x0042, 0x0842, 0x0000, 0x8C93, 0xF77D, 0x94B3, 0x0021, 0xDEFC, 0xEF5E, 0x2145, 0x0001, 0xCE7A,
    0xE73D, 0x18E4, 0x0001, 0x0021, 0x10A3, 0xCE9A, 0xEF9E, 0x630D, 0x0000, 0x0042, 0x0021, 0x0021,
    0x0021, 0x0021, 0x0021, 0x0021, 0x0021, 0x0021, 0x0021, 0x0021, 0x0021, 0x0021, 0x0021, 0x0021,
    0x0021, 0x0021, 0x0021, 0x0021, 0x0021, 0x0021, 0x0021, 0x0021, 0x0021, 0x0021, 0x0021, 0x0021,
    0x0021, 0x0021, 0x0021, 0x0021, 0x0021, 0x0021, 0x0021, 0x0020, 0x0020, 0x0020, 0x0020, 0x0020,
    0x0020, 0x0020, 0x0020, 0x0020, 0x0020, 0x0020, 0x0020, 0x0020, 0x0020, 0x0020, 0x0020, 0x0040,
    0x0000, 0x256C, 0x3FF2, 0x37F2, 0x256C, 0x0000, 0x0041, 0x0021, 0x0021, 0x0021, 0x0021, 0x1083,
    0x10A3, 0x0883, 0x0882, 0x0882, 0x0021, 0x0000, 0x0001, 0x0021, 0x0021, 0x0842, 0x10A3, 0x0882,
    0x0021, 0x0021, 0x0021, 0x0000, 0x0000, 0x0041, 0x0882, 0x0862, 0x0000, 0x0000, 0x0001, 0x0021,
    0x0021, 0x1083, 0x10A3, 0x0021, 0x0021, 0x0021, 0x0021, 0x0862, 0x10A3, 0x0862, 0x0021, 0x0021,
    0x0021, 0x10A3, 0x10A3, 0x0021, 0x0021, 0x0021, 0x0021, 0x0021, 0x0001, 0x0862, 0x10A3, 0x0862,
    0x0021, 0x10A3, 0x10A3, 0x0883, 0x0882, 0x0883, 0x0883, 0x0883, 0x0021, 0x0021, 0x0021, 0x0021,
    0x0021, 0x0042, 0x10A3, 0x0883, 0x0021, 0x0021, 0x0021, 0x0021, 0x0021, 0x10A3, 0x10A3, 0x10A3,
    0x10A3, 0x0842, 0x0021, 0x0021, 0x0021, 0x0021, 0x0021, 0x0042, 0x10A3, 0x10A3, 0x0021, 0x1083,
    0x10A3, 0x0021, 0x0021, 0x1083, 0x10A3, 0x0021, 0x0021, 0x0021, 0x0001, 0x0862, 0x10A3, 0x0842,
    0x0021, 0x0021, 0x0021, 0x0021, 0x0021, 0x0021, 0x0021, 0x0021, 0x0021, 0x0021, 0x0021, 0x0021,
    0x0021, 0x0021, 0x0021, 0x0021, 0x0021, 0x0021, 0x0021, 0x0021, 0x0021, 0x0021, 0x0021, 0x0021,
    0x0021, 0x0021, 0x0021, 0x0021, 0x0021, 0x0021, 0x0021, 0x0021, 0x0021, 0x0021, 0x0021, 0x0020,
    0x0020, 0x0020, 0x0020, 0x0020, 0x0020, 0x0020, 0x0020, 0x0020, 0x0020, 0x0020, 0x0020, 0x0020,
    0x0020, 0x0020, 0x0020, 0x0040, 0x0000, 0x256C, 0x3FF2, 0x37F2, 0x256C, 0x0000, 0x0041, 0x0021,
    0x0021, 0x0021, 0x0021, 0x0001, 0x0001, 0x0001, 0x0001, 0x0001, 0x0021, 0x0041, 0x0021, 0x0021,
    0x0021, 0x0021, 0x0001, 0x0001, 0x0021, 0x0021, 0x0021, 0x0021, 0x0041, 0x0021, 0x0001, 0x0001,
    0x0021, 0x0042, 0x0021, 0x0021, 0x0021, 0x0001, 0x0001, 0x0021, 0x0021, 0x0021, 0x0021, 0x0001,
    0x0001, 0x0001, 0x0021, 0x0021, 0x0021, 0x0001, 0x0001, 0x0021, 0x0021, 0x0021, 0x0021, 0x0021,
    0x0021, 0x0001, 0x0001, 0x0001, 0x0021, 0x0001, 0x0001, 0x0001, 0x0001, 0x0001, 0x0001, 0x0001,
    0x0021, 0x0021, 0x0021, 0x0021, 0x0021, 0x0021, 0x0001, 0x0001, 0x0021, 0x0021, 0x0021, 0x0021,
    0x0021, 0x0001, 0x0000, 0x0000, 0x0001, 0x0001, 0x0021, 0x0021, 0x0021, 0x0021, 0x0021, 0x0021,
    0x0001, 0x0001, 0x0021, 0x0001, 0x0001, 0x0021, 0x0021, 0x0001, 0x0001, 0x0021, 0x0021, 0x0021,
    0x0021, 0x0001, 0x0001, 0x0001, 0x0021, 0x0021, 0x0021, 0x0021, 0x0021, 0x0021, 0x0021, 0x0021,
    0x0021, 0x0021, 0x0021, 0x0021, 0x0021, 0x0021, 0x0021, 0x0021, 0x0021, 0x0021, 0x0021, 0x0021,
    0x0021, 0x0021, 0x0021, 0x0021, 0x0021, 0x0021, 0x0021, 0x0021, 0x0021, 0x0021, 0x0021, 0x0021,
    0x0021, 0x0021, 0x0021, 0x0020, 0x0020, 0x0020, 0x0020, 0x0020, 0x0020, 0x0020, 0x0020, 0x0020,
    0x0020, 0x0020, 0x0020, 0x0020, 0x0020, 0x0020, 0x0020, 0x0040, 0x0000, 0x256C, 0x3FF2, 0x37F2,
    0x256C, 0x0000, 0x0041, 0x0021, 0x0021, 0x0021, 0x0021, 0x0021, 0x0021, 0x0021, 0x0021, 0x0021,
    0x0021, 0x0021, 0x0021, 0x0021, 0x0021, 0x0021, 0x0021, 0x0021, 0x0021, 0x0021, 0x0021, 0x0021,
    0x0021, 0x0021, 0x0021, 0x0021, 0x0021, 0x0021, 0x0021, 0x0021, 0x0021, 0x0021, 0x0021, 0x0021,
    0x0021, 0x0021, 0x0021, 0x0021, 0x0021, 0x0021, 0x0021, 0x0021, 0x0021, 0x0021, 0x0021, 0x0021,
    0x0021, 0x0021, 0x0021, 0x0021, 0x0021, 0x0021, 0x0021, 0x0021, 0x0021, 0x0021, 0x0021, 0x0021,
    0x0021, 0x0021, 0x0021, 0x0021, 0x0021, 0x0021, 0x0021, 0x0021, 0x0021, 0x0021, 0x0021, 0x0021,
    0x0021, 0x0021, 0x0021, 0x0021, 0x0021, 0x0021, 0x0021, 0x0021, 0x0021, 0x0021, 0x0021, 0x0021,
    0x0021, 0x0021, 0x0021, 0x0021, 0x0021, 0x0021, 0x0021, 0x0021, 0x0021, 0x0021, 0x0021, 0x0021,
    0x0021, 0x0021, 0x0021, 0x0021, 0x0021, 0x0021, 0x0021, 0x0021, 0x0021, 0x0021, 0x0021, 0x0021,
    0x0021, 0x0021, 0x0021, 0x0021, 0x0021, 0x0021, 0x0021, 0x0021, 0x0021, 0x0021, 0x0021, 0x0021,
    0x0021, 0x0021, 0x0021, 0x0021, 0x0021, 0x0021, 0x0021, 0x0021, 0x0021, 0x0021, 0x0021, 0x0021,
    0x0021, 0x0021, 0x0021, 0x0021, 0x0021, 0x0021, 0x0021, 0x0020, 0x0020, 0x0020, 0x0020, 0x0020,
    0x0020, 0x0020, 0x0020, 0x0020, 0x0020, 0x0020, 0x0020, 0x0020, 0x0020, 0x0020, 0x0020, 0x0040,
    0x0000, 0x256C, 0x3FF2, 0x37F2, 0x256C, 0x0000, 0x0041, 0x0021, 0x0021, 0x0021, 0x0021, 0x0021,
    0x0021, 0x0021, 0x0021, 0x0021, 0x0021, 0x0021, 0x0021, 0x0021, 0x0021, 0x0021, 0x0021, 0x0021,
    0x0021, 0x0021, 0x0021, 0x0021, 0x0021, 0x0021, 0x0021, 0x0021, 0x0021, 0x0021, 0x0021, 0x0021,
    0x0021, 0x0021, 0x0021, 0x0021, 0x0021, 0x0021, 0x0021, 0x0021, 0x0021, 0x0021, 0x0021, 0x0021,
    0x0021, 0x0021, 0x0021, 0x0021, 0x0021, 0x0021, 0x0021, 0x0021, 0x0021, 0x0021, 0x0021, 0x0021,
    0x0021, 0x0021, 0x0021, 0x0021, 0x0021, 0x0021, 0x0021, 0x0021, 0x0021, 0x0021, 0x0021, 0x0021,
    0x0021, 0x0021, 0x0021, 0x0021, 0x0021, 0x0021, 0x0021, 0x0021, 0x0021, 0x0021, 0x0021, 0x0021,
    0x0021, 0x0021, 0x0021, 0x0021, 0x0021, 0x0021, 0x0021, 0x0021, 0x0021, 0x0021, 0x0021, 0x0021,
    0x0021, 0x0021, 0x0021, 0x0021, 0x0021, 0x0021, 0x0021, 0x0021, 0x0021, 0x0021, 0x0021, 0x0021,
    0x0021, 0x0021, 0x0021, 0x0021, 0x0021, 0x0021, 0x0021, 0x0021, 0x0021, 0x0021, 0x0021, 0x0021,
    0x0021, 0x0021, 0x0021, 0x0021, 0x0021, 0x0021, 0x0021, 0x0021, 0x0021, 0x0021, 0x0021, 0x0021,
    0x0021, 0x0021, 0x0021, 0x0021, 0x0021, 0x0021, 0x0021, 0x0021, 0x0021, 0x0021, 0x0021, 0x0020,
    0x0020, 0x0020, 0x0020, 0x0020, 0x0020, 0x0020, 0x0020, 0x0020, 0x0020, 0x0020, 0x0020, 0x0020,
    0x0020, 0x0020, 0x0020, 0x0040, 0x0000, 0x256C, 0x3FF2, 0x37F2, 0x256C, 0x0000, 0x0041, 0x0021,
    0x0021, 0x0021, 0x0021, 0x0041, 0x0021, 0x0021, 0x0021, 0x0021, 0x0041, 0x0021, 0x0021, 0x0041,
    0x0021, 0x0021, 0x0021, 0x0041, 0x0021, 0x0021, 0x0041, 0x0021, 0x0021, 0x0021, 0x0041, 0x0021,
    0x0041, 0x0021, 0x0021, 0x0021, 0x0021, 0x0041, 0x0021, 0x0041, 0x0021, 0x0021, 0x0021, 0x0021,
    0x0021, 0x0021, 0x0041, 0x0021, 0x0021, 0x0021, 0x0041, 0x0021, 0x0041, 0x0021, 0x0021, 0x0021,
    0x0021, 0x0041, 0x0021, 0x0021, 0x0041, 0x0021, 0x0021, 0x0021, 0x0021, 0x0041, 0x0021, 0x0021,
    0x0041, 0x0021, 0x0021, 0x0021, 0x0041, 0x0021, 0x0041, 0x0021, 0x0041, 0x0021, 0x0021, 0x0021,
    0x0021, 0x0021, 0x0021, 0x0021, 0x0021, 0x0021, 0x0021, 0x0021, 0x0021, 0x0021, 0x0021, 0x0021,
    0x0021, 0x0021, 0x0021, 0x0021, 0x0021, 0x0021, 0x0021, 0x0021, 0x0021, 0x0021, 0x0021, 0x0021,
    0x0021, 0x0021, 0x0021, 0x0021, 0x0021, 0x0021, 0x0021, 0x0021, 0x0021, 0x0021, 0x0021, 0x0021,
    0x0021, 0x0021, 0x0021, 0x0021, 0x0021, 0x0021, 0x0021, 0x0021, 0x0021, 0x0021, 0x0021, 0x0021,
    0x0021, 0x0021, 0x0021, 0x0021, 0x0021, 0x0021, 0x0021, 0x0021, 0x0021, 0x0021, 0x0021, 0x0021,
    0x0021, 0x0021, 0x0021, 0x0020, 0x0020, 0x0020, 0x0020, 0x0020, 0x0020, 0x0020, 0x0020, 0x0020,
    0x0020, 0x0020, 0x0020, 0x0020, 0x0020, 0x0020, 0x0020, 0x0040, 0x0000, 0x256C, 0x3FF2, 0x37F2,
    0x256C, 0x0000, 0x0041, 0x0021, 0x0021, 0x0021, 0x0021, 0x0000, 0x0000, 0x0000, 0x0001, 0x0000,
    0x0000, 0x0021, 0x0021, 0x0000, 0x0001, 0x0000, 0x0000, 0x0000, 0x0001, 0x0001, 0x0000, 0x0000,
    0x0001, 0x0001, 0x0000, 0x0000, 0x0000, 0x0001, 0x0001, 0x0000, 0x0000, 0x0000, 0x0021, 0x0000,
    0x0000, 0x0000, 0x0001, 0x0001, 0x0000, 0x0000, 0x0000, 0x0021, 0x0021, 0x0021, 0x0000, 0x0000,
    0x0000, 0x0001, 0x0001, 0x0000, 0x0001, 0x0000, 0x0001, 0x0001, 0x0000, 0x0000, 0x0000, 0x0021,
    0x0021, 0x0000, 0x0021, 0x0021, 0x0000, 0x0001, 0x0021, 0x0001, 0x0000, 0x0021, 0x0000, 0x0000,
    0x0000, 0x0001, 0x0021, 0x0021, 0x0021, 0x0021, 0x0021, 0x0021, 0x0021, 0x0021, 0x0021, 0x0021,
    0x0021, 0x0021, 0x0021, 0x0021, 0x0021, 0x0021, 0x0021, 0x0021, 0x0021, 0x0021, 0x0021, 0x0021,
    0x0021, 0x0021, 0x0021, 0x0021, 0x0021, 0x0021, 0x0021, 0x0021, 0x0021, 0x0021, 0x0021, 0x0021,
    0x0021, 0x0021, 0x0021, 0x0021, 0x0021, 0x0021, 0x0021, 0x0021, 0x0021, 0x0021, 0x0021, 0x0021,
    0x0021, 0x0021, 0x0021, 0x0021, 0x0021, 0x0021, 0x0021, 0x0021, 0x0021, 0x0021, 0x0021, 0x0021,
    0x0021, 0x0021, 0x0021, 0x0021, 0x0021, 0x0021, 0x0021, 0x0020, 0x0020, 0x0020, 0x0020, 0x0020,
    0x0020, 0x0020, 0x0020, 0x0020, 0x0020, 0x0020, 0x0020, 0x0020, 0x0020, 0x0020, 0x0020, 0x0040,
    0x0000, 0x256C, 0x3FF2, 0x37F2, 0x256C, 0x0000, 0x0041, 0x0021, 0x0021, 0x0021, 0x0021, 0x1C09,
    0x248A, 0x248B, 0x1286, 0x12E7, 0x1B68, 0x0000, 0x0062, 0x1C6A, 0x08E3, 0x1C09, 0x246A, 0x1C6A,
    0x00C2, 0x1266, 0x24CB, 0x1C6A, 0x1BE9, 0x0964, 0x24CB, 0x1C6A, 0x1C29, 0x0061, 0x1286, 0x24AB,
    0x1C6A, 0x12E7, 0x0001, 0x1C09, 0x248A, 0x248B, 0x1286, 0x1266, 0x24AB, 0x1C6A, 0x12E7, 0x0001,
    0x0021, 0x0021, 0x1C09, 0x1C6A, 0x1C8A, 0x0964, 0x08E3, 0x24AB, 0x1BC9, 0x1C6A, 0x0903, 0x1266,
    0x24CB, 0x1C6A, 0x1C09, 0x0041, 0x0062, 0x1C6A, 0x0082, 0x0001, 0x1C8A, 0x09A4, 0x0000, 0x09E5,
    0x1C09, 0x0000, 0x1307, 0x24CB, 0x1BA9, 0x0062, 0x0021, 0x0021, 0x0021, 0x0021, 0x0021, 0x0021,
    0x0021, 0x0021, 0x0021, 0x0021, 0x0021, 0x0021, 0x0021, 0x0021, 0x0021, 0x0021, 0x0021, 0x0021,
    0x0021, 0x0021, 0x0021, 0x0021, 0x0021, 0x0021, 0x0021, 0x0021, 0x0021, 0x0021, 0x0021, 0x0021,
    0x0021, 0x0021, 0x0021, 0x0021, 0x0021, 0x0021, 0x0021, 0x0021, 0x0021, 0x0021, 0x0021, 0x0021,
    0x0021, 0x0021, 0x0021, 0x0021, 0x0021, 0x0021, 0x0021, 0x0021, 0x0021, 0x0021, 0x0021, 0x0021,
    0x0021, 0x0021, 0x0021, 0x0021, 0x0021, 0x0021, 0x0021, 0x0021, 0x0021, 0x0021, 0x0021, 0x0020,
    0x0020, 0x0020, 0x0020, 0x0020, 0x0020, 0x0020, 0x0020, 0x0020, 0x0020, 0x0020, 0x0020, 0x0020,
    0x0020, 0x0020, 0x0020, 0x0040, 0x0000, 0x256C, 0x3FF2, 0x37F2, 0x256C, 0x0000, 0x0041, 0x0021,
    0x0021, 0x0001, 0x0062, 0x250B, 0x08E3, 0x00A2, 0x0041, 0x1C4A, 0x2E4E, 0x0000, 0x09A4, 0x2F10,
    0x0964, 0x24EB, 0x0082, 0x1307, 0x1B68, 0x1B88, 0x12C7, 0x0061, 0x0061, 0x1245, 0x1C8A, 0x00C1,
    0x1B88, 0x1BA8, 0x1BA8, 0x12E7, 0x00E2, 0x24EB, 0x1266, 0x24AB, 0x0903, 0x00A2, 0x0041, 0x1C29,
    0x12E7, 0x00E2, 0x24EB, 0x1225, 0x0000, 0x0082, 0x252C, 0x0903, 0x09A4, 0x24EB, 0x1266, 0x1C29,
    0x0000, 0x1225, 0x1C8A, 0x1B88, 0x12C7, 0x0061, 0x00C2, 0x0000, 0x1245, 0x2E4E, 0x1246, 0x0000,
    0x2EAF, 0x1C09, 0x0000, 0x1C6A, 0x258C, 0x0984, 0x254C, 0x0081, 0x12E7, 0x0984, 0x0000, 0x0021,
    0x0021, 0x0021, 0x0021, 0x0021, 0x0021, 0x0021, 0x0021, 0x0021, 0x0021, 0x0021, 0x0021, 0x0021,
    0x0021, 0x0021, 0x0021, 0x0021, 0x0021, 0x0021, 0x0021, 0x0021, 0x0021, 0x0021, 0x0021, 0x0021,
    0x0021, 0x0021, 0x0021, 0x0021, 0x0021, 0x0021, 0x0021, 0x0021, 0x0021, 0x0021, 0x0021, 0x0021,
    0x0021, 0x0021, 0x0021, 0x0021, 0x0021, 0x0021, 0x0021, 0x0021, 0x0021, 0x0021, 0x0021, 0x0021,
    0x0021, 0x0021, 0x0021, 0x0021, 0x0021, 0x0021, 0x0021, 0x0021, 0x0021, 0x0021, 0x0021, 0x0021,
    0x0021, 0x0021, 0x0021, 0x0020, 0x0020, 0x0020, 0x0020, 0x0020, 0x0020, 0x0020, 0x0020, 0x0020,
    0x0020, 0x0020, 0x0020, 0x0020, 0x0020, 0x0020, 0x0020, 0x0040, 0x0000, 0x256C, 0x3FF2, 0x37F2,
    0x256C, 0x0000, 0x0041, 0x0021, 0x0021, 0x0021, 0x0021, 0x256C, 0x1C6A, 0x1C6A, 0x09C4, 0x1307,
    0x252C, 0x0943, 0x12A6, 0x252B, 0x0964, 0x254C, 0x1C2A, 0x25CD, 0x09C5, 0x1B68, 0x254C, 0x1C4A,
    0x1307, 0x0A05, 0x1BC9, 0x0000, 0x0082, 0x1C4A, 0x1BE9, 0x0A05, 0x0000, 0x1246, 0x1BE9, 0x24EB,
    0x248A, 0x1C6A, 0x09A4, 0x1B88, 0x1225, 0x0000, 0x1246, 0x1BC9, 0x0000, 0x0082, 0x1C8A, 0x0062,
    0x0000, 0x1BC9, 0x1B88, 0x24CB, 0x12C6, 0x1C09, 0x12A6, 0x1B68, 0x254C, 0x1C4A, 0x1B68, 0x0000,
    0x1C2A, 0x09C5, 0x1C4A, 0x0041, 0x1C8A, 0x1C4A, 0x00A2, 0x1C4A, 0x1C4A, 0x0041, 0x1C29, 0x1C8A,
    0x1266, 0x0001, 0x0021, 0x0021, 0x0021, 0x0021, 0x0021, 0x0021, 0x0021, 0x0021, 0x0021, 0x0021,
    0x0021, 0x0021, 0x0021, 0x0021, 0x0021, 0x0021, 0x0021, 0x0021, 0x0021, 0x0021, 0x0021, 0x0021,
    0x0021, 0x0021, 0x0021, 0x0021, 0x0021, 0x0021, 0x0021, 0x0021, 0x0021, 0x0021, 0x0021, 0x0021,
    0x0021, 0x0021, 0x0021, 0x0021, 0x0021, 0x0021, 0x0021, 0x0021, 0x0021, 0x0021, 0x0021, 0x0021,
    0x0021, 0x0021, 0x0021, 0x0021, 0x0021, 0x0021, 0x0021, 0x0021, 0x0021, 0x0021, 0x0021, 0x0021,
    0x0021, 0x0021, 0x0021, 0x0021, 0x0021, 0x0021, 0x0021, 0x0020, 0x0020, 0x0020, 0x0020, 0x0020,
    0x0020, 0x0020, 0x0020, 0x0020, 0x0020, 0x0020, 0x0020, 0x0020, 0x0020, 0x0020, 0x0020, 0x0040,
    0x0000, 0x256C, 0x3FF2, 0x37F2, 0x256C, 0x0000, 0x0041, 0x0021, 0x0021, 0x0001, 0x0062, 0x24AB,
    0x00A2, 0x0062, 0x0000, 0x1B88, 0x1B48, 0x1BA8, 0x12E7, 0x1C09, 0x09C5, 0x1C6A, 0x0062, 0x0984,
    0x1C4A, 0x1B88, 0x1266, 0x0041, 0x0000, 0x0A05, 0x1BA8, 0x0000, 0x08E3, 0x1C8A, 0x1BA8, 0x09C4,
    0x0000, 0x12E7, 0x1BC9, 0x1C09, 0x00C2, 0x0062, 0x0000, 0x1BC9, 0x09C4, 0x0000, 0x12E7, 0x1BA8,
    0x0000, 0x0082, 0x1C8A, 0x0001, 0x0000, 0x1C4A, 0x1348, 0x1C8A, 0x12A6, 0x2E0D, 0x0021, 0x1BA8,
    0x1266, 0x0041, 0x0021, 0x08C3, 0x2E0D, 0x1B88, 0x2E0E, 0x09C5, 0x1BA9, 0x1348, 0x1B88, 0x1307,
    0x1BC9, 0x0923, 0x08C2, 0x00C2, 0x1C8A, 0x1307, 0x0000, 0x0041, 0x0021, 0x0021, 0x0021, 0x0021,
    0x0021, 0x0021, 0x0021, 0x0021, 0x0021, 0x0021, 0x0021, 0x0021, 0x0021, 0x0021, 0x0021, 0x0021,
    0x0021, 0x0021, 0x0021, 0x0021, 0x0021, 0x0021, 0x0021, 0x0021, 0x0021, 0x0021, 0x0021, 0x0021,
    0x0021, 0x0021, 0x0021, 0x0021, 0x0021, 0x0021, 0x0021, 0x0021, 0x0021, 0x0021, 0x0021, 0x0021,
    0x0021, 0x0021, 0x0021, 0x0021, 0x0021, 0x0021, 0x0021, 0x0021, 0x0021, 0x0021, 0x0021, 0x0021,
    0x0021, 0x0021, 0x0021, 0x0021, 0x0021, 0x0021, 0x0021, 0x0021, 0x0021, 0x0021, 0x0021, 0x0020,
    0x0020, 0x0020, 0x0020, 0x0020, 0x0020, 0x0020, 0x0020, 0x0020, 0x0020, 0x0020, 0x0020, 0x0020,
    0x0020, 0x0020, 0x0020, 0x0040, 0x0000, 0x256C, 0x3FF2, 0x37F2, 0x256C, 0x0000, 0x0041, 0x0021,
    0x0021, 0x0021, 0x0041, 0x256C, 0x12C7, 0x12A6, 0x09A4, 0x1C29, 0x09C4, 0x25AD, 0x1266, 0x1BE9,
    0x09E5, 0x252C, 0x1286, 0x1BC9, 0x1BC9, 0x1BC9, 0x1C4A, 0x1266, 0x1245, 0x1266, 0x256C, 0x12A6,
    0x24EB, 0x1286, 0x1BA9, 0x1C4A, 0x12C6, 0x254C, 0x0963, 0x254C, 0x12E7, 0x12A6, 0x09A4, 0x1C09,
    0x1C4A, 0x12C6, 0x254C, 0x0923, 0x0000, 0x0062, 0x258C, 0x12C7, 0x1BA9, 0x1C29, 0x0A05, 0x1C09,
    0x0000, 0x12E7, 0x1C4A, 0x1BC9, 0x1C4A, 0x1266, 0x0A45, 0x1C09, 0x1327, 0x0061, 0x12E7, 0x24CB,
    0x1BE9, 0x09C4, 0x2E4E, 0x0964, 0x1C4A, 0x09C4, 0x256C, 0x12A5, 0x1C6A, 0x1266, 0x0000, 0x0021,
    0x0021, 0x0021, 0x0021, 0x0021, 0x0021, 0x0021, 0x0021, 0x0021, 0x0021, 0x0021, 0x0021, 0x0021,
    0x0021, 0x0021, 0x0021, 0x0021, 0x0021, 0x0021, 0x0021, 0x0021, 0x0021, 0x0021, 0x0021, 0x0021,
    0x0021, 0x0021, 0x0021, 0x0021, 0x0021, 0x0021, 0x0021, 0x0021, 0x0021, 0x0021, 0x0021, 0x0021,
    0x0021, 0x0021, 0x0021, 0x0021, 0x0021, 0x0021, 0x0021, 0x0021, 0x0021, 0x0021, 0x0021, 0x0021,
    0x0021, 0x0021, 0x0021, 0x0021, 0x0021, 0x0021, 0x0021, 0x0021, 0x0021, 0x0021, 0x0021, 0x0021,
    0x0021, 0x0021, 0x0021, 0x0020, 0x0020, 0x0020, 0x0020, 0x0020, 0x0020, 0x0020, 0x0020, 0x0020,
    0x0020, 0x0020, 0x0020, 0x0020, 0x0020, 0x0020, 0x0020, 0x0040, 0x0000, 0x256C, 0x3FF2, 0x37F2,
    0x256C, 0x0000, 0x0041, 0x0021, 0x0021, 0x0021, 0x0021, 0x1245, 0x1307, 0x1307, 0x1225, 0x0964,
    0x0082, 0x0984, 0x00A2, 0x0944, 0x0082, 0x1225, 0x1307, 0x12C7, 0x0021, 0x0943, 0x1307, 0x1307,
    0x12C7, 0x0903, 0x12C7, 0x1307, 0x0A05, 0x0000, 0x0964, 0x12E7, 0x1307, 0x0923, 0x0000, 0x1246,
    0x1307, 0x1307, 0x1205, 0x0944, 0x12E7, 0x1307, 0x0923, 0x0001, 0x0021, 0x0021, 0x1245, 0x1307,
    0x12C7, 0x0021, 0x00A2, 0x0964, 0x0021, 0x0021, 0x09E5, 0x0984, 0x1307, 0x1307, 0x12C7, 0x0A05,
    0x0062, 0x0000, 0x0041, 0x0A05, 0x0984, 0x0062, 0x09C4, 0x0041, 0x09A4, 0x0000, 0x0964, 0x1328,
    0x09E5, 0x0001, 0x0021, 0x0021, 0x0021, 0x0021, 0x0021, 0x0021, 0x0021, 0x0021, 0x0021, 0x0021,
    0x0021, 0x0021, 0x0021, 0x0021, 0x0021, 0x0021, 0x0021, 0x0021, 0x0021, 0x0021, 0x0021, 0x0021,
    0x0021, 0x0021, 0x0021, 0x0021, 0x0021, 0x0021, 0x0021, 0x0021, 0x0021, 0x0021, 0x0021, 0x0021,
    0x0021, 0x0021, 0x0021, 0x0021, 0x0021, 0x0021, 0x0021, 0x0021, 0x0021, 0x0021, 0x0021, 0x0021,
    0x0021, 0x0021, 0x0021, 0x0021, 0x0021, 0x0021, 0x0021, 0x0021, 0x0021, 0x0021, 0x0021, 0x0021,
    0x0021, 0x0021, 0x0021, 0x0021, 0x0021, 0x0021, 0x0021, 0x0020, 0x0020, 0x0020, 0x0020, 0x0020,
    0x0020, 0x0020, 0x0020, 0x0020, 0x0020, 0x0020, 0x0020, 0x0020, 0x0020, 0x0020, 0x0020, 0x0040,
    0x0000, 0x256C, 0x3FF2, 0x37F2, 0x256C, 0x0000, 0x0041, 0x0021, 0x0021, 0x0021, 0x0021, 0x0000,
    0x0000, 0x0000, 0x0000, 0x0001, 0x0001, 0x0000, 0x0001, 0x0001, 0x0001, 0x0000, 0x0000, 0x0000,
    0x0021, 0x0001, 0x0000, 0x0000, 0x0000, 0x0001, 0x0000, 0x0000, 0x0000, 0x0021, 0x0001, 0x0000,
    0x0000, 0x0001, 0x0021, 0x0000, 0x0000, 0x0000, 0x0000, 0x0001, 0x0000, 0x0000, 0x0001, 0x0021,
    0x0021, 0x0021, 0x0000, 0x0000, 0x0000, 0x0021, 0x0001, 0x0001, 0x0021, 0x0021, 0x0000, 0x0000,
    0x0000, 0x0000, 0x0000, 0x0000, 0x0001, 0x0021, 0x0021, 0x0000, 0x0001, 0x0021, 0x0000, 0x0021,
    0x0000, 0x0021, 0x0000, 0x0000, 0x0000, 0x0021, 0x0021, 0x0021, 0x0021, 0x0021, 0x0021, 0x0021,
    0x0021, 0x0021, 0x0021, 0x0021, 0x0021, 0x0021, 0x0021, 0x0021, 0x0021, 0x0021, 0x0021, 0x0021,
    0x0021, 0x0021, 0x0021, 0x0021, 0x0021, 0x0021, 0x0021, 0x0021, 0x0021, 0x0021, 0x0021, 0x0021,
    0x0021, 0x0021, 0x0021, 0x0021, 0x0021, 0x0021, 0x0021, 0x0021, 0x0021, 0x0021, 0x0021, 0x0021,
    0x0021, 0x0021, 0x0021, 0x0021, 0x0021, 0x0021, 0x0021, 0x0021, 0x0021, 0x0021, 0x0021, 0x0021,
    0x0021, 0x0021, 0x0021, 0x0021, 0x0021, 0x0021, 0x0021, 0x0021, 0x0021, 0x0021, 0x0021, 0x0020,
    0x0020, 0x0020, 0x0020, 0x0020, 0x0020, 0x0020, 0x0020, 0x0020, 0x0020, 0x0020, 0x0020, 0x0020,
    0x0020, 0x0020, 0x0020, 0x0040, 0x0000, 0x256C, 0x3FF2, 0x37F2, 0x256C, 0x0000, 0x0041, 0x0021,
    0x0021, 0x0021, 0x0021, 0x0041, 0x0041, 0x0041, 0x0021, 0x0021, 0x0021, 0x0021, 0x0021, 0x0021,
    0x0021, 0x0041, 0x0041, 0x0041, 0x0021, 0x0021, 0x0041, 0x0041, 0x0041, 0x0021, 0x0041, 0x0041,
    0x0021, 0x0021, 0x0021, 0x0041, 0x0041, 0x0021, 0x0021, 0x0041, 0x0041, 0x0041, 0x0021, 0x0021,
    0x0041, 0x0041, 0x0021, 0x0021, 0x0021, 0x0021, 0x0041, 0x0041, 0x0041, 0x0021, 0x0021, 0x0021,
    0x0021, 0x0021, 0x0021, 0x0021, 0x0041, 0x0041, 0x0041, 0x0021, 0x0021, 0x0021, 0x0021, 0x0021,
    0x0021, 0x0021, 0x0021, 0x0021, 0x0021, 0x0021, 0x0021, 0x0041, 0x0021, 0x0021, 0x0021, 0x0021,
    0x0021, 0x0021, 0x0021, 0x0021, 0x0021, 0x0021, 0x0021, 0x0021, 0x0021, 0x0021, 0x0021, 0x0021,
    0x0021, 0x0021, 0x0021, 0x0021, 0x0021, 0x0021, 0x0021, 0x0021, 0x0021, 0x0021, 0x0021, 0x0021,
    0x0021, 0x0021, 0x0021, 0x0021, 0x0021, 0x0021, 0x0021, 0x0021, 0x0021, 0x0021, 0x0021, 0x0021,
    0x0021, 0x0021, 0x0021, 0x0021, 0x0021, 0x0021, 0x0021, 0x0021, 0x0021, 0x0021, 0x0021, 0x0021,
    0x0021, 0x0021, 0x0021, 0x0021, 0x0021, 0x0021, 0x0021, 0x0021, 0x0021, 0x0021, 0x0021, 0x0021,
    0x0021, 0x0021, 0x0021, 0x0020, 0x0020, 0x0020, 0x0020, 0x0020, 0x0020, 0x0020, 0x0020, 0x0020,
    0x0020, 0x0020, 0x0020, 0x0020, 0x0020, 0x0020, 0x0020, 0x0040, 0x0000, 0x254C, 0x3FF2, 0x37F2,
    0x256C, 0x0000, 0x0041, 0x0021, 0x0021, 0x0021, 0x0021, 0x0021, 0x0021, 0x0021, 0x0021, 0x0021,
    0x0021, 0x0021, 0x0021, 0x0021, 0x0021, 0x0021, 0x0021, 0x0021, 0x0021, 0x0021, 0x0021, 0x0021,
    0x0021, 0x0021, 0x0021, 0x0021, 0x0021, 0x0021, 0x0021, 0x0021, 0x0021, 0x0021, 0x0021, 0x0021,
    0x0021, 0x0021, 0x0021, 0x0021, 0x0021, 0x0021, 0x0021, 0x0021, 0x0021, 0x0021, 0x0021, 0x0021,
    0x0021, 0x0021, 0x0021, 0x0021, 0x0021, 0x0021, 0x0021, 0x0021, 0x0021, 0x0021, 0x0021, 0x0021,
    0x0021, 0x0021, 0x0021, 0x0021, 0x0021, 0x0021, 0x0021, 0x0021, 0x0021, 0x0021, 0x0021, 0x0021,
    0x0021, 0x0021, 0x0021, 0x0021, 0x0021, 0x0021, 0x0021, 0x0021, 0x0021, 0x0021, 0x0021, 0x0021,
    0x0021, 0x0021, 0x0021, 0x0021, 0x0021, 0x0021, 0x0021, 0x0021, 0x0021, 0x0021, 0x0021, 0x0021,
    0x0021, 0x0021, 0x0021, 0x0021, 0x0021, 0x0021, 0x0021, 0x0021, 0x0021, 0x0021, 0x0021, 0x0021,
    0x0021, 0x0021, 0x0021, 0x0021, 0x0021, 0x0021, 0x0021, 0x0021, 0x0021, 0x0021, 0x0021, 0x0021,
    0x0021, 0x0021, 0x0021, 0x0021, 0x0021, 0x0021, 0x0021, 0x0021, 0x0021, 0x0021, 0x0021, 0x0021,
    0x0021, 0x0021, 0x0021, 0x0021, 0x0021, 0x0021, 0x0021, 0x0020, 0x0020, 0x0020, 0x0020, 0x0020,
    0x0020, 0x0020, 0x0020, 0x0020, 0x0020, 0x0020, 0x0020, 0x0020, 0x0020, 0x0020, 0x0020, 0x0040,
    0x0000, 0x254C, 0x3FF2, 0x37F2, 0x256C, 0x0000, 0x0041, 0x0021, 0x0021, 0x0021, 0x0021, 0x0021,
    0x0021, 0x0021, 0x0021, 0x0021, 0x0021, 0x0021, 0x0021, 0x0021, 0x0021, 0x0021, 0x0021, 0x0021,
    0x0021, 0x0021, 0x0021, 0x0021, 0x0021, 0x0021, 0x0021, 0x0021, 0x0021, 0x0021, 0x0021, 0x0021,
    0x0021, 0x0021, 0x0021, 0x0021, 0x0021, 0x0021, 0x0021, 0x0021, 0x0021, 0x0021, 0x0021, 0x0021,
    0x0021, 0x0021, 0x0021, 0x0021, 0x0021, 0x0021, 0x0021, 0x0021, 0x0021, 0x0021, 0x0021, 0x0021,
    0x0021, 0x0021, 0x0021, 0x0021, 0x0021, 0x0021, 0x0021, 0x0021, 0x0021, 0x0021, 0x0021, 0x0021,
    0x0021, 0x0021, 0x0021, 0x0021, 0x0021, 0x0021, 0x0021, 0x0021, 0x0021, 0x0021, 0x0021, 0x0021,
    0x0021, 0x0021, 0x0021, 0x0021, 0x0021, 0x0021, 0x0021, 0x0021, 0x0021, 0x0021, 0x0021, 0x0021,
    0x0021, 0x0021, 0x0021, 0x0021, 0x0021, 0x0021, 0x0021, 0x0021, 0x0021, 0x0021, 0x0021, 0x0021,
    0x0021, 0x0021, 0x0021, 0x0021, 0x0021, 0x0021, 0x0021, 0x0021, 0x0021, 0x0021, 0x0021, 0x0021,
    0x0021, 0x0021, 0x0021, 0x0021, 0x0021, 0x0021, 0x0021, 0x0021, 0x0021, 0x0021, 0x0021, 0x0021,
    0x0021, 0x0021, 0x0021, 0x0021, 0x0021, 0x0021, 0x0021, 0x0021, 0x0021, 0x0021, 0x0021, 0x0020,
    0x0020, 0x0020, 0x0020, 0x0020, 0x0020, 0x0020, 0x0020, 0x0020, 0x0020, 0x0020, 0x0020, 0x0020,
    0x0020, 0x0020, 0x0020, 0x0040, 0x0000, 0x254C, 0x3FF2, 0x37F2, 0x256C, 0x0000, 0x0041, 0x0021,
    0x0021, 0x0021, 0x0021, 0x0021, 0x0021, 0x0021, 0x0021, 0x0021, 0x0021, 0x0021, 0x0021, 0x0021,
    0x0021, 0x0021, 0x0021, 0x0021, 0x0021, 0x0021, 0x0021, 0x0021, 0x0021, 0x0021, 0x0021, 0x0021,
    0x0021, 0x0021, 0x0021, 0x0021, 0x0021, 0x0021, 0x0021, 0x0021, 0x0021, 0x0021, 0x0021, 0x0021,
    0x0021, 0x0021, 0x0021, 0x0021, 0x0021, 0x0021, 0x0021, 0x0021, 0x0021, 0x0021, 0x0021, 0x0021,
    0x0021, 0x0021, 0x0021, 0x0021, 0x0021, 0x0021, 0x0021, 0x0021, 0x0021, 0x0021, 0x0021, 0x0021,
    0x0021, 0x0021, 0x0021, 0x0021, 0x0021, 0x0021, 0x0021, 0x0021, 0x0021, 0x0021, 0x0021, 0x0021,
    0x0021, 0x0021, 0x0021, 0x0021, 0x0021, 0x0021, 0x0021, 0x0021, 0x0021, 0x0021, 0x0021, 0x0021,
    0x0021, 0x0021, 0x0021, 0x0021, 0x0021, 0x0021, 0x0021, 0x0021, 0x0021, 0x0021, 0x0021, 0x0021,
    0x0021, 0x0021, 0x0021, 0x0021, 0x0021, 0x0021, 0x0021, 0x0021, 0x0021, 0x0021, 0x0021, 0x0021,
    0x0021, 0x0021, 0x0021, 0x0021, 0x0021, 0x0021, 0x0021, 0x0021, 0x0021, 0x0021, 0x0021, 0x0021,
    0x0021, 0x0021, 0x0021, 0x0021, 0x0021, 0x0021, 0x0021, 0x0021, 0x0021, 0x0021, 0x0021, 0x0021,
    0x0021, 0x0021, 0x0021, 0x0020, 0x0020, 0x0020, 0x0020, 0x0020, 0x0020, 0x0020, 0x0020, 0x0020,
    0x0020, 0x0020, 0x0020, 0x0020, 0x0020, 0x0020, 0x0020, 0x0040, 0x0000, 0x254C, 0x3FF2, 0x37F2,
    0x256C, 0x0000, 0x0041, 0x0021, 0x0021, 0x0021, 0x0021, 0x0021, 0x0021, 0x0021, 0x0021, 0x0021,
    0x0021, 0x0021, 0x0021, 0x0021, 0x0021, 0x0021, 0x0021, 0x0021, 0x0021, 0x0021, 0x0021, 0x0021,
    0x0021, 0x0021, 0x0021, 0x0021, 0x0021, 0x0021, 0x0021, 0x0021, 0x0021, 0x0021, 0x0021, 0x0021,
    0x0021, 0x0021, 0x0021, 0x0021, 0x0021, 0x0021, 0x0021, 0x0021, 0x0021, 0x0021, 0x0021, 0x0021,
    0x0021, 0x0021, 0x0021, 0x0021, 0x0021, 0x0021, 0x0021, 0x0021, 0x0021, 0x0021, 0x0021, 0x0021,
    0x0021, 0x0021, 0x0021, 0x0021, 0x0021, 0x0021, 0x0021, 0x0021, 0x0021, 0x0021, 0x0021, 0x0021,
    0x0021, 0x0021, 0x0021, 0x0021, 0x0021, 0x0021, 0x0021, 0x0021, 0x0021, 0x0021, 0x0021, 0x0021,
    0x0021, 0x0021, 0x0021, 0x0021, 0x0021, 0x0021, 0x0021, 0x0021, 0x0021, 0x0021, 0x0021, 0x0021,
    0x0021, 0x0021, 0x0021, 0x0021, 0x0021, 0x0021, 0x0021, 0x0021, 0x0021, 0x0021, 0x0021, 0x0021,
    0x0021, 0x0021, 0x0021, 0x0021, 0x0021, 0x0021, 0x0021, 0x0021, 0x0021, 0x0021, 0x0021, 0x0021,
    0x0021, 0x0021, 0x0021, 0x0021, 0x0021, 0x0021, 0x0021, 0x0021, 0x0021, 0x0021, 0x0021, 0x0021,
    0x0021, 0x0021, 0x0021, 0x0021, 0x0021, 0x0021, 0x0021, 0x0020, 0x0020, 0x0020, 0x0020, 0x0020,
    0x0020, 0x0020, 0x0020, 0x0020, 0x0020, 0x0020, 0x0020, 0x0020, 0x0020, 0x0020, 0x0020, 0x0040,
    0x0000, 0x254C, 0x37D2, 0x37D2, 0x254C, 0x0000, 0x0041, 0x0021, 0x0021, 0x0021, 0x0021, 0x0021,
    0x0021, 0x0021, 0x0021, 0x0021, 0x0021, 0x0021, 0x0021, 0x0021, 0x0021, 0x0021, 0x0021, 0x0021,
    0x0021, 0x0021, 0x0021, 0x0021, 0x0021, 0x0021, 0x0021, 0x0021, 0x0021, 0x0021, 0x0021, 0x0021,
    0x0021, 0x0021, 0x0021, 0x0021, 0x0021, 0x0021, 0x0021, 0x0021, 0x0021, 0x0021, 0x0021, 0x0021,
    0x0021, 0x0021, 0x0021, 0x0021, 0x0021, 0x0021, 0x0021, 0x0021, 0x0021, 0x0021, 0x0021, 0x0021,
    0x0021, 0x0021, 0x0021, 0x0021, 0x0021, 0x0021, 0x0021, 0x0021, 0x0021, 0x0021, 0x0021, 0x0021,
    0x0021, 0x0021, 0x0021, 0x0021, 0x0021, 0x0021, 0x0021, 0x0021, 0x0021, 0x0021, 0x0021, 0x0021,
    0x0021, 0x0021, 0x0021, 0x0021, 0x0021, 0x0021, 0x0021, 0x0021, 0x0021, 0x0021, 0x0021, 0x0021,
    0x0021, 0x0021, 0x0021, 0x0021, 0x0021, 0x0021, 0x0021, 0x0021, 0x0021, 0x0021, 0x0021, 0x0021,
    0x0021, 0x0021, 0x0021, 0x0021, 0x0021, 0x0021, 0x0021, 0x0021, 0x0021, 0x0021, 0x0021, 0x0021,
    0x0021, 0x0021, 0x0021, 0x0021, 0x0021, 0x0021, 0x0021, 0x0021, 0x0021, 0x0021, 0x0021, 0x0021,
    0x0021, 0x0021, 0x0021, 0x0021, 0x0021, 0x0021, 0x0021, 0x0021, 0x0021, 0x0021, 0x0021, 0x0020,
    0x0020, 0x0020, 0x0020, 0x0020, 0x0020, 0x0020, 0x0020, 0x0020, 0x0020, 0x0020, 0x0020, 0x0020,
    0x0020, 0x0020, 0x0020, 0x0040, 0x0000, 0x25AC, 0x3FF4, 0x3FF4, 0x25AD, 0x0000, 0x0041, 0x0021,
    0x0021, 0x0021, 0x0021, 0x0021, 0x0021, 0x0021, 0x0021, 0x0021, 0x0021, 0x0021, 0x0021, 0x0021,
    0x0021, 0x0021, 0x0021, 0x0021, 0x0021, 0x0021, 0x0021, 0x0021, 0x0021, 0x0021, 0x0021, 0x0021,
    0x0021, 0x0021, 0x0021, 0x0021, 0x0021, 0x0021, 0x0021, 0x0021, 0x0021, 0x0021, 0x0021, 0x0021,
    0x0021, 0x0021, 0x0021, 0x0021, 0x0021, 0x0021, 0x0021, 0x0021, 0x0021, 0x0021, 0x0021, 0x0021,
    0x0021, 0x0021, 0x0021, 0x0021, 0x0021, 0x0021, 0x0021, 0x0021, 0x0021, 0x0021, 0x0021, 0x0021,
    0x0021, 0x0021, 0x0021, 0x0021, 0x0021, 0x0021, 0x0021, 0x0021, 0x0021, 0x0021, 0x0021, 0x0021,
    0x0021, 0x0021, 0x0021, 0x0021, 0x0021, 0x0021, 0x0021, 0x0021, 0x0021, 0x0021, 0x0021, 0x0021,
    0x0021, 0x0021, 0x0021, 0x0021, 0x0021, 0x0021, 0x0021, 0x0021, 0x0021, 0x0021, 0x0021, 0x0021,
    0x0021, 0x0021, 0x0021, 0x0021, 0x0021, 0x0021, 0x0021, 0x0021, 0x0021, 0x0021, 0x0021, 0x0021,
    0x0021, 0x0021, 0x0021, 0x0021, 0x0021, 0x0021, 0x0021, 0x0021, 0x0021, 0x0021, 0x0021, 0x0021,
    0x0021, 0x0021, 0x0021, 0x0021, 0x0021, 0x0021, 0x0021, 0x0021, 0x0021, 0x0021, 0x0021, 0x0021,
    0x0021, 0x0021, 0x0021, 0x0020, 0x0020, 0x0020, 0x0020, 0x0020, 0x0020, 0x0020, 0x0020, 0x0020,
    0x0020, 0x0020, 0x0020, 0x0020, 0x0020, 0x0020, 0x0020, 0x0020, 0x0000, 0x09E4, 0x12C6, 0x12C6,
    0x09E4, 0x0000, 0x0020, 0x0020, 0x0020, 0x0020, 0x0020, 0x0020, 0x0020, 0x0020, 0x0020, 0x0020,
    0x0020, 0x0020, 0x0020, 0x0020, 0x0020, 0x0020, 0x0020, 0x0020, 0x0020, 0x0020, 0x0020, 0x0020,
    0x0020, 0x0020, 0x0020, 0x0020, 0x0020, 0x0020, 0x0020, 0x0020, 0x0020, 0x0020, 0x0020, 0x0020,
    0x0020, 0x0020, 0x0020, 0x0020, 0x0020, 0x0020, 0x0020, 0x0020, 0x0020, 0x0020, 0x0020, 0x0020,
    0x0020, 0x0020, 0x0020, 0x0020, 0x0020, 0x0020, 0x0020, 0x0020, 0x0020, 0x0020, 0x0020, 0x0020,
    0x0020, 0x0020, 0x0020, 0x0020, 0x0020, 0x0020, 0x0020, 0x0020, 0x0020, 0x0020, 0x0020, 0x0020,
    0x0020, 0x0020, 0x0020, 0x0020, 0x0020, 0x0020, 0x0020, 0x0020, 0x0020, 0x0020, 0x0020, 0x0020,
    0x0020, 0x0020, 0x0020, 0x0020, 0x0020, 0x0020, 0x0020, 0x0020, 0x0020, 0x0020, 0x0020, 0x0020,
    0x0020, 0x0020, 0x0020, 0x0020, 0x0020, 0x0020, 0x0020, 0x0020, 0x0020, 0x0020, 0x0020, 0x0020,
    0x0020, 0x0020, 0x0020, 0x0020, 0x0020, 0x0020, 0x0020, 0x0020, 0x0020, 0x0020, 0x0020, 0x0020,
    0x0020, 0x0020, 0x0020, 0x0020, 0x0020, 0x0020, 0x0020, 0x0020, 0x0020, 0x0020, 0x0020, 0x0020,
    0x0020, 0x0020, 0x0020, 0x0020, 0x0020, 0x0020, 0x0020, 0x0020, 0x0020, 0x0020, 0x0020, 0x0020,
    0x0020, 0x0020, 0x0020, 0x0020, 0x0020, 0x0020, 0x0020, 0x0020, 0x0020, 0x0020, 0x0020, 0x0020,
    0x0020, 0x0000, 0x0000, 0x0000, 0x0000, 0x0020, 0x0020, 0x0020, 0x0020, 0x0020, 0x0020, 0x0020,
    0x0020, 0x0020, 0x0020, 0x0020, 0x0020, 0x0020, 0x0020, 0x0020, 0x0020, 0x0020, 0x0020, 0x0020,
    0x0020, 0x0020, 0x0020, 0x0020, 0x0020, 0x0020, 0x0020, 0x0020, 0x0020, 0x0020, 0x0020, 0x0020,
    0x0020, 0x0020, 0x0020, 0x0020, 0x0020, 0x0020, 0x0020, 0x0020, 0x0020, 0x0020, 0x0020, 0x0020,
    0x0020, 0x0020, 0x0020, 0x0020, 0x0020, 0x0020, 0x0020, 0x0020, 0x0020, 0x0020, 0x0020, 0x0020,
    0x0020, 0x0020, 0x0020, 0x0020, 0x0020, 0x0020, 0x0020, 0x0020, 0x0020, 0x0020, 0x0020, 0x0020,
    0x0020, 0x0020, 0x0020, 0x0020, 0x0020, 0x0020, 0x0020, 0x0020, 0x0020, 0x0020, 0x0020, 0x0020,
    0x0020, 0x0020, 0x0020, 0x0020, 0x0020, 0x0020, 0x0020, 0x0020, 0x0020, 0x0020, 0x0020, 0x0020,
    0x0020, 0x0020, 0x0020, 0x0020, 0x0020, 0x0020, 0x0020, 0x0020, 0x0020, 0x0020, 0x0020, 0x0020,
    0x0020, 0x0020, 0x0020, 0x0020, 0x0020, 0x0020, 0x0020, 0x0020, 0x0020, 0x0020, 0x0020, 0x0020,
    0x0020, 0x0020, 0x0020, 0x0020, 0x0020, 0x0020, 0x0020, 0x0020, 0x0020, 0x0020, 0x0020, 0x0020,
    0x0020, 0x0020, 0x0020, 0x0020, 0x0020, 0x0020, 0x0020, 0x0020, 0x0020, 0x0020, 0x0020, 0x0020,
    0x0020, 0x0020, 0x0020, 0x0020, 0x0020, 0x0020, 0x0020, 0x0020, 0x0020, 0x0020, 0x0020, 0x0020,
    0x0020, 0x0020, 0x0020, 0x0020, 0x0020, 0x0020, 0x0040, 0x0040, 0x0020, 0x0020, 0x0020, 0x0020,
    0x0020, 0x0020, 0x0020, 0x0020, 0x0020, 0x0020, 0x0020, 0x0020, 0x0020, 0x0020, 0x0020, 0x0020,
    0x0020, 0x0020, 0x0020, 0x0020, 0x0020, 0x0020, 0x0020, 0x0020, 0x0020, 0x0020, 0x0020, 0x0020,
    0x0020, 0x0020, 0x0020, 0x0020, 0x0020, 0x0020, 0x0020, 0x0020, 0x0020, 0x0020, 0x0020, 0x0020,
    0x0020, 0x0020, 0x0020, 0x0020, 0x0020, 0x0020, 0x0020, 0x0020, 0x0020, 0x0020, 0x0020, 0x0020,
    0x0020, 0x0020, 0x0020, 0x0020, 0x0020, 0x0020, 0x0020, 0x0020, 0x0020, 0x0020, 0x0020, 0x0020,
    0x0020, 0x0020, 0x0020, 0x0020, 0x0020, 0x0020, 0x0020, 0x0020, 0x0020, 0x0020, 0x0020, 0x0020,
    0x0020, 0x0020, 0x0020, 0x0020, 0x0020, 0x0020, 0x0020, 0x0020, 0x0020, 0x0020, 0x0020, 0x0020,
    0x0020, 0x0020, 0x0020, 0x0020, 0x0020, 0x0020, 0x0020, 0x0020, 0x0020, 0x0020, 0x0020, 0x0020,
    0x0020, 0x0020, 0x0020, 0x0020, 0x0020, 0x0020, 0x0020, 0x0020, 0x0020, 0x0020, 0x0020, 0x0020,
    0x0020, 0x0020, 0x0020, 0x0020, 0x0020, 0x0020, 0x0020, 0x0020, 0x0020, 0x0020, 0x0020, 0x0020,
    0x0020, 0x0020, 0x0020, 0x0020, 0x0020, 0x0020, 0x0020, 0x0020, 0x0020, 0x0020, 0x0020, 0x0020,
    0x0020, 0x0020, 0x0020, 0x0020, 0x0020, 0x0020, 0x0020, 0x0020, 0x0020, 0x0020, 0x0020, 0x0020,
    0x0020, 0x0020, 0x0020, 0x0020, 0x0020, 0x0020, 0x0020, 0x0020, 0x0020, 0x0020, 0x0020, 0x0020,
    0x0020, 0x0020, 0x0020, 0x0020, 0x0020, 0x0020, 0x0020, 0x0020, 0x0020, 0x0020, 0x0020, 0x0020,
    0x0020, 0x0020, 0x0020, 0x0020, 0x0020, 0x0020, 0x0020, 0x0020, 0x0020, 0x0020, 0x0020, 0x0020,
    0x0020, 0x0020, 0x0020, 0x0020, 0x0020, 0x0020, 0x0020, 0x0020, 0x0020, 0x0020, 0x0020, 0x0020,
    0x0020, 0x0020, 0x0020, 0x0020, 0x0020, 0x0020, 0x0020, 0x0020, 0x0020, 0x0020, 0x0020, 0x0020,
    0x0020, 0x0020, 0x0020, 0x0020, 0x0020, 0x0020, 0x0020, 0x0020, 0x0020, 0x0020, 0x0020, 0x0020,
    0x0020, 0x0020, 0x0020, 0x0020, 0x0020, 0x0020, 0x0020, 0x0020, 0x0020, 0x0020, 0x0020, 0x0020,
    0x0020, 0x0020, 0x0020, 0x0020, 0x0020, 0x0020, 0x0020, 0x0020, 0x0020, 0x0020, 0x0020, 0x0020,
    0x0020, 0x0020, 0x0020, 0x0020, 0x0020, 0x0020, 0x0020, 0x0020, 0x0020, 0x0020, 0x0020, 0x0020,
    0x0020, 0x0020, 0x0020, 0x0020, 0x0020, 0x0020, 0x0020, 0x0020, 0x0020, 0x0020, 0x0020, 0x0020,
    0x0020, 0x0020, 0x0020, 0x0020, 0x0020, 0x0020, 0x0020, 0x0020, 0x0020, 0x0020, 0x0020, 0x0020,
    0x0020, 0x0020, 0x0020, 0x0020, 0x0020, 0x0020, 0x0020, 0x0020, 0x0020, 0x0020, 0x0020, 0x0020,
    0x0020, 0x0020, 0x0020, 0x0020, 0x0020, 0x0020, 0x0020, 0x0020, 0x0020, 0x0020, 0x0020, 0x0020,
    0x0020, 0x0020, 0x0020, 0x0020, 0x0020, 0x0020, 0x0020, 0x0020, 0x0020, 0x0020, 0x0020, 0x0020,
    0x0020, 0x0020, 0x0020, 0x0020, 0x0020, 0x0020, 0x0020, 0x0020, 0x0020, 0x0020, 0x0020, 0x0020,
    0x0020, 0x0020, 0x0020, 0x0020, 0x0020, 0x0020, 0x0020, 0x0020, 0x0020, 0x0020, 0x0020, 0x0020,
    0x0020, 0x0020, 0x0020, 0x0020, 0x0020, 0x0020, 0x0020, 0x0020, 0x0020, 0x0020, 0x0020, 0x0020,
    0x0020, 0x0020, 0x0020, 0x0020, 0x0020, 0x0020, 0x0020, 0x0020, 0x0020, 0x0020, 0x0020, 0x0020,
    0x0020, 0x0020, 0x0020, 0x0020, 0x0020, 0x0020, 0x0020, 0x0020, 0x0020, 0x0020, 0x0020, 0x0020,
    0x0020, 0x0020, 0x0020, 0x0020, 0x0020, 0x0020, 0x0020, 0x0020, 0x0020, 0x0020, 0x0020, 0x0020,
    0x0020, 0x0020, 0x0020, 0x0020, 0x0020, 0x0020, 0x0020, 0x0020, 0x0020, 0x0020, 0x0020, 0x0020,
    0x0020, 0x0020, 0x0020, 0x0020, 0x0020, 0x0020, 0x0020, 0x0020, 0x0020, 0x0020, 0x0020, 0x0020,
    0x0020, 0x0020, 0x0020, 0x0020, 0x0020, 0x0020, 0x0020, 0x0020, 0x0020, 0x0020, 0x0020, 0x0020,
    0x0020, 0x0020, 0x0020, 0x0020, 0x0020, 0x0020, 0x0020, 0x0020, 0x0020, 0x0020, 0x0020, 0x0020,
    0x0020, 0x0020, 0x0020, 0x0020, 0x0020, 0x0020, 0x0020, 0x0020, 0x0020, 0x0020, 0x0020, 0x0020,
    0x0020, 0x0020, 0x0020, 0x0020, 0x0020, 0x0020, 0x0020, 0x0020, 0x0020, 0x0020, 0x0020, 0x0020,
    0x0020, 0x0020, 0x0020, 0x0020, 0x0020, 0x0020, 0x0020, 0x0020, 0x0000, 0x0000, 0x0000, 0x0000,
    0x0000, 0x0000, 0x0000, 0x0000, 0x0000, 0x0000, 0x0000, 0x0000, 0x0000, 0x0000, 0x0000, 0x0000,
    0x0000, 0x0000, 0x0000, 0x0000, 0x0000, 0x0000, 0x0000, 0x0000, 0x0000, 0x0000, 0x0000, 0x0000,
    0x0000, 0x0000, 0x0000, 0x0000, 0x0000, 0x0000, 0x0000, 0x0000, 0x0000, 0x0000, 0x0000, 0x0000,
    0x0000, 0x0000, 0x0000, 0x0000, 0x0000, 0x0000, 0x0000, 0x0000, 0x0000, 0x0000, 0x0000, 0x0000,
    0x0000, 0x0000, 0x0000, 0x0000, 0x0000, 0x0000, 0x0000, 0x0000, 0x0000, 0x0000, 0x0000, 0x0000,
    0x0000, 0x0000, 0x0000, 0x0000, 0x0000, 0x0000, 0x0000, 0x0000, 0x0000, 0x0000, 0x0000, 0x0000,
    0x0000, 0x0000, 0x0000, 0x0000, 0x0000, 0x0000, 0x0000, 0x0000, 0x0000, 0x0000, 0x0000, 0x0000,
    0x0000, 0x0000, 0x0000, 0x0000, 0x0000, 0x0000, 0x0000, 0x0000, 0x0000, 0x0000, 0x0000, 0x0000,
    0x0000, 0x0000, 0x0000, 0x0000, 0x0000, 0x0000, 0x0000, 0x0000, 0x0000, 0x0000, 0x0000, 0x0000,
    0x0000, 0x0000, 0x0000, 0x0000, 0x0000, 0x0000, 0x0000, 0x0000, 0x0000, 0x0000, 0x0000, 0x0000,
    0x0000, 0x0000, 0x0000, 0x0000, 0x0000, 0x0000, 0x0000, 0x0000, 0x0000, 0x0000, 0x0000, 0x0000,
    0x0000, 0x0000, 0x0000, 0x0000, 0x0000, 0x0000, 0x0000, 0x0000, 0x0000, 0x0000, 0x0000, 0x0000,
    0x0000, 0x0000, 0x0000, 0x0000, 0x0000, 0x0000, 0x0000, 0x0000, 0x0000, 0x0000, 0x0000, 0x0000,
    0x0000, 0x0000, 0x0000, 0x0000, 0x0000, 0x0000, 0x0000, 0x0000, 0x0000, 0x0000, 0x0000, 0x0000,
    0x0000, 0x0000, 0x0000, 0x0000, 0x0000, 0x0000, 0x0000, 0x0000, 0x0000, 0x0000, 0x0000, 0x0000,
    0x0000, 0x0000, 0x0000, 0x0000, 0x0000, 0x0000, 0x0000, 0x0000, 0x0000, 0x0000, 0x0000, 0x0000,
    0x0000, 0x0000, 0x0000, 0x0000, 0x0000, 0x0000, 0x0000, 0x0000, 0x0000, 0x0000, 0x0000, 0x0000,
    0x0000, 0x0000, 0x0000, 0x0000, 0x0000, 0x0000, 0x0000, 0x0000, 0x0000, 0x0000, 0x0000, 0x0000,
    0x0000, 0x0000, 0x0000, 0x0000, 0x0000, 0x0000, 0x0000, 0x0000, 0x0000, 0x0000, 0x0000, 0x0000,
    0x0000, 0x0000, 0x0000, 0x0000, 0x0000, 0x0000, 0x0000, 0x0000, 0x0000, 0x0000, 0x0000, 0x0000,
    0x0000, 0x0000, 0x0000, 0x0000, 0x0000, 0x0000, 0x0000, 0x0000, 0x0000, 0x0000, 0x0000, 0x0000,
    0x0000, 0x0000, 0x0000, 0x0000, 0x0000, 0x0000, 0x0000, 0x0000, 0x0000, 0x0000, 0x0000, 0x0000,
    0x0000, 0x0000, 0x0000, 0x0000, 0x0000, 0x0000, 0x0000, 0x0000, 0x0000, 0x0000, 0x0000, 0x0000,
    0x0000, 0x0000, 0x0000, 0x0000, 0x0000, 0x0000, 0x0000, 0x0000, 0x0000, 0x0000, 0x0000, 0x0000,
    0x0000, 0x0000, 0x0000, 0x0000, 0x0000, 0x0000, 0x0000, 0x0000, 0x0000, 0x0000, 0x0000, 0x0000,
    0x0000, 0x0000, 0x0000, 0x0000, 0x0000, 0x0000, 0x0000, 0x0000, 0x0000, 0x0000, 0x0000, 0x0000,
    0x0000, 0x0000, 0x0000, 0x0000, 0x0000, 0x0000, 0x0000, 0x0000, 0x0000, 0x0000, 0x0000, 0x0000,
    0x0000, 0x0000, 0x0000, 0x0000, 0x0000, 0x0000, 0x0000, 0x0000, 0x0000, 0x0000, 0x0000, 0x0000,
    0x0000, 0x0000, 0x0000, 0x0000, 0x0000, 0x0000, 0x0000, 0x0000, 0x0000, 0x0000, 0x0000, 0x0000,
    0x0000, 0x0000, 0x0000, 0x0000, 0x0000, 0x0000, 0x0000, 0x0000, 0x0000, 0x0000, 0x0000, 0x0000,
    0x0000, 0x0000, 0x0000, 0x0000, 0x0000, 0x0000, 0x0000, 0x0000, 0x0000, 0x0000, 0x0000, 0x0000,
    0x0000, 0x0000, 0x0000, 0x0000, 0x0000, 0x0000, 0x0000, 0x0000, 0x0000, 0x0000, 0x0000, 0x0000,
    0x0000, 0x0000, 0x0000, 0x0000, 0x0000, 0x0000, 0x0000, 0x0000, 0x0000, 0x0000, 0x0000, 0x0000,
    0x0000, 0x0000, 0x0000, 0x0000, 0x0000, 0x0000, 0x0000, 0x0000, 0x0000, 0x0000, 0x0000, 0x0000,
    0x0000, 0x0000, 0x0000, 0x0000, 0x0000, 0x0000, 0x0000, 0x0000, 0x0000, 0x0000, 0x0000, 0x0000,
    0x0000, 0x0000, 0x0000, 0x0000, 0x0000, 0x0000, 0x0000, 0x0000, 0x0000, 0x0000, 0x0000, 0x0000,
    0x0000, 0x0000, 0x0000, 0x0000, 0x0000, 0x0000, 0x0000, 0x0000, 0x0000, 0x0000, 0x0000, 0x0000,
    0x0000, 0x0000, 0x0000, 0x0000, 0x0000, 0x0000, 0x0000, 0x0000, 0x0000, 0x0000, 0x0000, 0x0000,
    0x0000, 0x0000, 0x0000, 0x0000, 0x0000, 0x0000, 0x0000, 0x0000, 0x0000, 0x0000, 0x0000, 0x0000,
    0x0000, 0x0000, 0x0000, 0x0000, 0x0000, 0x0000, 0x0000, 0x0000, 0x0000, 0x0000, 0x0000, 0x0000,
    0x0000, 0x0000, 0x0000, 0x0000, 0x0000, 0x0000, 0x0000, 0x0000, 0x0000, 0x0000, 0x0000, 0x0000,
    0x0000, 0x0000, 0x0000, 0x0000, 0x0000, 0x0000, 0x0000, 0x0000, 0x0000, 0x0000, 0x0000, 0x0000,
    0x0000, 0x0000, 0x0000, 0x0000, 0x0000, 0x0000, 0x0000, 0x0000, 0x0000, 0x0000, 0x0000, 0x0000,
    0x0000, 0x0000, 0x0000, 0x0000, 0x0000, 0x0000, 0x0000, 0x0000, 0x0000, 0x0000, 0x0000, 0x0000,
    0x0000, 0x0000, 0x0000, 0x0000, 0x0000, 0x0000, 0x0000, 0x0000, 0x0000, 0x0000, 0x0000, 0x0000,
    0x0000, 0x0000, 0x0000, 0x0000, 0x0000, 0x0000, 0x0000, 0x0000, 0x0000, 0x0000, 0x0000, 0x0000,
    0x0000, 0x0000, 0x0000, 0x0000, 0x0000, 0x0000, 0x0000, 0x0000, 0x0000, 0x0000, 0x0000, 0x0000,
    0x0000, 0x0000, 0x0000, 0x0000, 0x0000, 0x0000, 0x0000, 0x0000, 0x0000, 0x0000, 0x0000, 0x0000,
    0x0000, 0x0000, 0x0000, 0x0000, 0x0000, 0x0000, 0x0000, 0x0000, 0x0000, 0x0000, 0x0000, 0x0000,
    0x0000, 0x0000, 0x0000, 0x0000, 0x0000, 0x0000, 0x0000, 0x0000, 0x0000, 0x0000, 0x0000, 0x0000,
    0x0000, 0x0000, 0x0000, 0x0000, 0x0000, 0x0000, 0x0000, 0x0000, 0x0000, 0x0000, 0x0000, 0x0000,
    0x0000, 0x0000, 0x0000, 0x0000, 0x0000, 0x0000, 0x0000, 0x0000, 0x0000, 0x0000, 0x0000, 0x0000,
    0x0000, 0x0000, 0x0000, 0x0000, 0x0000, 0x0000, 0x0000, 0x0000, 0x0000, 0x0000, 0x0000, 0x0000,
    0x0000, 0x0000, 0x0000, 0x0000, 0x0000, 0x0000, 0x0000, 0x0000, 0x0000, 0x0000, 0x0000, 0x0000,
    0x0000, 0x0000, 0x0000, 0x0000, 0x0000, 0x0000, 0x0000, 0x0000, 0x0000, 0x0000, 0x0000, 0x0000,
    0x0000, 0x0000, 0x0000, 0x0000, 0x0000, 0x0000, 0x0000, 0x0000, 0x0000, 0x0000, 0x0000, 0x0000,
    0x0000, 0x0000, 0x0000, 0x0000, 0x0000, 0x0000, 0x0000, 0x0000, 0x0000, 0x0000, 0x0000, 0x0000,
    0x0000, 0x0000, 0x0000, 0x0000, 0x0000, 0x0000, 0x0000, 0x0000, 0x0000, 0x0000, 0x0000, 0x0000,
    0x0000, 0x0000, 0x0000, 0x0000, 0x0000, 0x0000, 0x0000, 0x0000, 0x0000, 0x0000, 0x0000, 0x0000,
    0x0000, 0x0000, 0x0000, 0x0000, 0x0000, 0x0000, 0x0000, 0x0000, 0x0000, 0x0000, 0x0000, 0x0000,
    0x0000, 0x0000, 0x0000, 0x0000, 0x0000, 0x0000, 0x0000, 0x0000, 0x0000, 0x0000, 0x0000, 0x0000,
    0x0000, 0x0000, 0x0000, 0x0000, 0x0000, 0x0000, 0x0000, 0x0000, 0x0000, 0x0000, 0x0000, 0x0000,
    0x0000, 0x0000, 0x0000, 0x0000, 0x0000, 0x0000, 0x0000, 0x0000, 0x0000, 0x0000, 0x0000, 0x0000,
    0x0000, 0x0000, 0x0000, 0x0000, 0x0000, 0x0000, 0x0000, 0x0000, 0x0000, 0x0000, 0x0000, 0x0000,
    0x0000, 0x0000, 0x0000, 0x0000, 0x0000, 0x0000, 0x0000, 0x0000, 0x0000, 0x0000, 0x0000, 0x0000,
    0x0000, 0x0000, 0x0000, 0x0000, 0x0000, 0x0000, 0x0000, 0x0000, 0x0000, 0x0000, 0x0000, 0x0000,
    0x0000, 0x0000, 0x0000, 0x0000,
};

}  // namespace DemoCoverData
