#pragma once

#include <cstdint>

namespace DemoCoverData {

constexpr std::uint16_t LastBootPixelsWidth = 160;
constexpr std::uint16_t LastBootPixelsHeight = 160;
alignas(4) constexpr std::uint16_t LastBootPixels[25600] = {
    0x0864, 0x0864, 0x0864, 0x0864, 0x0864, 0x0864, 0x0864, 0x0864, 0x0864, 0x0864, 0x0864, 0x0864,
    0x0864, 0x0864, 0x0864, 0x0864, 0x0864, 0x0864, 0x0864, 0x0864, 0x0864, 0x0864, 0x0864, 0x0864,
    0x0864, 0x0864, 0x0864, 0x0864, 0x0864, 0x0864, 0x0864, 0x0864, 0x0864, 0x0864, 0x0864, 0x0864,
    0x0864, 0x0864, 0x0864, 0x0864, 0x0864, 0x0864, 0x0864, 0x0864, 0x0864, 0x0864, 0x0864, 0x0864,
    0x0864, 0x0864, 0x0864, 0x0864, 0x0864, 0x0864, 0x0864, 0x0864, 0x0864, 0x0864, 0x0864, 0x0864,
    0x0864, 0x0864, 0x0864, 0x0864, 0x0864, 0x0864, 0x0864, 0x0864, 0x0864, 0x0864, 0x0864, 0x0864,
    0x0864, 0x0864, 0x0864, 0x0864, 0x0864, 0x0864, 0x0864, 0x0864, 0x0864, 0x0864, 0x0864, 0x0864,
    0x0864, 0x0864, 0x0864, 0x0864, 0x0864, 0x0864, 0x0864, 0x0864, 0x0864, 0x0864, 0x0864, 0x0864,
    0x0864, 0x0864, 0x0864, 0x0864, 0x0864, 0x0864, 0x0864, 0x0864, 0x0864, 0x0864, 0x0864, 0x0864,
    0x0864, 0x0864, 0x0864, 0x0864, 0x0864, 0x0864, 0x0864, 0x0864, 0x0864, 0x0864, 0x0864, 0x0864,
    0x0864, 0x0864, 0x0864, 0x0864, 0x0864, 0x0864, 0x0864, 0x0864, 0x0864, 0x0864, 0x0864, 0x0864,
    0x0864, 0x0864, 0x0864, 0x0864, 0x0864, 0x0864, 0x0864, 0x0864, 0x0864, 0x0864, 0x0864, 0x0864,
    0x0864, 0x0864, 0x0864, 0x0864, 0x0864, 0x0864, 0x0864, 0x0864, 0x0864, 0x0864, 0x0864, 0x0864,
    0x0864, 0x0864, 0x0864, 0x0864, 0x0864, 0x0864, 0x0864, 0x0864, 0x0864, 0x0864, 0x0864, 0x0864,
    0x0864, 0x0864, 0x0864, 0x0864, 0x0864, 0x0864, 0x0864, 0x0864, 0x0864, 0x0864, 0x0864, 0x0864,
    0x0864, 0x0864, 0x0864, 0x0864, 0x0864, 0x0864, 0x0864, 0x0864, 0x0864, 0x0864, 0x0864, 0x0864,
    0x0864, 0x0864, 0x0864, 0x0864, 0x0864, 0x0864, 0x0864, 0x0864, 0x0864, 0x0864, 0x0864, 0x0864,
    0x0864, 0x0864, 0x0864, 0x0864, 0x0864, 0x0864, 0x0864, 0x0864, 0x0864, 0x0864, 0x0864, 0x0864,
    0x0864, 0x0864, 0x0864, 0x0864, 0x0864, 0x0864, 0x0864, 0x0864, 0x0864, 0x0864, 0x0864, 0x0864,
    0x0864, 0x0864, 0x0864, 0x0864, 0x0864, 0x0864, 0x0864, 0x0864, 0x0864, 0x0864, 0x0864, 0x0864,
    0x0864, 0x0864, 0x0864, 0x0864, 0x0864, 0x0864, 0x0864, 0x0864, 0x0864, 0x0864, 0x0864, 0x0864,
    0x0864, 0x0864, 0x0864, 0x0864, 0x0864, 0x0864, 0x0864, 0x0864, 0x0864, 0x0864, 0x0864, 0x0864,
    0x0864, 0x0864, 0x0864, 0x0864, 0x0864, 0x0864, 0x0864, 0x0864, 0x0864, 0x0864, 0x0864, 0x0864,
    0x0864, 0x0864, 0x0864, 0x0864, 0x0864, 0x0864, 0x0864, 0x0864, 0x0864, 0x0864, 0x0864, 0x0864,
    0x0864, 0x0864, 0x0864, 0x0864, 0x0864, 0x0864, 0x0864, 0x0864, 0x0864, 0x0864, 0x0864, 0x0864,
    0x0864, 0x0864, 0x0864, 0x0864, 0x0864, 0x0864, 0x0864, 0x0864, 0x0864, 0x0864, 0x0864, 0x0864,
    0x0864, 0x0864, 0x0864, 0x0864, 0x0864, 0x0864, 0x0864, 0x0864, 0x0864, 0x0864, 0x0864, 0x0864,
    0x0864, 0x0864, 0x0864, 0x0864, 0x0864, 0x0864, 0x0864, 0x0864, 0x0864, 0x0864, 0x0864, 0x0864,
    0x0864, 0x0864, 0x0864, 0x0864, 0x0864, 0x0864, 0x0864, 0x0864, 0x0864, 0x0864, 0x0864, 0x0864,
    0x0864, 0x0864, 0x0864, 0x0864, 0x0864, 0x0864, 0x0864, 0x0864, 0x0864, 0x0864, 0x0864, 0x0864,
    0x0864, 0x0864, 0x0864, 0x0864, 0x0864, 0x0864, 0x0864, 0x0864, 0x0864, 0x0864, 0x0864, 0x0864,
    0x0864, 0x0864, 0x0864, 0x0864, 0x0864, 0x0864, 0x0864, 0x0864, 0x0864, 0x0864, 0x0864, 0x0864,
    0x0864, 0x0864, 0x0864, 0x0864, 0x0864, 0x0864, 0x0864, 0x0864, 0x0864, 0x0864, 0x0864, 0x0864,
    0x0864, 0x0864, 0x0864, 0x0864, 0x0864, 0x0864, 0x0864, 0x0864, 0x0864, 0x0864, 0x0864, 0x0864,
    0x0864, 0x0864, 0x0864, 0x0864, 0x0864, 0x0864, 0x0864, 0x0864, 0x0864, 0x0864, 0x0864, 0x0864,
    0x0864, 0x0864, 0x0864, 0x0864, 0x0864, 0x0864, 0x0864, 0x0864, 0x0864, 0x0864, 0x0864, 0x0864,
    0x0864, 0x0864, 0x0864, 0x0864, 0x0864, 0x0864, 0x0864, 0x0864, 0x0864, 0x0864, 0x0864, 0x0864,
    0x0864, 0x0864, 0x0864, 0x0864, 0x0864, 0x0864, 0x0864, 0x0864, 0x0864, 0x0864, 0x0864, 0x0864,
    0x0864, 0x0864, 0x0864, 0x0864, 0x0864, 0x0864, 0x0864, 0x0864, 0x0864, 0x0864, 0x0864, 0x0864,
    0x0864, 0x0864, 0x0864, 0x0864, 0x0864, 0x0864, 0x0864, 0x0864, 0x0864, 0x0864, 0x0864, 0x0864,
    0x0864, 0x0864, 0x0864, 0x0864, 0x0864, 0x0864, 0x0864, 0x0864, 0x0864, 0x0864, 0x0864, 0x0864,
    0x0864, 0x0864, 0x0864, 0x0864, 0x0864, 0x0864, 0x0864, 0x0864, 0x0864, 0x0864, 0x0864, 0x0864,
    0x0864, 0x0864, 0x0864, 0x0864, 0x0864, 0x0864, 0x0864, 0x0864, 0x0864, 0x0864, 0x0864, 0x0864,
    0x0864, 0x0864, 0x0864, 0x0864, 0x0864, 0x0864, 0x0864, 0x0864, 0x0864, 0x0864, 0x0864, 0x0864,
    0x0864, 0x0864, 0x0864, 0x0864, 0x0864, 0x0864, 0x0864, 0x0864, 0x0864, 0x0864, 0x0864, 0x0864,
    0x0864, 0x0864, 0x0864, 0x0864, 0x0864, 0x0864, 0x0864, 0x0864, 0x0864, 0x0864, 0x0864, 0x0864,
    0x0864, 0x0864, 0x0864, 0x0864, 0x0864, 0x0864, 0x0864, 0x0864, 0x0864, 0x0864, 0x0864, 0x0864,
    0x0864, 0x0864, 0x0864, 0x0864, 0x0864, 0x0864, 0x0864, 0x0864, 0x0864, 0x0864, 0x0864, 0x0864,
    0x0864, 0x0864, 0x0864, 0x0864, 0x0864, 0x0864, 0x0864, 0x0864, 0x0864, 0x0864, 0x0864, 0x0864,
    0x0864, 0x0864, 0x0864, 0x0864, 0x0864, 0x0864, 0x0864, 0x0864, 0x0864, 0x0864, 0x0864, 0x0864,
    0x0864, 0x0864, 0x0864, 0x0864, 0x0864, 0x0864, 0x0864, 0x0864, 0x0864, 0x0864, 0x0864, 0x0864,
    0x0864, 0x0864, 0x0864, 0x0864, 0x0864, 0x0864, 0x0864, 0x0864, 0x0864, 0x0864, 0x0864, 0x0864,
    0x0864, 0x0864, 0x0864, 0x0864, 0x0864, 0x0864, 0x0864, 0x0864, 0x0864, 0x0864, 0x0864, 0x0864,
    0x0864, 0x0864, 0x0864, 0x0864, 0x0864, 0x0864, 0x0864, 0x0864, 0x0864, 0x0864, 0x0864, 0x0864,
    0x0864, 0x0864, 0x0864, 0x0864, 0x0864, 0x0864, 0x0864, 0x0864, 0x0864, 0x0864, 0x0864, 0x0864,
    0x0864, 0x0864, 0x0864, 0x0864, 0x0864, 0x0864, 0x0864, 0x0864, 0x0864, 0x0864, 0x0864, 0x0864,
    0x0864, 0x0864, 0x0864, 0x0864, 0x0864, 0x0864, 0x0864, 0x0864, 0x0864, 0x0864, 0x0864, 0x0864,
    0x0864, 0x0864, 0x0864, 0x0864, 0x0864, 0x0864, 0x0864, 0x0864, 0x0864, 0x0864, 0x0864, 0x0864,
    0x0864, 0x0864, 0x0864, 0x0864, 0x0864, 0x0864, 0x0864, 0x0864, 0x0864, 0x0864, 0x0864, 0x0864,
    0x0864, 0x0864, 0x0864, 0x0864, 0x0864, 0x0864, 0x0864, 0x0864, 0x0864, 0x0864, 0x0864, 0x0864,
    0x0864, 0x0864, 0x0864, 0x0864, 0x0864, 0x0864, 0x0864, 0x0864, 0x0864, 0x0864, 0x0864, 0x0864,
    0x0864, 0x0864, 0x0864, 0x0864, 0x0864, 0x0864, 0x0864, 0x0864, 0x0864, 0x0864, 0x0864, 0x0864,
    0x0864, 0x0864, 0x0864, 0x0864, 0x0864, 0x0864, 0x0864, 0x0864, 0x0864, 0x0864, 0x0864, 0x0864,
    0x0864, 0x0864, 0x0864, 0x0864, 0x0864, 0x0864, 0x0864, 0x0864, 0x0864, 0x0864, 0x0864, 0x0864,
    0x0864, 0x0864, 0x0864, 0x0864, 0x0864, 0x0864, 0x0864, 0x0864, 0x0864, 0x0864, 0x0864, 0x0864,
    0x0864, 0x0864, 0x0864, 0x0864, 0x0864, 0x0864, 0x0864, 0x0864, 0x0864, 0x0864, 0x0864, 0x0864,
    0x0864, 0x0864, 0x0864, 0x0864, 0x0864, 0x0864, 0x0864, 0x0864, 0x0864, 0x0864, 0x0864, 0x0864,
    0x0864, 0x0864, 0x0864, 0x0864, 0x0864, 0x0864, 0x0864, 0x0864, 0x0864, 0x0864, 0x0864, 0x0864,
    0x0864, 0x0864, 0x0864, 0x0864, 0x0864, 0x0864, 0x0864, 0x0864, 0x0864, 0x0864, 0x0864, 0x0864,
    0x0864, 0x0864, 0x0864, 0x0864, 0x0864, 0x0864, 0x0864, 0x0864, 0x0864, 0x0864, 0x0864, 0x0864,
    0x0864, 0x0864, 0x0864, 0x0864, 0x0864, 0x0864, 0x0864, 0x0864, 0x0864, 0x0864, 0x0864, 0x0864,
    0x0864, 0x0864, 0x0864, 0x0864, 0x0864, 0x0864, 0x0864, 0x0864, 0x0864, 0x0864, 0x0864, 0x0864,
    0x0864, 0x0864, 0x0864, 0x0864, 0x0864, 0x0864, 0x0864, 0x0864, 0x0864, 0x0864, 0x0864, 0x0864,
    0x0864, 0x0864, 0x0864, 0x0864, 0x0864, 0x0864, 0x0864, 0x0864, 0x0864, 0x0864, 0x0864, 0x0864,
    0x0864, 0x0864, 0x0864, 0x0864, 0x0864, 0x0864, 0x0864, 0x0864, 0x0864, 0x0864, 0x0864, 0x0864,
    0x0864, 0x0864, 0x0864, 0x0864, 0x0864, 0x0864, 0x0864, 0x0864, 0x0864, 0x0864, 0x0864, 0x0864,
    0x0864, 0x0864, 0x0864, 0x0864, 0x0864, 0x0864, 0x0864, 0x0864, 0x0864, 0x0864, 0x0864, 0x0864,
    0x0864, 0x0864, 0x0864, 0x0864, 0x0864, 0x0864, 0x0864, 0x0864, 0x0864, 0x0864, 0x0864, 0x0864,
    0x0864, 0x0864, 0x0864, 0x0864, 0x0864, 0x0864, 0x0864, 0x0864, 0x0864, 0x0864, 0x0864, 0x0864,
    0x0864, 0x0864, 0x0864, 0x0864, 0x0864, 0x0864, 0x0864, 0x0864, 0x0864, 0x0864, 0x0864, 0x0864,
    0x0864, 0x0864, 0x0864, 0x0864, 0x0864, 0x0864, 0x0864, 0x0864, 0x0864, 0x0864, 0x0864, 0x0864,
    0x0864, 0x0864, 0x0864, 0x0864, 0x0864, 0x0864, 0x0864, 0x0864, 0x0864, 0x0864, 0x0864, 0x0864,
    0x0864, 0x0864, 0x0864, 0x0864, 0x0864, 0x0864, 0x0864, 0x0864, 0x0864, 0x0864, 0x0864, 0x0864,
    0x0864, 0x0864, 0x0864, 0x0864, 0x0864, 0x0864, 0x0864, 0x0864, 0x0864, 0x0864, 0x0864, 0x0864,
    0x0864, 0x0864, 0x0864, 0x0864, 0x0864, 0x0864, 0x0864, 0x0864, 0x0864, 0x0864, 0x0864, 0x0864,
    0x0864, 0x0864, 0x0864, 0x0864, 0x0864, 0x0864, 0x0864, 0x0864, 0x0864, 0x0864, 0x0864, 0x0864,
    0x0864, 0x0864, 0x0864, 0x0864, 0x0864, 0x0864, 0x0864, 0x0864, 0x0864, 0x0864, 0x0864, 0x0864,
    0x0864, 0x0864, 0x0864, 0x0864, 0x0864, 0x0864, 0x0864, 0x0864, 0x0864, 0x0864, 0x0864, 0x0864,
    0x0864, 0x0864, 0x0864, 0x0864, 0x0864, 0x0864, 0x0864, 0x0864, 0x0864, 0x0864, 0x0864, 0x0864,
    0x0864, 0x0864, 0x0864, 0x0864, 0x0864, 0x0864, 0x0864, 0x0864, 0x0864, 0x0864, 0x0864, 0x0864,
    0x0864, 0x0864, 0x0864, 0x0864, 0x0864, 0x0864, 0x0864, 0x0864, 0x0864, 0x0864, 0x0864, 0x0864,
    0x0864, 0x0864, 0x0864, 0x0864, 0x0864, 0x0864, 0x0864, 0x0864, 0x0864, 0x0864, 0x0864, 0x0864,
    0x0864, 0x0864, 0x0864, 0x0864, 0x0864, 0x0864, 0x0864, 0x0864, 0x0864, 0x0864, 0x0864, 0x0864,
    0x0864, 0x0864, 0x0864, 0x0864, 0x0864, 0x0864, 0x0864, 0x0864, 0x0864, 0x0864, 0x0864, 0x0864,
    0x0864, 0x0864, 0x0864, 0x0864, 0x0864, 0x0864, 0x0864, 0x0864, 0x0864, 0x0864, 0x0864, 0x0864,
    0x0864, 0x0864, 0x0864, 0x0864, 0x0864, 0x0864, 0x0864, 0x0864, 0x0864, 0x0864, 0x0864, 0x0864,
    0x0864, 0x0864, 0x0864, 0x0864, 0x0864, 0x0864, 0x0864, 0x0864, 0x0864, 0x0864, 0x0864, 0x0864,
    0x0864, 0x0864, 0x0864, 0x0864, 0x0864, 0x0864, 0x0864, 0x0864, 0x0864, 0x0864, 0x0864, 0x0864,
    0x0864, 0x0864, 0x0864, 0x0864, 0x0864, 0x0864, 0x0864, 0x0864, 0x0864, 0x0864, 0x0864, 0x0864,
    0x0864, 0x0864, 0x0864, 0x0864, 0x0864, 0x0864, 0x0864, 0x0864, 0x0864, 0x0864, 0x0864, 0x0864,
    0x0864, 0x0864, 0x0864, 0x0864, 0x0864, 0x0864, 0x0864, 0x0864, 0x0864, 0x0864, 0x0864, 0x0864,
    0x0864, 0x0864, 0x0864, 0x0864, 0x0864, 0x0864, 0x0864, 0x0864, 0x0864, 0x0864, 0x0864, 0x0864,
    0x0864, 0x0864, 0x0864, 0x0864, 0x0864, 0x0864, 0x0864, 0x0864, 0x0864, 0x0864, 0x0864, 0x0864,
    0x0864, 0x0864, 0x0864, 0x0864, 0x0864, 0x0864, 0x0864, 0x0864, 0x0864, 0x0864, 0x0864, 0x0864,
    0x0864, 0x0864, 0x0864, 0x0864, 0x0864, 0x0864, 0x0864, 0x0864, 0x0864, 0x0864, 0x0864, 0x0864,
    0x0864, 0x0864, 0x0864, 0x0864, 0x0864, 0x0864, 0x0864, 0x0864, 0x0864, 0x0864, 0x0864, 0x0864,
    0x0864, 0x0864, 0x0864, 0x0864, 0x0864, 0x0864, 0x0864, 0x0864, 0x0864, 0x0864, 0x0864, 0x0864,
    0x0864, 0x0864, 0x0864, 0x0864, 0x0864, 0x0864, 0x0864, 0x0864, 0x0864, 0x0864, 0x0864, 0x0864,
    0x0864, 0x0864, 0x0864, 0x0864, 0x0864, 0x0864, 0x0864, 0x0864, 0x0864, 0x0864, 0x0864, 0x0864,
    0x0864, 0x0864, 0x0864, 0x0864, 0x0864, 0x0864, 0x0864, 0x0864, 0x0864, 0x0864, 0x0864, 0x0864,
    0x0864, 0x0864, 0x0864, 0x0864, 0x0864, 0x0864, 0x0864, 0x0864, 0x0864, 0x0864, 0x0864, 0x0864,
    0x0864, 0x0864, 0x0864, 0x0864, 0x0864, 0x0864, 0x0864, 0x0864, 0x0864, 0x0864, 0x0864, 0x0864,
    0x0864, 0x0864, 0x0864, 0x0864, 0x0864, 0x0864, 0x0864, 0x0864, 0x0864, 0x0864, 0x0864, 0x0864,
    0x0864, 0x0864, 0x0864, 0x0864, 0x0864, 0x0864, 0x0864, 0x0864, 0x0864, 0x0864, 0x0864, 0x0864,
    0x0864, 0x0864, 0x0864, 0x0864, 0x0864, 0x0864, 0x0864, 0x0864, 0x0864, 0x0864, 0x0864, 0x0864,
    0x0864, 0x0864, 0x0864, 0x0864, 0x0864, 0x0864, 0x0864, 0x0864, 0x0864, 0x0864, 0x0864, 0x0864,
    0x0864, 0x0864, 0x0864, 0x0864, 0x0864, 0x0864, 0x0864, 0x0864, 0x0864, 0x0864, 0x0864, 0x0864,
    0x0864, 0x0864, 0x0864, 0x0864, 0x0864, 0x0864, 0x0864, 0x0864, 0x0864, 0x0864, 0x0864, 0x0864,
    0x0864, 0x0864, 0x0864, 0x0864, 0x0864, 0x0864, 0x0864, 0x0864, 0x0864, 0x0864, 0x0864, 0x0864,
    0x0864, 0x0864, 0x0864, 0x0864, 0x0864, 0x0864, 0x0864, 0x0864, 0x0864, 0x0864, 0x0864, 0x0864,
    0x0864, 0x0864, 0x0864, 0x0864, 0x0864, 0x0864, 0x0864, 0x0864, 0x0864, 0x0864, 0x0864, 0x0864,
    0x0864, 0x0864, 0x0864, 0x0864, 0x0864, 0x0864, 0x0864, 0x0864, 0x0864, 0x0864, 0x0864, 0x0864,
    0x0864, 0x0864, 0x0864, 0x0864, 0x0864, 0x0864, 0x0864, 0x0864, 0x0864, 0x0864, 0x0864, 0x0864,
    0x0864, 0x0864, 0x0864, 0x0864, 0x0864, 0x0864, 0x0864, 0x0864, 0x0864, 0x0864, 0x0864, 0x0864,
    0x0864, 0x0864, 0x0864, 0x0864, 0x0864, 0x0864, 0x0864, 0x0864, 0x0864, 0x0864, 0x0864, 0x0864,
    0x0864, 0x0864, 0x0864, 0x0864, 0x0864, 0x0864, 0x0864, 0x0864, 0x0864, 0x0864, 0x0864, 0x0864,
    0x0864, 0x0864, 0x0864, 0x0864, 0x0884, 0x0884, 0x0884, 0x0884, 0x0884, 0x0884, 0x0884, 0x0884,
    0x0884, 0x0864, 0x0864, 0x0864, 0x0864, 0x0864, 0x0864, 0x0864, 0x0864, 0x0864, 0x0864, 0x0864,
    0x0864, 0x0864, 0x0864, 0x0864, 0x0864, 0x0864, 0x0864, 0x0864, 0x0864, 0x0864, 0x0864, 0x0864,
    0x0864, 0x0864, 0x0864, 0x0864, 0x0864, 0x0864, 0x0864, 0x0864, 0x0864, 0x0864, 0x0864, 0x0864,
    0x0864, 0x0864, 0x0864, 0x0864, 0x0864, 0x0864, 0x0864, 0x0864, 0x0864, 0x0864, 0x0864, 0x0864,
    0x0864, 0x0864, 0x0864, 0x0864, 0x0864, 0x0864, 0x0864, 0x0864, 0x0864, 0x0864, 0x0864, 0x0864,
    0x0864, 0x0864, 0x0864, 0x0864, 0x0864, 0x0864, 0x0864, 0x0864, 0x0864, 0x0864, 0x0864, 0x0864,
    0x0864, 0x0864, 0x0864, 0x0864, 0x0864, 0x0864, 0x0864, 0x0864, 0x0864, 0x0864, 0x0864, 0x0864,
    0x0864, 0x0864, 0x0864, 0x0864, 0x0864, 0x0864, 0x0864, 0x0864, 0x0864, 0x0864, 0x0864, 0x0864,
    0x0864, 0x0864, 0x0864, 0x0864, 0x0864, 0x0864, 0x0864, 0x0864, 0x0864, 0x0864, 0x0864, 0x0864,
    0x0864, 0x0864, 0x0864, 0x0864, 0x0864, 0x0864, 0x0864, 0x0864, 0x0864, 0x0864, 0x0864, 0x0864,
    0x0864, 0x0864, 0x0864, 0x0864, 0x0864, 0x0864, 0x0864, 0x0864, 0x0864, 0x0864, 0x0864, 0x0864,
    0x0864, 0x0864, 0x0864, 0x0864, 0x0864, 0x0864, 0x0864, 0x0864, 0x0864, 0x0864, 0x0864, 0x0864,
    0x0864, 0x0884, 0x0884, 0x0884, 0x0884, 0x0063, 0x0063, 0x0063, 0x0043, 0x0043, 0x0043, 0x0043,
    0x0043, 0x0043, 0x0043, 0x0043, 0x0063, 0x0063, 0x0063, 0x0864, 0x0884, 0x0884, 0x0884, 0x0864,
    0x0864, 0x0864, 0x0864, 0x0864, 0x0864, 0x0864, 0x0864, 0x0864, 0x0864, 0x0864, 0x0864, 0x0864,
    0x0864, 0x0864, 0x0864, 0x0864, 0x0864, 0x0864, 0x0864, 0x0864, 0x0864, 0x0864, 0x0864, 0x0864,
    0x0864, 0x0864, 0x0864, 0x0864, 0x0864, 0x0864, 0x0864, 0x0864, 0x0864, 0x0864, 0x0864, 0x0864,
    0x0864, 0x0864, 0x0864, 0x0864, 0x0864, 0x0864, 0x0864, 0x0864, 0x0864, 0x0864, 0x0864, 0x0864,
    0x0864, 0x0864, 0x0864, 0x0864, 0x0864, 0x0864, 0x0864, 0x0864, 0x0864, 0x0864, 0x0864, 0x0864,
    0x0864, 0x0864, 0x0864, 0x0864, 0x0864, 0x0864, 0x0864, 0x0864, 0x0864, 0x0864, 0x0864, 0x0864,
    0x0864, 0x0864, 0x0864, 0x0864, 0x0864, 0x0864, 0x0864, 0x0864, 0x0864, 0x0864, 0x0864, 0x0864,
    0x0864, 0x0864, 0x0864, 0x0864, 0x0864, 0x0864, 0x0864, 0x0864, 0x0864, 0x0864, 0x0864, 0x0864,
    0x0864, 0x0864, 0x0864, 0x0864, 0x0864, 0x0864, 0x0864, 0x0864, 0x0864, 0x0864, 0x0864, 0x0864,
    0x0864, 0x0864, 0x0864, 0x0864, 0x0864, 0x0864, 0x0864, 0x0864, 0x0864, 0x0864, 0x0864, 0x0864,
    0x0864, 0x0864, 0x0864, 0x0864, 0x0864, 0x0864, 0x0864, 0x0864, 0x0864, 0x0864, 0x0864, 0x0864,
    0x0864, 0x0864, 0x0884, 0x0884, 0x0064, 0x0044, 0x0043, 0x0043, 0x0043, 0x18A3, 0x18A3, 0x18A4,
    0x5144, 0x5964, 0x5164, 0x5164, 0x5164, 0x5964, 0x5164, 0x5964, 0x28E4, 0x1083, 0x18A4, 0x0063,
    0x0043, 0x0043, 0x0043, 0x0064, 0x0864, 0x0884, 0x0884, 0x0864, 0x0864, 0x0864, 0x0864, 0x0864,
    0x0864, 0x0864, 0x0864, 0x0864, 0x0864, 0x0864, 0x0864, 0x0864, 0x0864, 0x0864, 0x0864, 0x0864,
    0x0864, 0x0864, 0x0864, 0x0864, 0x0864, 0x0864, 0x0864, 0x0864, 0x0864, 0x0864, 0x0864, 0x0864,
    0x0864, 0x0864, 0x0864, 0x0864, 0x0864, 0x0864, 0x0864, 0x0864, 0x0864, 0x0864, 0x0864, 0x0864,
    0x0864, 0x0864, 0x0864, 0x0864, 0x0864, 0x0864, 0x0864, 0x0864, 0x0864, 0x0864, 0x0864, 0x0864,
    0x0864, 0x0864, 0x0864, 0x0864, 0x0864, 0x0864, 0x0864, 0x0864, 0x0864, 0x0864, 0x0864, 0x0864,
    0x0864, 0x0864, 0x0864, 0x0864, 0x0864, 0x0864, 0x0864, 0x0864, 0x0864, 0x0864, 0x0864, 0x0864,
    0x0864, 0x0864, 0x0864, 0x0864, 0x0864, 0x0864, 0x0864, 0x0864, 0x0864, 0x0864, 0x0864, 0x0864,
    0x0864, 0x0864, 0x0864, 0x0864, 0x0864, 0x0864, 0x0864, 0x0864, 0x0864, 0x0864, 0x0864, 0x0864,
    0x0864, 0x0864, 0x0864, 0x0864, 0x0864, 0x0864, 0x0864, 0x0864, 0x0864, 0x0864, 0x0864, 0x0864,
    0x0864, 0x0864, 0x0864, 0x0864, 0x0864, 0x0864, 0x0864, 0x0864, 0x0864, 0x0864, 0x0864, 0x0864,
    0x0864, 0x0864, 0x0864, 0x0864, 0x0864, 0x0044, 0x0023, 0x0043, 0x1084, 0x4124, 0x6184, 0x9A24,
    0xA224, 0xBA64, 0xBA84, 0xB264, 0x9A24, 0x9A04, 0x9204, 0x9204, 0x9204, 0x9204, 0x9A24, 0x9204,
    0xAA44, 0xBA84, 0xBA84, 0xA244, 0xA244, 0x71A4, 0x5144, 0x20A4, 0x0064, 0x0023, 0x0043, 0x0864,
    0x0864, 0x0864, 0x0864, 0x0864, 0x0864, 0x0864, 0x0864, 0x0864, 0x0864, 0x0864, 0x0864, 0x0864,
    0x0864, 0x0864, 0x0864, 0x0864, 0x0864, 0x0864, 0x0864, 0x0864, 0x0864, 0x0864, 0x0864, 0x0864,
    0x0864, 0x0864, 0x0864, 0x0864, 0x0864, 0x0864, 0x0864, 0x0864, 0x0864, 0x0864, 0x0864, 0x0864,
    0x0864, 0x0864, 0x0864, 0x0864, 0x0864, 0x0864, 0x0864, 0x0864, 0x0864, 0x0864, 0x0864, 0x0864,
    0x0864, 0x0864, 0x0864, 0x0864, 0x0864, 0x0864, 0x0864, 0x0864, 0x0864, 0x0864, 0x0864, 0x0864,
    0x0864, 0x0864, 0x0864, 0x0864, 0x0864, 0x0864, 0x0864, 0x0864, 0x0864, 0x0864, 0x0864, 0x0864,
    0x0864, 0x0864, 0x0864, 0x0864, 0x0864, 0x0864, 0x0864, 0x0864, 0x0864, 0x0864, 0x0864, 0x0864,
    0x0864, 0x0864, 0x0864, 0x0864, 0x0864, 0x0864, 0x0864, 0x0864, 0x0864, 0x0864, 0x0864, 0x0864,
    0x0864, 0x0864, 0x0864, 0x0864, 0x0864, 0x0864, 0x0864, 0x0864, 0x0864, 0x0864, 0x0864, 0x0864,
    0x0864, 0x0864, 0x0864, 0x0864, 0x0864, 0x0864, 0x0864, 0x0864, 0x0864, 0x0864, 0x0864, 0x0864,
    0x0864, 0x0864, 0x0864, 0x0864, 0x0864, 0x0864, 0x0043, 0x0023, 0x0043, 0x30E4, 0x79C4, 0xAA64,
    0xC2A4, 0xC284, 0x9A24, 0x6164, 0x5144, 0x18A4, 0x18A4, 0x1083, 0x0043, 0x0043, 0x0043, 0x0043,
    0x0043, 0x0043, 0x0043, 0x0023, 0x0883, 0x18A4, 0x1083, 0x4124, 0x5964, 0x81E4, 0xBA84, 0xCAA4,
    0xB264, 0x9204, 0x4924, 0x0864, 0x0023, 0x0043, 0x0864, 0x0864, 0x0864, 0x0864, 0x0864, 0x0864,
    0x0864, 0x0864, 0x0864, 0x0864, 0x0864, 0x0864, 0x0864, 0x0864, 0x0864, 0x0864, 0x0864, 0x0864,
    0x0864, 0x0864, 0x0864, 0x0864, 0x0864, 0x0864, 0x0864, 0x0864, 0x0864, 0x0864, 0x0864, 0x0864,
    0x0864, 0x0864, 0x0864, 0x0864, 0x0864, 0x0864, 0x0864, 0x0864, 0x0864, 0x0864, 0x0864, 0x0864,
    0x0864, 0x0864, 0x0864, 0x0864, 0x0864, 0x0864, 0x0864, 0x0864, 0x0864, 0x0864, 0x0864, 0x0864,
    0x0864, 0x0864, 0x0864, 0x0864, 0x0864, 0x0864, 0x0864, 0x0864, 0x0864, 0x0864, 0x0864, 0x0864,
    0x0864, 0x0864, 0x0864, 0x0864, 0x0864, 0x0864, 0x0864, 0x0864, 0x0864, 0x0864, 0x0864, 0x0864,
    0x0864, 0x0864, 0x0864, 0x0864, 0x0864, 0x0864, 0x0864, 0x0864, 0x0864, 0x0864, 0x0864, 0x0864,
    0x0864, 0x0864, 0x0864, 0x0864, 0x0864, 0x0864, 0x0864, 0x0864, 0x0864, 0x0864, 0x0864, 0x0864,
    0x0864, 0x0864, 0x0864, 0x0864, 0x0864, 0x0864, 0x0864, 0x0864, 0x0864, 0x0864, 0x0864, 0x0864,
    0x0864, 0x0864, 0x0864, 0x0864, 0x0864, 0x0864, 0x0864, 0x0864, 0x0043, 0x0043, 0x30E4, 0x81C4,
    0xBA85, 0xC2A5, 0xA244, 0x6164, 0x20A4, 0x0863, 0x0023, 0x0043, 0x0043, 0x0063, 0x0063, 0x0063,
    0x0863, 0x0863, 0x0863, 0x0863, 0x0863, 0x0863, 0x0863, 0x0863, 0x0863, 0x0063, 0x0063, 0x0043,
    0x0043, 0x0023, 0x0043, 0x1883, 0x4124, 0x9204, 0xBA85, 0xCAA5, 0x9A24, 0x4924, 0x0864, 0x0023,
    0x0064, 0x0864, 0x0864, 0x0864, 0x0864, 0x0864, 0x0864, 0x0864, 0x0864, 0x0864, 0x0864, 0x0864,
    0x0864, 0x0864, 0x0864, 0x0864, 0x0864, 0x0864, 0x0864, 0x0864, 0x0864, 0x0864, 0x0864, 0x0864,
    0x0864, 0x0864, 0x0864, 0x0864, 0x0864, 0x0864, 0x0864, 0x0864, 0x0864, 0x0864, 0x0864, 0x0864,
    0x0864, 0x0864, 0x0864, 0x0864, 0x0864, 0x0864, 0x0864, 0x0864, 0x0864, 0x0864, 0x0864, 0x0864,
    0x0864, 0x0864, 0x0864, 0x0864, 0x0864, 0x0864, 0x0864, 0x0864, 0x0864, 0x0864, 0x0864, 0x0864,
    0x0864, 0x0864, 0x0864, 0x0864, 0x0864, 0x0864, 0x0864, 0x0864, 0x0864, 0x0864, 0x0864, 0x0864,
    0x0864, 0x0864, 0x0864, 0x0864, 0x0864, 0x0864, 0x0864, 0x0864, 0x0864, 0x0864, 0x0864, 0x0864,
    0x0864, 0x0864, 0x0864, 0x0864, 0x0864, 0x0864, 0x0864, 0x0864, 0x0864, 0x0864, 0x0864, 0x0864,
    0x0864, 0x0864, 0x0864, 0x0864, 0x0864, 0x0864, 0x0864, 0x0864, 0x0864, 0x0864, 0x0864, 0x0864,
    0x0864, 0x0864, 0x0864, 0x0864, 0x0864, 0x0864, 0x0864, 0x0864, 0x0884, 0x0864, 0x0023, 0x0864,
    0x5144, 0xC2A5, 0xD2C5, 0x9A04, 0x4924, 0x0863, 0x0023, 0x0043, 0x0063, 0x0863, 0x0863, 0x0863,
    0x0863, 0x0863, 0x0863, 0x0863, 0x0863, 0x0863, 0x0863, 0x0863, 0x0863, 0x0863, 0x0863, 0x0863,
    0x0863, 0x0863, 0x0863, 0x0863, 0x0863, 0x0863, 0x0863, 0x0063, 0x0043, 0x0023, 0x0043, 0x30E4,
    0x79C4, 0xC285, 0xDAE5, 0x79C4, 0x18A4, 0x0023, 0x0043, 0x0884, 0x0864, 0x0864, 0x0864, 0x0864,
    0x0864, 0x0864, 0x0864, 0x0864, 0x0864, 0x0864, 0x0864, 0x0864, 0x0864, 0x0864, 0x0864, 0x0864,
    0x0864, 0x0864, 0x0864, 0x0864, 0x0864, 0x0864, 0x0864, 0x0864, 0x0864, 0x0864, 0x0864, 0x0864,
    0x0864, 0x0864, 0x0864, 0x0864, 0x0864, 0x0864, 0x0864, 0x0864, 0x0864, 0x0864, 0x0864, 0x0864,
    0x0864, 0x0864, 0x0864, 0x0864, 0x0864, 0x0864, 0x0864, 0x0864, 0x0864, 0x0864, 0x0864, 0x0864,
    0x0864, 0x0864, 0x0864, 0x0864, 0x0863, 0x0863, 0x0863, 0x0863, 0x0863, 0x0863, 0x0863, 0x0863,
    0x0863, 0x0863, 0x0863, 0x0863, 0x0863, 0x0863, 0x0863, 0x0863, 0x0863, 0x0863, 0x0863, 0x0863,
    0x0863, 0x0863, 0x0863, 0x0863, 0x0863, 0x0863, 0x0863, 0x0863, 0x0863, 0x0863, 0x0863, 0x0863,
    0x0863, 0x0863, 0x0863, 0x0863, 0x0863, 0x0863, 0x0863, 0x0863, 0x0863, 0x0863, 0x0863, 0x0863,
    0x0863, 0x0863, 0x0863, 0x0863, 0x0863, 0x0863, 0x0863, 0x0863, 0x0863, 0x0863, 0x0863, 0x0863,
    0x0023, 0x0863, 0x79C4, 0xDB05, 0xBA85, 0x6164, 0x1083, 0x0023, 0x0043, 0x0863, 0x0863, 0x0863,
    0x0863, 0x0863, 0x0863, 0x0863, 0x0863, 0x0863, 0x0863, 0x0863, 0x0863, 0x0863, 0x0863, 0x0863,
    0x0863, 0x0863, 0x0863, 0x0863, 0x0863, 0x0863, 0x0863, 0x0863, 0x0863, 0x0863, 0x0863, 0x0863,
    0x0863, 0x0863, 0x0863, 0x0043, 0x0023, 0x0043, 0x4924, 0x9A24, 0xDB05, 0xA245, 0x28C4, 0x0023,
    0x0063, 0x0883, 0x0863, 0x0863, 0x0863, 0x0863, 0x0863, 0x0863, 0x0863, 0x0863, 0x0863, 0x0863,
    0x0863, 0x0863, 0x0863, 0x0863, 0x0863, 0x0863, 0x0863, 0x0863, 0x0863, 0x0863, 0x0863, 0x0863,
    0x0863, 0x0863, 0x0863, 0x0863, 0x0863, 0x0863, 0x0863, 0x0863, 0x0863, 0x0863, 0x0863, 0x0863,
    0x0863, 0x0863, 0x0863, 0x0863, 0x0863, 0x0863, 0x0863, 0x0863, 0x0863, 0x0863, 0x0863, 0x0863,
    0x0863, 0x0863, 0x0863, 0x0863, 0x0863, 0x0863, 0x0863, 0x0863, 0x0863, 0x0863, 0x0863, 0x0863,
    0x0863, 0x0863, 0x0863, 0x0863, 0x0863, 0x0863, 0x0863, 0x0863, 0x0863, 0x0863, 0x0863, 0x0863,
    0x0863, 0x0863, 0x0863, 0x0863, 0x0863, 0x0863, 0x0863, 0x0863, 0x0863, 0x0863, 0x0863, 0x0863,
    0x0863, 0x0863, 0x0863, 0x0863, 0x0863, 0x0863, 0x0863, 0x0863, 0x0863, 0x0863, 0x0863, 0x0863,
    0x0863, 0x0863, 0x0863, 0x0863, 0x0863, 0x0863, 0x0863, 0x0863, 0x0863, 0x0863, 0x0863, 0x0863,
    0x0863, 0x0863, 0x0043, 0x0043, 0x79C4, 0xDB05, 0xC2C5, 0x4924, 0x0043, 0x0023, 0x0863, 0x0883,
    0x0863, 0x0863, 0x0863, 0x0863, 0x0863, 0x0863, 0x0863, 0x0863, 0x0883, 0x0883, 0x0863, 0x0863,
    0x0863, 0x0863, 0x0863, 0x0863, 0x0863, 0x0863, 0x0863, 0x0863, 0x0863, 0x0863, 0x0883, 0x0883,
    0x0863, 0x0863, 0x0863, 0x0863, 0x0863, 0x0863, 0x0863, 0x0863, 0x0863, 0x0863, 0x0043, 0x0023,
    0x28C4, 0xA244, 0xE325, 0xA245, 0x20A4, 0x0023, 0x0863, 0x0863, 0x0863, 0x0863, 0x0863, 0x0863,
    0x0863, 0x0863, 0x0863, 0x0863, 0x0863, 0x0863, 0x0863, 0x0863, 0x0863, 0x0863, 0x0863, 0x0863,
    0x0863, 0x0863, 0x0863, 0x0863, 0x0863, 0x0863, 0x0863, 0x0863, 0x0863, 0x0863, 0x0863, 0x0863,
    0x0863, 0x0863, 0x0863, 0x0863, 0x0863, 0x0863, 0x0863, 0x0863, 0x0863, 0x0863, 0x0863, 0x0863,
    0x0863, 0x0863, 0x0863, 0x0863, 0x0863, 0x0863, 0x0863, 0x0863, 0x0863, 0x0863, 0x0863, 0x0863,
    0x0863, 0x0863, 0x0863, 0x0863, 0x0863, 0x0863, 0x0863, 0x0863, 0x0863, 0x0863, 0x0863, 0x0863,
    0x0863, 0x0863, 0x0863, 0x0863, 0x0863, 0x0863, 0x0863, 0x0863, 0x0863, 0x0863, 0x0863, 0x0863,
    0x0863, 0x0863, 0x0863, 0x0863, 0x0863, 0x0863, 0x0863, 0x0863, 0x0863, 0x0863, 0x0863, 0x0863,
    0x0863, 0x0863, 0x0863, 0x0863, 0x0863, 0x0863, 0x0863, 0x0863, 0x0863, 0x0863, 0x0863, 0x0863,
    0x0863, 0x0863, 0x0863, 0x0883, 0x0043, 0x0043, 0x4944, 0xC2A5, 0xC2C5, 0x4944, 0x0043, 0x0043,
    0x0863, 0x0863, 0x0863, 0x0863, 0x0863, 0x0863, 0x0863, 0x0863, 0x0863, 0x0863, 0x0863, 0x0063,
    0x0023, 0x0023, 0x0063, 0x0863, 0x0063, 0x0043, 0x0063, 0x0064, 0x0064, 0x0064, 0x0043, 0x0043,
    0x0863, 0x0863, 0x0023, 0x0023, 0x0063, 0x0863, 0x0863, 0x0863, 0x0863, 0x0863, 0x0863, 0x0863,
    0x0863, 0x0863, 0x0863, 0x0863, 0x0043, 0x0023, 0x28C4, 0xA244, 0xD305, 0x79C4, 0x0863, 0x0043,
    0x0883, 0x0863, 0x0863, 0x0863, 0x0863, 0x0863, 0x0863, 0x0863, 0x0863, 0x0863, 0x0863, 0x0863,
    0x0863, 0x0863, 0x0863, 0x0863, 0x0863, 0x0863, 0x0863, 0x0863, 0x0863, 0x0863, 0x0863, 0x0863,
    0x0863, 0x0863, 0x0863, 0x0863, 0x0863, 0x0863, 0x0863, 0x0863, 0x0863, 0x0863, 0x0863, 0x0863,
    0x0863, 0x0863, 0x0863, 0x0863, 0x0863, 0x0863, 0x0863, 0x0863, 0x0863, 0x0863, 0x0863, 0x0863,
    0x0863, 0x0863, 0x0863, 0x0863, 0x0863, 0x0863, 0x0863, 0x0863, 0x0863, 0x0863, 0x0863, 0x0863,
    0x0863, 0x0863, 0x0863, 0x0863, 0x0863, 0x0863, 0x0863, 0x0863, 0x0863, 0x0863, 0x0863, 0x0863,
    0x0863, 0x0863, 0x0863, 0x0863, 0x0863, 0x0863, 0x0863, 0x0863, 0x0863, 0x0863, 0x0863, 0x0863,
    0x0863, 0x0863, 0x0863, 0x0863, 0x0863, 0x0863, 0x0863, 0x0863, 0x0863, 0x0863, 0x0863, 0x0863,
    0x0863, 0x0863, 0x0863, 0x0863, 0x0863, 0x0863, 0x1083, 0x0023, 0x18A4, 0xB285, 0xDB05, 0x5144,
    0x0043, 0x0043, 0x0863, 0x0863, 0x0863, 0x0863, 0x0863, 0x0863, 0x0863, 0x0863, 0x0863, 0x0863,
    0x0863, 0x0863, 0x0023, 0x3124, 0xAB06, 0x9AA6, 0x20C4, 0x1083, 0x30E4, 0x4124, 0x38E3, 0x38A2,
    0x38A2, 0x38C2, 0x3924, 0x3904, 0x1083, 0x18A4, 0x9AA6, 0xAB06, 0x3924, 0x0023, 0x0863, 0x0863,
    0x0863, 0x0863, 0x0863, 0x0863, 0x0863, 0x0863, 0x0863, 0x0863, 0x0863, 0x0883, 0x0043, 0x0023,
    0x28C4, 0xB285, 0xDB05, 0x4924, 0x0023, 0x0863, 0x0863, 0x0863, 0x0863, 0x0863, 0x0863, 0x0863,
    0x0863, 0x0863, 0x0863, 0x0863, 0x0863, 0x0863, 0x0863, 0x0863, 0x0863, 0x0863, 0x0863, 0x0863,
    0x0863, 0x0863, 0x0863, 0x0863, 0x0863, 0x0863, 0x0863, 0x0863, 0x0863, 0x0863, 0x0863, 0x0863,
    0x0863, 0x0863, 0x0863, 0x0863, 0x0863, 0x0863, 0x0863, 0x0863, 0x0863, 0x0863, 0x0863, 0x0863,
    0x0863, 0x0863, 0x0863, 0x0863, 0x0863, 0x0863, 0x0863, 0x0863, 0x0863, 0x0863, 0x0863, 0x0863,
    0x0863, 0x0863, 0x0863, 0x0863, 0x0863, 0x0863, 0x0863, 0x0863, 0x0863, 0x0863, 0x0863, 0x0863,
    0x0863, 0x0863, 0x0863, 0x0863, 0x0863, 0x0863, 0x0863, 0x0863, 0x0863, 0x0863, 0x0863, 0x0863,
    0x0863, 0x0863, 0x0863, 0x0863, 0x0863, 0x0863, 0x0863, 0x0863, 0x0863, 0x0863, 0x0863, 0x0863,
    0x0863, 0x0863, 0x0863, 0x0863, 0x0863, 0x0863, 0x0863, 0x0863, 0x0863, 0x0863, 0x0023, 0x6164,
    0xDB05, 0x81E4, 0x0863, 0x0043, 0x0863, 0x0863, 0x0863, 0x0863, 0x0863, 0x0863, 0x0863, 0x0863,
    0x0863, 0x0863, 0x0063, 0x0043, 0x0043, 0x1083, 0x28A3, 0x8A45, 0xFCE8, 0xFC68, 0x8204, 0x79E4,
    0x69C4, 0x6183, 0x6A67, 0x83ED, 0x83CD, 0x7BAD, 0x69C5, 0x69A4, 0x71C4, 0x8204, 0xFC68, 0xFCE8,
    0x8A45, 0x30E3, 0x18A3, 0x0063, 0x0043, 0x0063, 0x0863, 0x0863, 0x0863, 0x0863, 0x0863, 0x0863,
    0x0863, 0x0863, 0x0863, 0x0883, 0x0043, 0x0043, 0x4944, 0xDAE5, 0x9A24, 0x0043, 0x0043, 0x0883,
    0x0863, 0x0863, 0x0863, 0x0863, 0x0863, 0x0863, 0x0863, 0x0863, 0x0863, 0x0863, 0x0863, 0x0863,
    0x0863, 0x0863, 0x0863, 0x0863, 0x0863, 0x0863, 0x0863, 0x0863, 0x0863, 0x0863, 0x0863, 0x0863,
    0x0863, 0x0863, 0x0863, 0x0863, 0x0863, 0x0863, 0x0863, 0x0863, 0x0863, 0x0863, 0x0863, 0x0863,
    0x0863, 0x0863, 0x0863, 0x0863, 0x0863, 0x0863, 0x0863, 0x0863, 0x0863, 0x0863, 0x0863, 0x0863,
    0x0863, 0x0863, 0x0863, 0x0863, 0x0863, 0x0863, 0x0863, 0x0863, 0x0863, 0x0863, 0x0863, 0x0863,
    0x0863, 0x0863, 0x0863, 0x0863, 0x0863, 0x0863, 0x0863, 0x0863, 0x0863, 0x0863, 0x0863, 0x0863,
    0x0863, 0x0863, 0x0863, 0x0863, 0x0863, 0x0863, 0x0863, 0x0863, 0x0863, 0x0863, 0x0863, 0x0863,
    0x0863, 0x0863, 0x0863, 0x0863, 0x0863, 0x0863, 0x0863, 0x0863, 0x0863, 0x0863, 0x0863, 0x1083,
    0x0043, 0x0043, 0x9A24, 0xDAE5, 0x30E4, 0x0023, 0x0863, 0x0863, 0x0863, 0x0863, 0x0863, 0x0863,
    0x0863, 0x0863, 0x0863, 0x0863, 0x0043, 0x0043, 0x1883, 0x4923, 0x79C4, 0x8A04, 0x71A4, 0x8204,
    0xAAE6, 0xA2A6, 0x20C4, 0x10A3, 0x0884, 0x0001, 0x22AD, 0x5F9F, 0x571F, 0x56BF, 0x08C5, 0x0043,
    0x10A4, 0x20C4, 0xA2A6, 0xAAE6, 0x8204, 0x69A3, 0x8A04, 0x81E4, 0x5963, 0x20C3, 0x0043, 0x0043,
    0x0863, 0x0863, 0x0863, 0x0863, 0x0863, 0x0863, 0x0863, 0x0863, 0x0863, 0x0863, 0x0043, 0x0863,
    0xB264, 0xCAC5, 0x28C4, 0x0023, 0x1083, 0x0863, 0x0863, 0x0863, 0x0863, 0x0863, 0x0863, 0x0863,
    0x0863, 0x0863, 0x0863, 0x0863, 0x0863, 0x0863, 0x0863, 0x0863, 0x0863, 0x0863, 0x0863, 0x0863,
    0x0863, 0x0863, 0x0863, 0x0863, 0x0863, 0x0863, 0x0863, 0x0863, 0x0863, 0x0863, 0x0863, 0x0863,
    0x0863, 0x0863, 0x0863, 0x0863, 0x0863, 0x0863, 0x0863, 0x0863, 0x0863, 0x0863, 0x0863, 0x0863,
    0x0863, 0x0863, 0x0863, 0x0863, 0x0863, 0x0863, 0x0863, 0x0863, 0x0863, 0x0863, 0x0863, 0x0863,
    0x0863, 0x0863, 0x0863, 0x0863, 0x0863, 0x0863, 0x0863, 0x0863, 0x0863, 0x0863, 0x0863, 0x0863,
    0x0863, 0x0863, 0x0863, 0x0863, 0x0863, 0x0863, 0x0863, 0x0863, 0x0863, 0x0863, 0x0863, 0x0863,
    0x0863, 0x0863, 0x0863, 0x0863, 0x0863, 0x0863, 0x0863, 0x0863, 0x0863, 0x0863, 0x0863, 0x0863,
    0x0863, 0x0863, 0x1083, 0x0023, 0x20A4, 0xCAC5, 0xB264, 0x0863, 0x0043, 0x1083, 0x0863, 0x0863,
    0x0863, 0x0863, 0x0883, 0x0883, 0x1063, 0x0863, 0x0043, 0x0863, 0x4103, 0x81C4, 0x9204, 0x79C3,
    0x4123, 0x18A3, 0x0863, 0x0043, 0x0043, 0x0043, 0x0883, 0x0883, 0x10A4, 0x0822, 0x2AAD, 0x673F,
    0x5EDF, 0x5E7D, 0x10E5, 0x1083, 0x0884, 0x0883, 0x0043, 0x0043, 0x0043, 0x0063, 0x1083, 0x30E3,
    0x6983, 0x8A04, 0x89E4, 0x5963, 0x1083, 0x0043, 0x0043, 0x0863, 0x1083, 0x0883, 0x0863, 0x0863,
    0x0863, 0x0863, 0x1063, 0x0863, 0x0023, 0x69A4, 0xE325, 0x6164, 0x0023, 0x0863, 0x0863, 0x0863,
    0x0863, 0x0863, 0x0863, 0x0863, 0x0863, 0x0863, 0x0863, 0x0863, 0x0863, 0x0863, 0x0863, 0x0863,
    0x0863, 0x0863, 0x0863, 0x0863, 0x0863, 0x0863, 0x0863, 0x0863, 0x0863, 0x0863, 0x0863, 0x0863,
    0x0863, 0x0863, 0x0863, 0x0863, 0x0863, 0x0863, 0x0863, 0x0863, 0x0863, 0x0863, 0x0863, 0x0863,
    0x0863, 0x0863, 0x0863, 0x0863, 0x0863, 0x0863, 0x0863, 0x0863, 0x0863, 0x0863, 0x0863, 0x0863,
    0x0863, 0x0863, 0x0863, 0x0863, 0x0863, 0x0863, 0x0863, 0x0863, 0x0863, 0x0863, 0x0863, 0x0863,
    0x0863, 0x0863, 0x0863, 0x0863, 0x0863, 0x0863, 0x0863, 0x0863, 0x0863, 0x0863, 0x0863, 0x0863,
    0x0863, 0x0863, 0x0863, 0x0863, 0x0863, 0x0863, 0x0863, 0x0863, 0x0863, 0x0863, 0x0863, 0x0863,
    0x0863, 0x0863, 0x0863, 0x0863, 0x0863, 0x1063, 0x0023, 0x4924, 0xEB05, 0x71A4, 0x0023, 0x0863,
    0x0863, 0x0863, 0x0863, 0x0863, 0x0863, 0x0863, 0x0023, 0x0023, 0x0023, 0x1083, 0x5963, 0xA224,
    0x89E4, 0x4923, 0x1883, 0x0043, 0x0043, 0x0863, 0x0883, 0x1083, 0x1083, 0x1083, 0x1083, 0x1084,
    0x10A4, 0x0822, 0x2AAD, 0x673F, 0x5EDF, 0x567E, 0x1105, 0x1083, 0x10A4, 0x1083, 0x1083, 0x1083,
    0x1083, 0x1083, 0x0863, 0x0063, 0x0043, 0x0863, 0x30E3, 0x71A3, 0xA244, 0x79C4, 0x20C3, 0x0043,
    0x0023, 0x0023, 0x0863, 0x0863, 0x0863, 0x0863, 0x0863, 0x0863, 0x0863, 0x0023, 0x30E4, 0xE305,
    0x81E4, 0x0043, 0x0863, 0x0863, 0x0863, 0x0863, 0x0863, 0x0863, 0x0863, 0x0863, 0x0863, 0x0863,
    0x0863, 0x0863, 0x0863, 0x0863, 0x0863, 0x0863, 0x0863, 0x0863, 0x0863, 0x0863, 0x0863, 0x0863,
    0x0863, 0x0863, 0x0863, 0x0863, 0x0863, 0x0863, 0x0863, 0x0863, 0x0863, 0x0863, 0x0863, 0x0863,
    0x0863, 0x0863, 0x0863, 0x0863, 0x0863, 0x0863, 0x0863, 0x0863, 0x0863, 0x0863, 0x0863, 0x0863,
    0x0863, 0x0863, 0x0863, 0x0863, 0x0863, 0x0863, 0x0863, 0x0863, 0x0863, 0x0863, 0x0863, 0x0863,
    0x0863, 0x0863, 0x0863, 0x0863, 0x0863, 0x0863, 0x0863, 0x0863, 0x0863, 0x0863, 0x0863, 0x0863,
    0x0863, 0x0863, 0x0863, 0x0863, 0x0863, 0x0863, 0x0863, 0x0863, 0x0863, 0x0863, 0x0863, 0x0863,
    0x0863, 0x0863, 0x0863, 0x0863, 0x0863, 0x0863, 0x0863, 0x0863, 0x1083, 0x0023, 0x6984, 0xEB25,
    0x4924, 0x0023, 0x0863, 0x0863, 0x0863, 0x0863, 0x0863, 0x0863, 0x0863, 0x1083, 0xA2A6, 0xAAE6,
    0x81E4, 0x9A03, 0x79C3, 0x30E3, 0x0043, 0x0043, 0x0863, 0x1083, 0x1083, 0x1083, 0x0883, 0x1083,
    0x1083, 0x1083, 0x1084, 0x10A4, 0x10C4, 0x0842, 0x2AAD, 0x673F, 0x5EDF, 0x567E, 0x1906, 0x1083,
    0x10A4, 0x1084, 0x1083, 0x1083, 0x1083, 0x0883, 0x0883, 0x1083, 0x1083, 0x0863, 0x0043, 0x0043,
    0x20A3, 0x6163, 0x9A03, 0x9244, 0xAAE6, 0xA2A6, 0x1083, 0x0863, 0x0863, 0x0863, 0x0863, 0x0863,
    0x0863, 0x1083, 0x0043, 0x1883, 0xBAA5, 0xB265, 0x0043, 0x0863, 0x0863, 0x0863, 0x0863, 0x0863,
    0x0863, 0x0863, 0x0863, 0x0863, 0x0863, 0x0863, 0x0863, 0x0863, 0x0863, 0x0863, 0x0863, 0x0863,
    0x0863, 0x0863, 0x0863, 0x0863, 0x0863, 0x0863, 0x0863, 0x0863, 0x0863, 0x0863, 0x0863, 0x0863,
    0x0863, 0x0863, 0x0863, 0x0863, 0x0863, 0x0863, 0x0863, 0x0863, 0x0863, 0x0863, 0x0863, 0x0863,
    0x0863, 0x0863, 0x0863, 0x0863, 0x0863, 0x0863, 0x0863, 0x0863, 0x0863, 0x0863, 0x0863, 0x0863,
    0x0863, 0x0863, 0x0863, 0x0863, 0x0863, 0x0863, 0x0863, 0x0863, 0x0863, 0x0863, 0x0863, 0x0863,
    0x0863, 0x0863, 0x0863, 0x0863, 0x0863, 0x0863, 0x0863, 0x0863, 0x0863, 0x0863, 0x0863, 0x0863,
    0x0863, 0x0863, 0x0863, 0x0863, 0x0863, 0x0863, 0x0863, 0x0863, 0x0863, 0x0863, 0x0863, 0x1083,
    0x0023, 0x6984, 0xEB25, 0x20A3, 0x0023, 0x1083, 0x0863, 0x0863, 0x0863, 0x0863, 0x0863, 0x1063,
    0x0043, 0x1083, 0xFC48, 0xFCE8, 0xAAA5, 0x1883, 0x0043, 0x0043, 0x0863, 0x1063, 0x0863, 0x0863,
    0x0883, 0x1083, 0x1083, 0x1083, 0x1083, 0x10A4, 0x10A4, 0x10A4, 0x10C4, 0x1042, 0x2ACD, 0x673F,
    0x5EDF, 0x5E7E, 0x1906, 0x10A3, 0x10A4, 0x10A4, 0x10A4, 0x1083, 0x1083, 0x1083, 0x1083, 0x0883,
    0x0863, 0x0863, 0x1063, 0x1063, 0x0863, 0x0043, 0x0843, 0x9245, 0xFCE8, 0xFC48, 0x18A3, 0x0023,
    0x1063, 0x0863, 0x0863, 0x0863, 0x0863, 0x0863, 0x0863, 0x0063, 0x0023, 0xB285, 0xBA85, 0x0043,
    0x0863, 0x0863, 0x0863, 0x0863, 0x0863, 0x0863, 0x0863, 0x0863, 0x0863, 0x0863, 0x0863, 0x0863,
    0x0863, 0x0863, 0x0863, 0x0863, 0x0863, 0x0863, 0x0863, 0x0863, 0x0863, 0x0863, 0x0863, 0x0863,
    0x0863, 0x0863, 0x0863, 0x0863, 0x0863, 0x0863, 0x0863, 0x0863, 0x0863, 0x0863, 0x0863, 0x0863,
    0x0863, 0x0863, 0x0863, 0x0863, 0x0863, 0x0863, 0x0863, 0x0863, 0x0863, 0x0863, 0x0863, 0x0863,
    0x0863, 0x0863, 0x0863, 0x0863, 0x0863, 0x0863, 0x0863, 0x0863, 0x0863, 0x0863, 0x0863, 0x0863,
    0x0863, 0x0863, 0x0863, 0x0863, 0x0863, 0x0863, 0x0863, 0x0863, 0x0863, 0x0863, 0x0863, 0x0863,
    0x0863, 0x0863, 0x0863, 0x0863, 0x0863, 0x0863, 0x0863, 0x0863, 0x0863, 0x0863, 0x0863, 0x0863,
    0x0863, 0x0863, 0x1083, 0x0023, 0x6984, 0xEB25, 0x20A3, 0x0043, 0x1083, 0x0863, 0x0863, 0x0863,
    0x0863, 0x0863, 0x1083, 0x0043, 0x1883, 0x9204, 0xBB06, 0xA306, 0x3924, 0x0023, 0x1083, 0x0863,
    0x0863, 0x0863, 0x0863, 0x1083, 0x1083, 0x1083, 0x1083, 0x10A3, 0x10A4, 0x10A4, 0x10A4, 0x10A4,
    0x10C4, 0x0842, 0x2AAD, 0x673F, 0x5EDF, 0x5E7E, 0x1106, 0x1083, 0x10A4, 0x10A4, 0x10A4, 0x10A4,
    0x10A3, 0x1083, 0x1083, 0x1083, 0x1083, 0x0863, 0x0863, 0x0863, 0x0863, 0x1083, 0x0043, 0x3924,
    0xAB06, 0xAAC6, 0xAA44, 0x3903, 0x0043, 0x0863, 0x0863, 0x0863, 0x0863, 0x0863, 0x0863, 0x0863,
    0x0863, 0x0043, 0xB285, 0xBA85, 0x0043, 0x0863, 0x0863, 0x0863, 0x0863, 0x0863, 0x0863, 0x0863,
    0x0863, 0x0863, 0x0863, 0x0863, 0x0863, 0x0863, 0x0863, 0x0863, 0x0863, 0x0863, 0x0863, 0x0863,
    0x0863, 0x0863, 0x0863, 0x0863, 0x0863, 0x0863, 0x0863, 0x0863, 0x0863, 0x0863, 0x0863, 0x0863,
    0x0863, 0x0863, 0x0863, 0x0863, 0x0863, 0x0863, 0x0863, 0x0863, 0x0863, 0x0863, 0x0863, 0x0863,
    0x0863, 0x0863, 0x0863, 0x0863, 0x0863, 0x0863, 0x0863, 0x0863, 0x0863, 0x0863, 0x0863, 0x0863,
    0x0863, 0x0863, 0x0863, 0x0863, 0x0863, 0x0863, 0x0863, 0x0863, 0x0863, 0x0863, 0x0863, 0x0863,
    0x0863, 0x0863, 0x0863, 0x0863, 0x0863, 0x0863, 0x0863, 0x0863, 0x0863, 0x0863, 0x0863, 0x0863,
    0x0863, 0x0863, 0x0863, 0x0863, 0x0863, 0x1063, 0x0023, 0x6984, 0xEB25, 0x20A3, 0x0043, 0x1083,
    0x0863, 0x0863, 0x0863, 0x0863, 0x0863, 0x0863, 0x0023, 0x4923, 0xB264, 0x6163, 0x0043, 0x0023,
    0x0863, 0x1063, 0x0863, 0x0863, 0x0863, 0x1063, 0x1083, 0x1083, 0x1083, 0x1083, 0x1083, 0x0883,
    0x0883, 0x0884, 0x18C4, 0x18E4, 0x2925, 0x3903, 0x432E, 0x5F3F, 0x5EDF, 0x5E7E, 0x41C7, 0x3104,
    0x18E4, 0x18C4, 0x10A4, 0x0884, 0x0883, 0x1083, 0x1083, 0x1083, 0x1083, 0x1083, 0x1063, 0x0863,
    0x0863, 0x0863, 0x0863, 0x0863, 0x0023, 0x0023, 0x38E3, 0xAA44, 0x79A4, 0x0043, 0x0063, 0x1063,
    0x0863, 0x0863, 0x0863, 0x0863, 0x0863, 0x0863, 0x0043, 0xB285, 0xBA85, 0x0043, 0x0863, 0x0863,
    0x0863, 0x0863, 0x0863, 0x0863, 0x0863, 0x0863, 0x0863, 0x0863, 0x0863, 0x0863, 0x0863, 0x0863,
    0x0863, 0x0863, 0x0863, 0x0863, 0x0863, 0x0863, 0x0863, 0x0863, 0x0863, 0x0863, 0x0863, 0x0863,
    0x0863, 0x0863, 0x0863, 0x0863, 0x0863, 0x0863, 0x0863, 0x0863, 0x0863, 0x0863, 0x0863, 0x0863,
    0x0863, 0x0863, 0x0863, 0x0863, 0x0863, 0x0863, 0x0863, 0x0863, 0x0863, 0x0863, 0x0863, 0x0863,
    0x0863, 0x0863, 0x0863, 0x0863, 0x0863, 0x0863, 0x0863, 0x0863, 0x0863, 0x0863, 0x0863, 0x0863,
    0x0863, 0x0863, 0x0863, 0x0863, 0x0863, 0x0863, 0x0863, 0x0863, 0x0863, 0x0863, 0x0863, 0x0863,
    0x0863, 0x0863, 0x0863, 0x0863, 0x0863, 0x0863, 0x0863, 0x0863, 0x1063, 0x0043, 0x6984, 0xEB25,
    0x20A3, 0x0043, 0x1083, 0x0863, 0x0863, 0x0863, 0x0863, 0x1063, 0x0063, 0x0043, 0x79A4, 0xAA44,
    0x28C3, 0x0043, 0x1063, 0x1083, 0x1063, 0x0863, 0x1063, 0x1063, 0x1063, 0x1083, 0x1083, 0x1083,
    0x0863, 0x0863, 0x18A3, 0x3104, 0x4964, 0x59C5, 0x61E5, 0x6A06, 0x6A26, 0x5984, 0x5B8E, 0x5F3F,
    0x5EDF, 0x5E9E, 0x5A27, 0x69E5, 0x6A06, 0x69E5, 0x61C5, 0x5185, 0x3924, 0x20C3, 0x0883, 0x0863,
    0x1083, 0x1083, 0x1083, 0x1063, 0x1063, 0x1063, 0x0863, 0x1063, 0x1083, 0x1083, 0x0043, 0x0863,
    0x89E3, 0xA224, 0x20A3, 0x0043, 0x1063, 0x0863, 0x0863, 0x0863, 0x0863, 0x0863, 0x0863, 0x0043,
    0xBA85, 0xB265, 0x0043, 0x0863, 0x0863, 0x0863, 0x0863, 0x0863, 0x0863, 0x0863, 0x0863, 0x0863,
    0x0863, 0x0863, 0x0863, 0x0863, 0x0863, 0x0863, 0x0863, 0x0863, 0x0863, 0x0863, 0x0863, 0x0863,
    0x0863, 0x0863, 0x0863, 0x0863, 0x0863, 0x0863, 0x0863, 0x0863, 0x0863, 0x0863, 0x0863, 0x0863,
    0x0863, 0x0863, 0x0863, 0x0863, 0x0863, 0x0863, 0x0863, 0x0863, 0x0863, 0x0863, 0x0863, 0x0863,
    0x0863, 0x0863, 0x0863, 0x0863, 0x0863, 0x0863, 0x0863, 0x0863, 0x0863, 0x0863, 0x0863, 0x0863,
    0x0863, 0x0863, 0x0863, 0x0863, 0x0863, 0x0863, 0x0863, 0x0863, 0x0863, 0x0863, 0x0863, 0x0863,
    0x0863, 0x0863, 0x0863, 0x0863, 0x0863, 0x0863, 0x0863, 0x0863, 0x0863, 0x0863, 0x0863, 0x1063,
    0x0043, 0x30E3, 0xEB25, 0x28C3, 0x0043, 0x1083, 0x0863, 0x0863, 0x0863, 0x0863, 0x1063, 0x0043,
    0x20A3, 0xA224, 0x89E3, 0x0863, 0x0043, 0x1063, 0x0863, 0x0863, 0x0863, 0x1063, 0x1063, 0x1063,
    0x1083, 0x1063, 0x0863, 0x1083, 0x3903, 0x6184, 0x69C4, 0x69C5, 0x5185, 0x4144, 0x2904, 0x20E4,
    0x2105, 0x1063, 0x2ACD, 0x673F, 0x5EDF, 0x5E7E, 0x1926, 0x18C4, 0x2105, 0x2104, 0x3945, 0x4964,
    0x61C5, 0x69C4, 0x61A4, 0x4944, 0x18A3, 0x0863, 0x0863, 0x1083, 0x1063, 0x1063, 0x1063, 0x1063,
    0x0863, 0x0863, 0x1063, 0x0863, 0x0043, 0x5943, 0xB264, 0x4923, 0x0043, 0x1063, 0x0863, 0x0863,
    0x0863, 0x0863, 0x0863, 0x0863, 0x0023, 0xC2A5, 0x81E4, 0x0023, 0x1083, 0x0863, 0x0863, 0x0863,
    0x0863, 0x0863, 0x0863, 0x0863, 0x0863, 0x0863, 0x0863, 0x0863, 0x0863, 0x0863, 0x0863, 0x0863,
    0x0863, 0x0863, 0x0863, 0x0863, 0x0863, 0x0863, 0x0863, 0x0863, 0x0863, 0x0863, 0x0863, 0x0863,
    0x0863, 0x0863, 0x0863, 0x0863, 0x0863, 0x0863, 0x0863, 0x0863, 0x0863, 0x0863, 0x0863, 0x0863,
    0x0863, 0x0863, 0x0863, 0x0863, 0x0863, 0x0863, 0x0863, 0x0863, 0x0863, 0x0863, 0x0863, 0x0863,
    0x0863, 0x0863, 0x0863, 0x0863, 0x0863, 0x0863, 0x0863, 0x0863, 0x0863, 0x0863, 0x0863, 0x0863,
    0x0863, 0x0863, 0x0863, 0x0863, 0x0863, 0x0863, 0x0863, 0x0863, 0x0863, 0x0863, 0x0863, 0x0863,
    0x0863, 0x0863, 0x0863, 0x0043, 0x1883, 0xE305, 0x5964, 0x0023, 0x1083, 0x0863, 0x0863, 0x0863,
    0x0863, 0x1063, 0x0043, 0x20A3, 0xB264, 0x5943, 0x0043, 0x0863, 0x1063, 0x0863, 0x0863, 0x1063,
    0x1063, 0x1063, 0x1083, 0x1063, 0x0863, 0x18A3, 0x4923, 0x79C4, 0x69A4, 0x4944, 0x28E4, 0x10A4,
    0x10A4, 0x10A4, 0x18C4, 0x18E4, 0x1905, 0x18A3, 0x32EE, 0x673F, 0x5EDF, 0x5E7E, 0x2166, 0x18C4,
    0x18E5, 0x18E4, 0x10C4, 0x10A4, 0x10A4, 0x20C4, 0x4124, 0x6184, 0x79C4, 0x6163, 0x20C3, 0x0863,
    0x0863, 0x1083, 0x1063, 0x1063, 0x1063, 0x0863, 0x0863, 0x0863, 0x1063, 0x0043, 0x28C3, 0xB264,
    0x5143, 0x0023, 0x1063, 0x0863, 0x0863, 0x0863, 0x0863, 0x1063, 0x0863, 0x1883, 0xE305, 0x5964,
    0x0023, 0x1063, 0x0863, 0x0863, 0x0863, 0x0863, 0x0863, 0x0863, 0x0863, 0x0863, 0x0863, 0x0863,
    0x0863, 0x0863, 0x0863, 0x0863, 0x0863, 0x0863, 0x0863, 0x0863, 0x0863, 0x0863, 0x0863, 0x0863,
    0x0863, 0x0863, 0x0863, 0x0863, 0x0863, 0x0863, 0x0863, 0x0863, 0x0863, 0x0863, 0x0863, 0x0863,
    0x0863, 0x0863, 0x0863, 0x0863, 0x0863, 0x0863, 0x0863, 0x0863, 0x0863, 0x0863, 0x0863, 0x0863,
    0x0863, 0x0863, 0x0863, 0x0863, 0x0863, 0x0863, 0x0863, 0x0863, 0x0863, 0x0863, 0x0863, 0x0863,
    0x0863, 0x0863, 0x0863, 0x0863, 0x0863, 0x0863, 0x0863, 0x0863, 0x0863, 0x0863, 0x0863, 0x0863,
    0x0863, 0x0863, 0x0863, 0x0863, 0x0863, 0x0863, 0x0863, 0x0043, 0xC2A5, 0x81E4, 0x0023, 0x1083,
    0x0863, 0x0863, 0x0863, 0x1083, 0x1083, 0x0043, 0x20A3, 0xB264, 0x5143, 0x0023, 0x1063, 0x0863,
    0x0863, 0x0863, 0x1063, 0x1063, 0x1063, 0x1063, 0x0843, 0x1083, 0x5963, 0x81C3, 0x5963, 0x30E3,
    0x1083, 0x1083, 0x10A4, 0x18C4, 0x18C4, 0x20E4, 0x20E4, 0x20E4, 0x2105, 0x18A3, 0x32EE, 0x673F,
    0x5EDF, 0x5E7E, 0x2166, 0x20E4, 0x2105, 0x20E4, 0x20E4, 0x18C4, 0x18C4, 0x18A4, 0x1083, 0x1083,
    0x20C3, 0x4943, 0x79C3, 0x71A3, 0x28C3, 0x0843, 0x1063, 0x1083, 0x1063, 0x1063, 0x0863, 0x0863,
    0x0863, 0x1063, 0x0043, 0x18A3, 0xB264, 0x5143, 0x0043, 0x1083, 0x1083, 0x0863, 0x0863, 0x0863,
    0x1063, 0x0043, 0x30E3, 0xEB25, 0x28C3, 0x0043, 0x0863, 0x0863, 0x0863, 0x0863, 0x0863, 0x0863,
    0x0863, 0x0863, 0x0863, 0x0863, 0x0863, 0x0863, 0x0863, 0x0863, 0x0863, 0x0863, 0x0863, 0x0863,
    0x0863, 0x0863, 0x0863, 0x0863, 0x0863, 0x0863, 0x0863, 0x0863, 0x0863, 0x0863, 0x0863, 0x0863,
    0x0863, 0x0863, 0x0863, 0x0863, 0x0863, 0x0863, 0x0863, 0x0863, 0x0863, 0x0863, 0x0863, 0x0863,
    0x0863, 0x0863, 0x0863, 0x0863, 0x0863, 0x0863, 0x0863, 0x0863, 0x0863, 0x0863, 0x0863, 0x0863,
    0x0863, 0x0863, 0x0863, 0x0863, 0x0863, 0x0863, 0x0863, 0x0863, 0x0863, 0x0863, 0x0863, 0x0863,
    0x0863, 0x0863, 0x0863, 0x0863, 0x0863, 0x0863, 0x0863, 0x0863, 0x0863, 0x1063, 0x0023, 0x81E4,
    0xC285, 0x0043, 0x0863, 0x0863, 0x0863, 0x0863, 0x0863, 0x0023, 0x0023, 0x20A3, 0xB264, 0x5143,
    0x0023, 0x1063, 0x0863, 0x0863, 0x0863, 0x1063, 0x1063, 0x1083, 0x0863, 0x0863, 0x4923, 0x79A3,
    0x6163, 0x20C3, 0x0863, 0x1083, 0x18A3, 0x18A3, 0x18C4, 0x18C4, 0x18C4, 0x20E4, 0x20E4, 0x2105,
    0x2105, 0x18A3, 0x32EE, 0x5F3F, 0x5EDF, 0x5E7E, 0x2167, 0x20E4, 0x2105, 0x20E4, 0x20E4, 0x18E4,
    0x18C4, 0x18C4, 0x18A3, 0x18A3, 0x1083, 0x0863, 0x1883, 0x4923, 0x79A3, 0x6163, 0x1883, 0x0863,
    0x1083, 0x1063, 0x1063, 0x1063, 0x0863, 0x0863, 0x1063, 0x0043, 0x18A3, 0xB264, 0x5143, 0x0003,
    0x0023, 0x0863, 0x0863, 0x0863, 0x0863, 0x1063, 0x0023, 0x71A4, 0xD2C5, 0x0043, 0x0863, 0x0863,
    0x0863, 0x0863, 0x0863, 0x0863, 0x0863, 0x0863, 0x0863, 0x0863, 0x0863, 0x0863, 0x0863, 0x0863,
    0x0863, 0x0863, 0x0863, 0x0863, 0x0863, 0x0863, 0x0863, 0x0863, 0x0863, 0x0863, 0x0863, 0x0863,
    0x0863, 0x0863, 0x0863, 0x0863, 0x0863, 0x0863, 0x0863, 0x0863, 0x0863, 0x0863, 0x0863, 0x0863,
    0x0863, 0x0863, 0x0863, 0x0863, 0x0863, 0x0863, 0x0863, 0x0863, 0x0863, 0x0863, 0x0863, 0x0863,
    0x0863, 0x0863, 0x0863, 0x0863, 0x0863, 0x0863, 0x0863, 0x0863, 0x0863, 0x0863, 0x0863, 0x0863,
    0x0863, 0x0863, 0x0863, 0x0863, 0x0863, 0x0863, 0x0863, 0x0863, 0x0863, 0x0863, 0x0863, 0x0863,
    0x1063, 0x0043, 0x4924, 0xE305, 0x1883, 0x0063, 0x0863, 0x0863, 0x0863, 0x0863, 0x1083, 0x5984,
    0x59A5, 0xB264, 0x5143, 0x0043, 0x1063, 0x0863, 0x0863, 0x0863, 0x1063, 0x1063, 0x1083, 0x0843,
    0x20A3, 0x71A3, 0x79A3, 0x28C3, 0x0863, 0x1083, 0x18A3, 0x18A3, 0x18A3, 0x18A3, 0x18C4, 0x18C4,
    0x20E4, 0x20E4, 0x20E4, 0x2105, 0x2125, 0x20A3, 0x3B0E, 0x5F3F, 0x5EDF, 0x5E7E, 0x2967, 0x20E4,
    0x2105, 0x2105, 0x20E4, 0x20E4, 0x20C4, 0x18C4, 0x18A3, 0x18A3, 0x18A3, 0x18A3, 0x1883, 0x0863,
    0x1883, 0x6163, 0x81C3, 0x40E3, 0x0043, 0x1083, 0x1063, 0x1063, 0x1063, 0x0863, 0x0863, 0x1063,
    0x0043, 0x18A3, 0xB264, 0x7205, 0x5184, 0x1083, 0x0863, 0x0863, 0x0863, 0x0863, 0x0863, 0x0023,
    0xB264, 0x9A24, 0x0023, 0x1063, 0x0863, 0x0863, 0x0863, 0x0863, 0x0863, 0x0863, 0x0863, 0x0863,
    0x0863, 0x0863, 0x0863, 0x0863, 0x0863, 0x0863, 0x0863, 0x0863, 0x0863, 0x0863, 0x0863, 0x0863,
    0x0863, 0x0863, 0x0863, 0x0863, 0x0863, 0x0863, 0x0863, 0x0863, 0x0863, 0x0863, 0x0863, 0x0863,
    0x0863, 0x0863, 0x0863, 0x0863, 0x0863, 0x0863, 0x0863, 0x0863, 0x0863, 0x0863, 0x0863, 0x0863,
    0x0863, 0x0863, 0x0863, 0x0863, 0x0863, 0x0863, 0x0863, 0x0863, 0x0863, 0x0863, 0x0863, 0x0863,
    0x0863, 0x0863, 0x0863, 0x0863, 0x0863, 0x0863, 0x0863, 0x0863, 0x0863, 0x0863, 0x0863, 0x0863,
    0x0863, 0x0863, 0x0863, 0x0863, 0x0863, 0x1063, 0xDAE5, 0x4924, 0x0023, 0x1063, 0x0863, 0x0863,
    0x0863, 0x0843, 0x18A3, 0xFC07, 0xFCC8, 0x79E5, 0x0003, 0x1083, 0x0863, 0x1063, 0x1063, 0x1063,
    0x1063, 0x1063, 0x0043, 0x40E3, 0x89C3, 0x4903, 0x0863, 0x1063, 0x1883, 0x1883, 0x18A3, 0x18A3,
    0x18A3, 0x18A3, 0x20C4, 0x20C4, 0x20E4, 0x20E4, 0x2104, 0x2105, 0x2125, 0x18A3, 0x32EE, 0x5F3F,
    0x5EDF, 0x5E7E, 0x2146, 0x20E4, 0x2105, 0x2105, 0x20E4, 0x20E4, 0x20C4, 0x20C4, 0x18C3, 0x18A3,
    0x18A3, 0x18A3, 0x1883, 0x1883, 0x1883, 0x0863, 0x28C3, 0x81C3, 0x6163, 0x0863, 0x0863, 0x1063,
    0x1063, 0x1063, 0x1063, 0x0863, 0x1083, 0x0003, 0x59A4, 0xFCC8, 0xFC07, 0x1883, 0x0863, 0x0863,
    0x0863, 0x0863, 0x0863, 0x0863, 0x0863, 0xDAE5, 0x4924, 0x0043, 0x1063, 0x0863, 0x0863, 0x0863,
    0x0863, 0x0863, 0x0863, 0x0863, 0x0863, 0x0863, 0x0863, 0x0863, 0x0863, 0x0863, 0x0863, 0x0863,
    0x0863, 0x0863, 0x0863, 0x0863, 0x0863, 0x0863, 0x0863, 0x0863, 0x0863, 0x0863, 0x0863, 0x0863,
    0x0863, 0x0863, 0x0863, 0x0863, 0x0863, 0x0863, 0x0863, 0x0863, 0x0863, 0x0863, 0x0863, 0x0863,
    0x0863, 0x0863, 0x0863, 0x0863, 0x0863, 0x0863, 0x0863, 0x0863, 0x0863, 0x0863, 0x0863, 0x0863,
    0x0863, 0x0863, 0x0863, 0x0863, 0x0863, 0x0863, 0x0863, 0x0863, 0x0863, 0x0863, 0x0863, 0x0863,
    0x0863, 0x0863, 0x0863, 0x0863, 0x0863, 0x0863, 0x0863, 0x1063, 0x0023, 0xA244, 0xAA44, 0x0023,
    0x1063, 0x0863, 0x0863, 0x0863, 0x0863, 0x0843, 0x1883, 0xEBC7, 0xEC27, 0x5164, 0x0023, 0x1063,
    0x1063, 0x1063, 0x1063, 0x1063, 0x1063, 0x0863, 0x6143, 0x81C3, 0x28A3, 0x0863, 0x1883, 0x1883,
    0x1883, 0x1883, 0x18A3, 0x18A3, 0x18A3, 0x20A3, 0x20C4, 0x20C4, 0x18C4, 0x18C4, 0x18E4, 0x2925,
    0x2925, 0x3924, 0x4B6E, 0x5F3F, 0x5EDF, 0x5E9E, 0x41E7, 0x2905, 0x2925, 0x20E5, 0x18C4, 0x18C4,
    0x20C4, 0x20C4, 0x20C3, 0x18A3, 0x18A3, 0x18A3, 0x1883, 0x1883, 0x1883, 0x1883, 0x1063, 0x1063,
    0x6963, 0x79A3, 0x2083, 0x0843, 0x1063, 0x1063, 0x1063, 0x1063, 0x1063, 0x0023, 0x5984, 0xEC07,
    0xF3C7, 0x28C3, 0x0043, 0x1063, 0x0863, 0x0863, 0x0863, 0x1063, 0x0023, 0x5144, 0xE305, 0x1063,
    0x0863, 0x0863, 0x0863, 0x0863, 0x0863, 0x0863, 0x0863, 0x0863, 0x0863, 0x0863, 0x0863, 0x0863,
    0x0863, 0x0863, 0x0863, 0x0863, 0x0863, 0x0863, 0x0863, 0x0863, 0x0863, 0x0863, 0x0863, 0x0863,
    0x0863, 0x0863, 0x0863, 0x0863, 0x0863, 0x0863, 0x0863, 0x0863, 0x0863, 0x0863, 0x0863, 0x0863,
    0x0863, 0x0863, 0x0863, 0x0863, 0x0863, 0x0863, 0x0863, 0x0863, 0x0863, 0x0863, 0x0863, 0x0863,
    0x0863, 0x0863, 0x0863, 0x0863, 0x0863, 0x0863, 0x0863, 0x0863, 0x0863, 0x0863, 0x0863, 0x0863,
    0x0863, 0x0863, 0x0863, 0x0863, 0x0863, 0x0863, 0x0863, 0x0863, 0x0863, 0x0863, 0x1063, 0x0043,
    0x28C3, 0xE305, 0x20A3, 0x0843, 0x0863, 0x0863, 0x0863, 0x0863, 0x1063, 0x0023, 0x6983, 0x9204,
    0x1083, 0x1083, 0x0863, 0x1063, 0x1063, 0x1063, 0x1063, 0x1063, 0x0843, 0x6983, 0x7183, 0x1063,
    0x1063, 0x1883, 0x1883, 0x1883, 0x1883, 0x1883, 0x18A3, 0x18A3, 0x20A3, 0x18A3, 0x18A3, 0x20C4,
    0x3924, 0x51A5, 0x6206, 0x6A26, 0x6A47, 0x61C5, 0x5BAF, 0x5F3F, 0x5EDF, 0x5E9E, 0x6268, 0x6A26,
    0x6A47, 0x6A06, 0x59C5, 0x4165, 0x28E4, 0x18A4, 0x18A3, 0x20A3, 0x20A3, 0x18A3, 0x18A3, 0x1883,
    0x1883, 0x1883, 0x1883, 0x1083, 0x0863, 0x4923, 0x89C3, 0x2083, 0x0863, 0x1063, 0x1063, 0x1063,
    0x1063, 0x0863, 0x1083, 0x1083, 0x5963, 0x9A24, 0x0043, 0x0863, 0x0863, 0x0863, 0x0863, 0x0863,
    0x1063, 0x0023, 0xBA85, 0x79C4, 0x0023, 0x1063, 0x0863, 0x0863, 0x0863, 0x0863, 0x0863, 0x0863,
    0x0863, 0x0863, 0x0863, 0x0863, 0x0863, 0x0863, 0x0863, 0x0863, 0x0863, 0x0863, 0x0863, 0x0863,
    0x0863, 0x0863, 0x0863, 0x0863, 0x0863, 0x0863, 0x0863, 0x0863, 0x0863, 0x0863, 0x0863, 0x0863,
    0x0863, 0x0863, 0x0863, 0x0863, 0x0863, 0x0863, 0x0863, 0x0863, 0x0863, 0x0863, 0x0863, 0x0863,
    0x0863, 0x0863, 0x0863, 0x0863, 0x0863, 0x0863, 0x0863, 0x0863, 0x0863, 0x0863, 0x0863, 0x0863,
    0x0863, 0x0863, 0x0863, 0x0863, 0x0863, 0x0863, 0x0863, 0x0863, 0x0863, 0x0863, 0x0863, 0x0863,
    0x0863, 0x0863, 0x1063, 0x0023, 0xBA85, 0x79C4, 0x0023, 0x1063, 0x0863, 0x0863, 0x0863, 0x1063,
    0x0043, 0x38E3, 0xB244, 0x1883, 0x0043, 0x0863, 0x1063, 0x1063, 0x1063, 0x1063, 0x1063, 0x0843,
    0x6983, 0x7183, 0x0842, 0x0842, 0x1883, 0x1883, 0x1883, 0x1883, 0x1883, 0x18A3, 0x20A3, 0x18A3,
    0x1083, 0x28E4, 0x5164, 0x7205, 0x7206, 0x59C5, 0x4165, 0x2925, 0x2945, 0x18A3, 0x32EE, 0x673F,
    0x5EDF, 0x5E7E, 0x2146, 0x2905, 0x2925, 0x3965, 0x51A5, 0x6A06, 0x7A05, 0x61A5, 0x3904, 0x18A3,
    0x1883, 0x18A3, 0x18A3, 0x1883, 0x1883, 0x1883, 0x1883, 0x1883, 0x1062, 0x0022, 0x4903, 0x89C3,
    0x2083, 0x0863, 0x1063, 0x1063, 0x1063, 0x1063, 0x0863, 0x0843, 0x0023, 0x89E3, 0x79A3, 0x0023,
    0x1063, 0x0863, 0x0863, 0x0863, 0x1063, 0x0043, 0x28C3, 0xE305, 0x20A3, 0x0843, 0x0863, 0x0863,
    0x0863, 0x0863, 0x0863, 0x0863, 0x0863, 0x0863, 0x0863, 0x0863, 0x0863, 0x0863, 0x0863, 0x0863,
    0x0863, 0x0863, 0x0863, 0x0863, 0x0863, 0x0863, 0x0863, 0x0863, 0x0863, 0x0863, 0x0863, 0x0863,
    0x0863, 0x0863, 0x0863, 0x0863, 0x0863, 0x0863, 0x0863, 0x0863, 0x0863, 0x0863, 0x0863, 0x0863,
    0x0863, 0x0863, 0x0863, 0x0863, 0x0863, 0x0863, 0x0863, 0x0863, 0x0863, 0x0863, 0x0863, 0x0863,
    0x0863, 0x0863, 0x0863, 0x0863, 0x0863, 0x0863, 0x0863, 0x0863, 0x0863, 0x0863, 0x0863, 0x0863,
    0x0863, 0x0863, 0x0863, 0x0863, 0x0863, 0x1063, 0x0043, 0x5124, 0xEB05, 0x1063, 0x0863, 0x0863,
    0x0863, 0x0863, 0x0863, 0x0863, 0x0863, 0xAA44, 0x38E3, 0x0043, 0x1063, 0x1063, 0x1063, 0x1063,
    0x1063, 0x1063, 0x0843, 0x6983, 0x7183, 0x0022, 0x3903, 0x69A4, 0x0842, 0x1883, 0x1883, 0x1883,
    0x1883, 0x18A3, 0x1083, 0x28C3, 0x6184, 0x7A04, 0x59A4, 0x3924, 0x20E4, 0x18C4, 0x18E4, 0x20E5,
    0x2105, 0x18A3, 0x330E, 0x5F3F, 0x5EDF, 0x5E7E, 0x2967, 0x20E4, 0x2105, 0x18E4, 0x18C4, 0x18C4,
    0x3104, 0x5164, 0x7A05, 0x71C4, 0x3903, 0x1883, 0x1883, 0x18A3, 0x1883, 0x1883, 0x1883, 0x0842,
    0x4103, 0x69A4, 0x0002, 0x4903, 0x89C3, 0x2083, 0x0863, 0x1063, 0x1063, 0x1063, 0x1063, 0x1063,
    0x0863, 0x0863, 0xAA44, 0x3903, 0x0043, 0x1063, 0x0863, 0x0863, 0x0863, 0x1063, 0x0023, 0xAA44,
    0xAA44, 0x0023, 0x1063, 0x0863, 0x0863, 0x0863, 0x0863, 0x0863, 0x0863, 0x0863, 0x0863, 0x0863,
    0x0863, 0x0863, 0x0863, 0x0863, 0x0863, 0x0863, 0x0863, 0x0863, 0x0863, 0x0863, 0x0863, 0x0863,
    0x0863, 0x0863, 0x0863, 0x0863, 0x0863, 0x0863, 0x0863, 0x0863, 0x0863, 0x0863, 0x0863, 0x0863,
    0x0863, 0x0863, 0x0863, 0x0863, 0x0863, 0x0863, 0x0863, 0x0863, 0x0863, 0x0863, 0x0863, 0x0863,
    0x0863, 0x0863, 0x0863, 0x0863, 0x0863, 0x0863, 0x0863, 0x0863, 0x0863, 0x0863, 0x0863, 0x0863,
    0x0863, 0x0863, 0x0863, 0x0863, 0x0863, 0x0863, 0x0863, 0x0863, 0x0863, 0x1063, 0x0023, 0xCAC5,
    0x79C4, 0x0023, 0x1063, 0x0863, 0x0863, 0x0863, 0x1063, 0x0023, 0x79A3, 0x79A3, 0x0023, 0x1063,
    0x0863, 0x1063, 0x1063, 0x1063, 0x1063, 0x0863, 0x6983, 0x7183, 0x0022, 0x28C3, 0xE3A6, 0xFC07,
    0x30E3, 0x0842, 0x1883, 0x1883, 0x1883, 0x1883, 0x5143, 0x81E4, 0x6184, 0x28E4, 0x10A3, 0x18C4,
    0x20C4, 0x20E4, 0x20E4, 0x20E5, 0x2105, 0x18A3, 0x32EE, 0x673F, 0x5EDF, 0x5E7E, 0x2167, 0x20E4,
    0x2105, 0x20E4, 0x20E4, 0x20E4, 0x18C4, 0x10A4, 0x20C3, 0x4944, 0x81E4, 0x69A4, 0x20A3, 0x1083,
    0x18A3, 0x1883, 0x1063, 0x30C3, 0xE3A6, 0xFC27, 0x69A4, 0x0002, 0x4903, 0x89C3, 0x2083, 0x0863,
    0x1063, 0x1063, 0x1063, 0x1063, 0x1063, 0x0043, 0x38E3, 0xAA44, 0x0863, 0x0863, 0x0863, 0x0863,
    0x0863, 0x1063, 0x0843, 0x28C3, 0xEB25, 0x28C3, 0x0043, 0x1063, 0x0863, 0x0863, 0x0863, 0x0863,
    0x0863, 0x0863, 0x0863, 0x0863, 0x0863, 0x0863, 0x0863, 0x0863, 0x0863, 0x0863, 0x0863, 0x0863,
    0x0863, 0x0863, 0x0863, 0x0863, 0x0863, 0x0863, 0x0863, 0x0863, 0x0863, 0x0863, 0x0863, 0x0863,
    0x0863, 0x0863, 0x0863, 0x0863, 0x0863, 0x0863, 0x0863, 0x0863, 0x0863, 0x0863, 0x0863, 0x0863,
    0x0863, 0x0863, 0x0863, 0x0863, 0x0863, 0x0863, 0x0863, 0x0863, 0x0863, 0x0863, 0x0863, 0x0863,
    0x0863, 0x0863, 0x0863, 0x0863, 0x0863, 0x0863, 0x0863, 0x0863, 0x0863, 0x0863, 0x0863, 0x0863,
    0x1063, 0x0043, 0x5144, 0xE305, 0x1063, 0x0863, 0x1063, 0x0863, 0x0863, 0x1063, 0x0043, 0x4103,
    0xB244, 0x1063, 0x0863, 0x1063, 0x1063, 0x1063, 0x1063, 0x1063, 0x0843, 0x5123, 0x79A3, 0x0842,
    0x30C3, 0xE386, 0xFC07, 0xFBE7, 0xE3A6, 0x3903, 0x1883, 0x1063, 0x28C3, 0x71A3, 0x69A3, 0x28C3,
    0x1083, 0x18A3, 0x20C3, 0x20C4, 0x18C4, 0x20E4, 0x20E4, 0x20E4, 0x2105, 0x18A3, 0x32EE, 0x673F,
    0x5EDF, 0x5E7E, 0x2166, 0x18E4, 0x20E5, 0x20E4, 0x20E4, 0x18C4, 0x20C4, 0x20C4, 0x18A3, 0x1083,
    0x18A3, 0x5143, 0x81E4, 0x4103, 0x1063, 0x1883, 0x30E3, 0xEBA7, 0xFC07, 0xFBE7, 0xFC07, 0x69A4,
    0x0022, 0x5123, 0x79A3, 0x0863, 0x1063, 0x1063, 0x1063, 0x1063, 0x1063, 0x1063, 0x0023, 0x81C3,
    0x81C3, 0x0043, 0x1063, 0x0863, 0x0863, 0x0863, 0x1063, 0x0023, 0xAA44, 0xAA44, 0x0023, 0x1063,
    0x0863, 0x0863, 0x0863, 0x0863, 0x0863, 0x0863, 0x0863, 0x0863, 0x0863, 0x0863, 0x0863, 0x0863,
    0x0863, 0x0863, 0x0863, 0x0863, 0x0863, 0x0863, 0x0863, 0x0863, 0x0863, 0x0863, 0x0863, 0x0863,
    0x0863, 0x0863, 0x0863, 0x0863, 0x0863, 0x0863, 0x0863, 0x0863, 0x0863, 0x0863, 0x0863, 0x0863,
    0x0863, 0x0863, 0x0863, 0x0863, 0x0863, 0x0863, 0x0863, 0x0863, 0x0863, 0x0863, 0x0863, 0x0863,
    0x0863, 0x0863, 0x0863, 0x0863, 0x0863, 0x0863, 0x0863, 0x0863, 0x0863, 0x0863, 0x0863, 0x0863,
    0x0863, 0x0863, 0x0863, 0x0863, 0x1063, 0x0023, 0xBA84, 0x81C4, 0x0023, 0x1063, 0x0863, 0x0863,
    0x0863, 0x1063, 0x0043, 0x9A04, 0x5123, 0x0043, 0x1063, 0x1063, 0x1063, 0x1063, 0x1063, 0x0843,
    0x30C3, 0x89C3, 0x1882, 0x1062, 0xE366, 0xFC27, 0xFBC7, 0xFC07, 0xEBA6, 0x3903, 0x0842, 0x4103,
    0x81E3, 0x4923, 0x1083, 0x1883, 0x20A3, 0x18A3, 0x18A3, 0x18C4, 0x18C4, 0x18C4, 0x18E4, 0x18E4,
    0x2105, 0x1883, 0x32EE, 0x673F, 0x5EDF, 0x5E7E, 0x2146, 0x18C4, 0x18E5, 0x18E4, 0x18C4, 0x18C4,
    0x18C4, 0x18C4, 0x18A3, 0x18A3, 0x18A3, 0x1083, 0x30C3, 0x79C3, 0x6163, 0x1083, 0x20A3, 0xB2C5,
    0xFC27, 0xFBC7, 0xFBE7, 0xFC27, 0x5143, 0x0022, 0x7183, 0x6143, 0x0043, 0x1063, 0x1063, 0x1063,
    0x1063, 0x1063, 0x0863, 0x1883, 0xAA44, 0x28A3, 0x0843, 0x1063, 0x0863, 0x0863, 0x1063, 0x0843,
    0x28C3, 0xE305, 0x1883, 0x0843, 0x1063, 0x0863, 0x0863, 0x0863, 0x0863, 0x0863, 0x0863, 0x0863,
    0x0863, 0x0863, 0x0863, 0x0863, 0x0863, 0x0863, 0x0863, 0x0863, 0x0863, 0x0863, 0x0863, 0x0863,
    0x0863, 0x0863, 0x0863, 0x0863, 0x0863, 0x0863, 0x0863, 0x0863, 0x0863, 0x0863, 0x0863, 0x0863,
    0x0863, 0x0863, 0x0863, 0x0863, 0x0863, 0x0863, 0x0863, 0x0863, 0x0863, 0x0863, 0x0863, 0x0863,
    0x0863, 0x0863, 0x0863, 0x0863, 0x0863, 0x0863, 0x0863, 0x0863, 0x0863, 0x0863, 0x0863, 0x0863,
    0x0863, 0x0863, 0x0863, 0x0863, 0x0863, 0x0863, 0x0863, 0x1063, 0x0843, 0x30C3, 0xD2C5, 0x1083,
    0x0863, 0x1063, 0x0863, 0x0863, 0x1063, 0x0043, 0x4103, 0x9A03, 0x0043, 0x1063, 0x1063, 0x1063,
    0x1063, 0x1063, 0x1063, 0x1883, 0x89C3, 0x38E3, 0x0022, 0xAAA5, 0xFC27, 0xFBC7, 0xFC07, 0xE386,
    0x30E3, 0x0022, 0x4923, 0x81C3, 0x28C3, 0x1083, 0x18A3, 0x18A3, 0x18A3, 0x18A3, 0x18A3, 0x18A4,
    0x18C4, 0x18C4, 0x18E4, 0x18E4, 0x18E5, 0x1063, 0x2ACD, 0x673F, 0x5EDF, 0x567E, 0x1926, 0x18C4,
    0x18E4, 0x18E4, 0x18C4, 0x18C4, 0x18C4, 0x18A3, 0x18A3, 0x18A3, 0x18A3, 0x18A3, 0x1883, 0x1883,
    0x7183, 0x7183, 0x1062, 0x1042, 0xAAC5, 0xFC27, 0xFBC7, 0xFC07, 0xE386, 0x20A3, 0x1042, 0x81C3,
    0x40E3, 0x0843, 0x1063, 0x1063, 0x1063, 0x1063, 0x1063, 0x0023, 0x6163, 0x81C3, 0x0023, 0x1063,
    0x0863, 0x0863, 0x0863, 0x1063, 0x0023, 0xA244, 0x81C4, 0x0023, 0x1063, 0x0863, 0x0863, 0x0863,
    0x0863, 0x0863, 0x0863, 0x0863, 0x0863, 0x0863, 0x0863, 0x0863, 0x0863, 0x0863, 0x0863, 0x0863,
    0x0863, 0x0863, 0x0863, 0x0863, 0x0863, 0x0863, 0x0863, 0x0863, 0x0863, 0x0863, 0x0863, 0x0863,
    0x0863, 0x0863, 0x0863, 0x0863, 0x0863, 0x0863, 0x0863, 0x0863, 0x0863, 0x0863, 0x0863, 0x0863,
    0x0863, 0x0863, 0x0863, 0x0863, 0x0863, 0x0863, 0x0863, 0x0863, 0x0863, 0x0863, 0x0863, 0x0863,
    0x0863, 0x0863, 0x0863, 0x0863, 0x0863, 0x0863, 0x0863, 0x0863, 0x0863, 0x0863, 0x0863, 0x1063,
    0x0023, 0xA224, 0xA224, 0x0023, 0x1063, 0x0863, 0x0863, 0x0863, 0x1063, 0x0043, 0x9204, 0x4103,
    0x0043, 0x1063, 0x1063, 0x1063, 0x1063, 0x1063, 0x0843, 0x7183, 0x5943, 0x0022, 0x71C4, 0xFC27,
    0xFBE7, 0xFBE7, 0xFC07, 0x5143, 0x0022, 0x4923, 0x89C3, 0x28A3, 0x1063, 0x18A3, 0x1883, 0x1883,
    0x18A3, 0x18A3, 0x18A3, 0x18A4, 0x18C4, 0x10A4, 0x10A4, 0x10C4, 0x2105, 0x28C3, 0x4B4E, 0x5F3F,
    0x5EDF, 0x5E9E, 0x39A7, 0x20E4, 0x18C4, 0x10A4, 0x10A4, 0x18C4, 0x18C4, 0x18A3, 0x18A3, 0x18A3,
    0x18A3, 0x1883, 0x1883, 0x1883, 0x1063, 0x6983, 0x7183, 0x1062, 0x1862, 0xE366, 0xFC07, 0xFBC7,
    0xFC27, 0xB2C5, 0x0842, 0x28A3, 0x89C3, 0x2083, 0x1063, 0x1063, 0x1063, 0x1063, 0x1063, 0x0863,
    0x1063, 0xA224, 0x28A3, 0x0843, 0x1063, 0x0863, 0x0863, 0x1063, 0x0043, 0x4923, 0xE305, 0x1063,
    0x0863, 0x1063, 0x0863, 0x0863, 0x0863, 0x0863, 0x0863, 0x0863, 0x0863, 0x0863, 0x0863, 0x0863,
    0x0863, 0x0863, 0x0863, 0x0863, 0x0863, 0x0863, 0x0863, 0x0863, 0x0863, 0x0863, 0x0863, 0x0863,
    0x0863, 0x0863, 0x0863, 0x0863, 0x0863, 0x0863, 0x0863, 0x0863, 0x0863, 0x0863, 0x0863, 0x0863,
    0x0863, 0x0863, 0x0863, 0x0863, 0x0863, 0x0863, 0x0863, 0x0863, 0x0863, 0x0863, 0x0863, 0x0863,
    0x0863, 0x0863, 0x0863, 0x0863, 0x0863, 0x0863, 0x0863, 0x0863, 0x0863, 0x0863, 0x0863, 0x0863,
    0x0863, 0x0863, 0x1063, 0x0863, 0x1063, 0xD2C5, 0x30E3, 0x0043, 0x1063, 0x0863, 0x0863, 0x1063,
    0x0043, 0x4903, 0x9A24, 0x0043, 0x1063, 0x1063, 0x1063, 0x1063, 0x1063, 0x0843, 0x38C3, 0x89C3,
    0x1042, 0x38E3, 0xFBE7, 0xFBE7, 0xFBE7, 0xFC27, 0x71C4, 0x0022, 0x4923, 0x89C3, 0x20A3, 0x1063,
    0x1883, 0x1883, 0x1883, 0x1883, 0x1883, 0x18A3, 0x18A3, 0x10A3, 0x0883, 0x28E4, 0x4985, 0x61E6,
    0x6A27, 0x69C5, 0x5B8E, 0x5F3F, 0x5EDF, 0x5E9E, 0x6248, 0x7226, 0x6A06, 0x59C5, 0x3124, 0x10A4,
    0x1083, 0x18A3, 0x18A3, 0x1883, 0x1883, 0x1883, 0x1883, 0x1883, 0x1883, 0x1063, 0x6983, 0x7183,
    0x1062, 0x30E3, 0xEBA7, 0xFC07, 0xFBC7, 0xFC47, 0x8204, 0x0002, 0x6963, 0x6163, 0x0843, 0x1063,
    0x1063, 0x1063, 0x1063, 0x1063, 0x0023, 0x6963, 0x81C4, 0x0043, 0x1063, 0x0863, 0x0863, 0x0863,
    0x1063, 0x0843, 0xCAA5, 0x5124, 0x0043, 0x1063, 0x0863, 0x0863, 0x0863, 0x0863, 0x0863, 0x0863,
    0x0863, 0x0863, 0x0863, 0x0863, 0x0863, 0x0863, 0x0863, 0x0863, 0x0863, 0x0863, 0x0863, 0x0863,
    0x0863, 0x0863, 0x0863, 0x0863, 0x0863, 0x0863, 0x0863, 0x0863, 0x0863, 0x0863, 0x0863, 0x0863,
    0x0863, 0x0863, 0x0863, 0x0863, 0x0863, 0x0863, 0x0863, 0x0863, 0x0863, 0x0863, 0x0863, 0x0863,
    0x0863, 0x0863, 0x0863, 0x0863, 0x0863, 0x0863, 0x0863, 0x0863, 0x0863, 0x0863, 0x0863, 0x0863,
    0x0863, 0x0863, 0x0863, 0x0863, 0x0863, 0x0863, 0x1063, 0x0043, 0x5124, 0xCAA5, 0x0043, 0x1063,
    0x0863, 0x0863, 0x1063, 0x0843, 0x0002, 0x89C3, 0x6163, 0x0043, 0x1063, 0x1063, 0x1063, 0x1063,
    0x1063, 0x1063, 0x79A3, 0x38E3, 0x0022, 0xCB06, 0xFC27, 0xFBC7, 0xFC27, 0xAAA5, 0x0022, 0x38E3,
    0x89C3, 0x20A3, 0x1063, 0x1883, 0x1883, 0x1883, 0x1883, 0x1883, 0x1883, 0x18A3, 0x0883, 0x28E4,
    0x61A5, 0x7A25, 0x61E5, 0x3965, 0x2105, 0x1062, 0x2AAD, 0x673F, 0x5EDF, 0x567E, 0x1926, 0x18C4,
    0x3125, 0x59A5, 0x7225, 0x69E5, 0x3924, 0x1083, 0x1083, 0x18A3, 0x1883, 0x1883, 0x1883, 0x1883,
    0x1883, 0x1883, 0x1063, 0x7183, 0x6963, 0x0022, 0x69A4, 0xFC07, 0xFBE7, 0xFBE7, 0xF3E7, 0x30C3,
    0x1062, 0x81A3, 0x28A3, 0x0863, 0x1063, 0x1063, 0x1063, 0x1063, 0x0843, 0x20A3, 0xA223, 0x1063,
    0x0043, 0x1063, 0x0863, 0x0863, 0x1063, 0x0023, 0x89E4, 0xA224, 0x0023, 0x1063, 0x0863, 0x0863,
    0x0863, 0x0863, 0x0863, 0x0863, 0x0863, 0x0863, 0x0863, 0x0863, 0x0863, 0x0863, 0x0863, 0x0863,
    0x0863, 0x0863, 0x0863, 0x0863, 0x0863, 0x0863, 0x0863, 0x0863, 0x0863, 0x0863, 0x0863, 0x0863,
    0x0863, 0x0863, 0x0863, 0x0863, 0x1063, 0x1063, 0x1063, 0x1063, 0x1063, 0x1063, 0x1063, 0x1063,
    0x1063, 0x1063, 0x1063, 0x1063, 0x1063, 0x1063, 0x1063, 0x1063, 0x1063, 0x1063, 0x1063, 0x1063,
    0x1063, 0x1063, 0x1063, 0x1063, 0x1063, 0x1063, 0x1063, 0x1063, 0x1063, 0x1063, 0x1063, 0x0023,
    0xA224, 0x89E4, 0x0023, 0x1063, 0x1063, 0x1063, 0x0043, 0x4124, 0xB306, 0xD346, 0x1883, 0x0843,
    0x1063, 0x1063, 0x1062, 0x1062, 0x0842, 0x5123, 0x79A3, 0x0022, 0x69A4, 0xFC07, 0xFBE7, 0xFC07,
    0xDB66, 0x1862, 0x2082, 0x89C3, 0x38E3, 0x1062, 0x1882, 0x1883, 0x1883, 0x1883, 0x1883, 0x1883,
    0x1083, 0x1083, 0x6184, 0x8205, 0x4964, 0x18C4, 0x0884, 0x0884, 0x10C4, 0x1042, 0x2ACD, 0x673F,
    0x5EDF, 0x5E7E, 0x1926, 0x10A3, 0x10A4, 0x0884, 0x10A4, 0x3924, 0x71E5, 0x79E4, 0x20C3, 0x0863,
    0x1883, 0x1883, 0x1883, 0x1883, 0x1883, 0x1883, 0x1882, 0x1882, 0x81C3, 0x4903, 0x0022, 0x9A65,
    0xFC27, 0xFBC7, 0xFC27, 0xB2C5, 0x0022, 0x5123, 0x79A3, 0x0842, 0x1062, 0x1062, 0x1063, 0x1063,
    0x0863, 0x1083, 0xCB26, 0xC346, 0x4124, 0x0043, 0x1063, 0x1063, 0x1063, 0x0043, 0x38E3, 0xD2C5,
    0x1063, 0x0863, 0x1063, 0x1063, 0x1063, 0x1063, 0x1063, 0x1063, 0x1063, 0x1063, 0x1063, 0x1063,
    0x1063, 0x1063, 0x1063, 0x1063, 0x1063, 0x1063, 0x1063, 0x1063, 0x1063, 0x1063, 0x1063, 0x1063,
    0x1063, 0x1063, 0x1063, 0x1063, 0x1063, 0x1063, 0x1063, 0x1063, 0x1063, 0x1063, 0x1063, 0x1063,
    0x1063, 0x1063, 0x1063, 0x1063, 0x1063, 0x1063, 0x1063, 0x1063, 0x1063, 0x1063, 0x1063, 0x1063,
    0x1063, 0x1063, 0x1063, 0x1063, 0x1063, 0x1063, 0x1063, 0x1063, 0x1063, 0x1063, 0x1063, 0x1063,
    0x1063, 0x1063, 0x0863, 0x1063, 0xD2C5, 0x38E3, 0x0043, 0x1063, 0x1063, 0x1063, 0x0022, 0x69C4,
    0xFCC8, 0xFC28, 0x20A3, 0x0842, 0x1063, 0x1062, 0x1062, 0x1062, 0x1042, 0x79A3, 0x38E2, 0x1062,
    0xE386, 0xFC07, 0xFBE7, 0xFC07, 0x5964, 0x0022, 0x7183, 0x5943, 0x1062, 0x1882, 0x1882, 0x1883,
    0x1883, 0x1083, 0x1883, 0x0863, 0x20A3, 0x79E4, 0x69C4, 0x18A3, 0x0863, 0x10A3, 0x10A4, 0x10A4,
    0x10C4, 0x1042, 0x2ACD, 0x673F, 0x5EDF, 0x5E7E, 0x1906, 0x10A3, 0x10C4, 0x10A4, 0x10A4, 0x0883,
    0x1083, 0x5164, 0x8A04, 0x4123, 0x0863, 0x1883, 0x1883, 0x1883, 0x1883, 0x1883, 0x1882, 0x1062,
    0x30C2, 0x89C3, 0x20A2, 0x1882, 0xE386, 0xFC07, 0xFBE7, 0xFC27, 0x5143, 0x0842, 0x81C3, 0x28A2,
    0x0862, 0x1062, 0x1062, 0x1063, 0x0842, 0x20A3, 0xFC28, 0xFCC8, 0x61C4, 0x0022, 0x1063, 0x1063,
    0x1063, 0x1063, 0x0843, 0xCAA5, 0x5123, 0x0043, 0x1063, 0x1063, 0x1063, 0x1063, 0x1063, 0x1063,
    0x1063, 0x1063, 0x1063, 0x1063, 0x1063, 0x1063, 0x1063, 0x1063, 0x1063, 0x1063, 0x1063, 0x1063,
    0x1063, 0x1063, 0x1063, 0x1063, 0x1063, 0x1063, 0x1063, 0x1063, 0x1063, 0x1063, 0x1063, 0x1063,
    0x1063, 0x1063, 0x1063, 0x1063, 0x1063, 0x1063, 0x1063, 0x1063, 0x1063, 0x1063, 0x1063, 0x1063,
    0x1063, 0x1063, 0x1063, 0x1063, 0x1063, 0x1063, 0x1063, 0x1063, 0x1063, 0x1063, 0x1063, 0x1063,
    0x1063, 0x1063, 0x1063, 0x1063, 0x1063, 0x1063, 0x0043, 0x4923, 0xE2E5, 0x1063, 0x0863, 0x1063,
    0x1063, 0x1063, 0x0043, 0x4124, 0xDBA6, 0xAAC6, 0x1883, 0x0862, 0x1063, 0x1062, 0x1062, 0x0842,
    0x38E3, 0x79A3, 0x0022, 0x79E4, 0xFC27, 0xFBC7, 0xFC27, 0xC306, 0x0842, 0x4923, 0x79A3, 0x1062,
    0x1882, 0x1882, 0x1882, 0x1883, 0x1083, 0x1883, 0x0863, 0x20A3, 0x8A24, 0x4944, 0x0863, 0x1083,
    0x10A3, 0x10A3, 0x10A4, 0x10A4, 0x10C4, 0x0842, 0x2ACD, 0x673F, 0x5EDF, 0x5E7E, 0x1906, 0x1083,
    0x10A4, 0x10A4, 0x10A3, 0x10A3, 0x1083, 0x0863, 0x28C3, 0x8A24, 0x4923, 0x0843, 0x1883, 0x1083,
    0x1883, 0x1883, 0x1882, 0x1882, 0x1042, 0x5123, 0x7183, 0x0022, 0x79E4, 0xFC27, 0xFBC7, 0xFC07,
    0xCB06, 0x0022, 0x5123, 0x6963, 0x0842, 0x1062, 0x1062, 0x1063, 0x0862, 0x1883, 0x9AA5, 0xDB86,
    0x5164, 0x0022, 0x1063, 0x1063, 0x1063, 0x1063, 0x0023, 0xA224, 0xA224, 0x0023, 0x1063, 0x1063,
    0x1063, 0x1063, 0x1063, 0x1063, 0x1063, 0x1063, 0x1063, 0x1063, 0x1063, 0x1063, 0x1063, 0x1063,
    0x1063, 0x1063, 0x1063, 0x1063, 0x1063, 0x1063, 0x1063, 0x1063, 0x1063, 0x1063, 0x1063, 0x1063,
    0x1063, 0x1063, 0x1063, 0x1063, 0x1063, 0x1063, 0x1063, 0x1063, 0x1063, 0x1063, 0x1063, 0x1063,
    0x1063, 0x1063, 0x1063, 0x1063, 0x1063, 0x1063, 0x1063, 0x1063, 0x1063, 0x1063, 0x1063, 0x1063,
    0x1063, 0x1063, 0x1063, 0x1063, 0x1063, 0x1063, 0x1063, 0x1063, 0x1063, 0x1063, 0x0023, 0x89E4,
    0x9A24, 0x0023, 0x1063, 0x1063, 0x1063, 0x1063, 0x0843, 0x28A3, 0x9A03, 0x0042, 0x0863, 0x1063,
    0x1063, 0x1062, 0x1062, 0x0842, 0x7183, 0x5123, 0x0022, 0xCB26, 0xFC07, 0xFBE7, 0xFC07, 0x5164,
    0x1042, 0x89E3, 0x38E3, 0x1062, 0x1882, 0x1882, 0x1882, 0x1083, 0x1883, 0x0863, 0x20A3, 0x81E4,
    0x38E3, 0x0863, 0x1083, 0x1083, 0x1083, 0x1083, 0x10A3, 0x10A4, 0x10C4, 0x0842, 0x2AAD, 0x673F,
    0x5EDF, 0x567E, 0x1905, 0x1083, 0x10A4, 0x10A3, 0x1083, 0x1083, 0x1083, 0x1083, 0x0863, 0x1883,
    0x79C4, 0x4923, 0x0843, 0x1883, 0x1083, 0x1883, 0x1882, 0x1882, 0x1882, 0x1882, 0x89C3, 0x38E2,
    0x1882, 0xE386, 0xFC07, 0xFBE7, 0xFBE7, 0x30E3, 0x2082, 0x89C3, 0x1882, 0x1062, 0x1062, 0x1062,
    0x1063, 0x1063, 0x0002, 0x7183, 0x6163, 0x0043, 0x1063, 0x1063, 0x1063, 0x1063, 0x0043, 0x4923,
    0xCAA5, 0x0843, 0x1063, 0x1063, 0x1063, 0x1063, 0x1063, 0x1063, 0x1063, 0x1063, 0x1063, 0x1063,
    0x1063, 0x1063, 0x1063, 0x1063, 0x1063, 0x1063, 0x1063, 0x1063, 0x1063, 0x1063, 0x1063, 0x1063,
    0x1063, 0x1063, 0x1063, 0x1063, 0x1063, 0x1063, 0x1063, 0x1063, 0x1063, 0x1063, 0x1063, 0x1063,
    0x1063, 0x1063, 0x1063, 0x1063, 0x1063, 0x1063, 0x1063, 0x1063, 0x1063, 0x1063, 0x1063, 0x1063,
    0x1063, 0x1063, 0x1063, 0x1063, 0x1063, 0x1063, 0x1063, 0x1063, 0x1063, 0x1063, 0x1063, 0x1063,
    0x1063, 0x1063, 0x0023, 0xC2A5, 0x6984, 0x0023, 0x1063, 0x1063, 0x1063, 0x1063, 0x0023, 0x6983,
    0x79A3, 0x0042, 0x1063, 0x1063, 0x1062, 0x1062, 0x1062, 0x28A2, 0x81C3, 0x1062, 0x4943, 0xFC07,
    0xFBE7, 0xFC07, 0xC306, 0x0842, 0x5123, 0x79A3, 0x1062, 0x1882, 0x1882, 0x1862, 0x1062, 0x1863,
    0x1063, 0x1883, 0x9204, 0x4123, 0x0043, 0x1083, 0x1083, 0x1083, 0x1083, 0x1083, 0x1083, 0x10A3,
    0x10C4, 0x0822, 0x22AD, 0x673F, 0x5EDF, 0x567E, 0x1105, 0x1083, 0x10A4, 0x1083, 0x1083, 0x1083,
    0x1083, 0x1083, 0x1083, 0x0863, 0x1883, 0x9224, 0x4103, 0x0842, 0x1883, 0x1063, 0x1862, 0x1882,
    0x1882, 0x1062, 0x5122, 0x79A3, 0x0022, 0x79E4, 0xFC27, 0xFBC7, 0xFC27, 0x9A65, 0x0002, 0x7183,
    0x5123, 0x0842, 0x1062, 0x1062, 0x1063, 0x1063, 0x0843, 0x4103, 0x9A04, 0x0843, 0x1063, 0x1063,
    0x1063, 0x1063, 0x0843, 0x2083, 0xE305, 0x28A3, 0x0843, 0x1063, 0x1063, 0x1063, 0x1063, 0x1063,
    0x1063, 0x1063, 0x1063, 0x1063, 0x1063, 0x1063, 0x1063, 0x1063, 0x1063, 0x1063, 0x1063, 0x1063,
    0x1063, 0x1063, 0x1063, 0x1063, 0x1063, 0x1063, 0x1063, 0x1063, 0x1063, 0x1063, 0x1063, 0x1063,
    0x1063, 0x1063, 0x1063, 0x1063, 0x1063, 0x1063, 0x1063, 0x1063, 0x1063, 0x1063, 0x1063, 0x1063,
    0x1063, 0x1063, 0x1063, 0x1063, 0x1063, 0x1063, 0x1063, 0x1063, 0x1063, 0x1063, 0x1063, 0x1063,
    0x1063, 0x1063, 0x1063, 0x1063, 0x1063, 0x0863, 0x1883, 0xE305, 0x38E3, 0x0043, 0x1063, 0x1063,
    0x1063, 0x1063, 0x0043, 0x91E3, 0x4923, 0x0042, 0x1063, 0x1063, 0x1062, 0x1062, 0x0842, 0x4903,
    0x7183, 0x0002, 0x9A65, 0xFC27, 0xFBC7, 0xFC27, 0x61A4, 0x0842, 0x89C3, 0x38E2, 0x1062, 0x1882,
    0x1862, 0x1062, 0x1063, 0x1083, 0x0862, 0x79C3, 0x5963, 0x0043, 0x1083, 0x1063, 0x1083, 0x1083,
    0x1083, 0x1083, 0x1083, 0x0863, 0x0884, 0x1042, 0x3AED, 0x673F, 0x5EDF, 0x567E, 0x2125, 0x0863,
    0x0063, 0x1083, 0x1083, 0x1083, 0x1083, 0x1083, 0x1063, 0x1083, 0x0863, 0x28C3, 0x9224, 0x20A3,
    0x1063, 0x1063, 0x1062, 0x1862, 0x1882, 0x1882, 0x1882, 0x89C3, 0x30C2, 0x20A3, 0xF3C7, 0xFBE7,
    0xFC07, 0xE366, 0x1062, 0x4103, 0x7183, 0x0842, 0x1062, 0x1062, 0x1063, 0x1063, 0x0863, 0x1883,
    0xA224, 0x20A3, 0x0863, 0x1063, 0x1063, 0x1063, 0x1063, 0x0843, 0xD2C5, 0x5964, 0x0023, 0x1063,
    0x1063, 0x1063, 0x1063, 0x1063, 0x1063, 0x1063, 0x1063, 0x1063, 0x1063, 0x1063, 0x1063, 0x1063,
    0x1063, 0x1063, 0x1063, 0x1063, 0x1063, 0x1063, 0x1063, 0x1063, 0x1063, 0x1063, 0x1063, 0x1063,
    0x1063, 0x1063, 0x1063, 0x1063, 0x1063, 0x1063, 0x1063, 0x1063, 0x1063, 0x1063, 0x1063, 0x1063,
    0x1063, 0x1063, 0x1063, 0x1063, 0x1063, 0x1063, 0x1063, 0x1063, 0x1063, 0x1063, 0x1063, 0x1063,
    0x1063, 0x1063, 0x1063, 0x1063, 0x1063, 0x1063, 0x1063, 0x1063, 0x1063, 0x0043, 0x38E3, 0xCAC5,
    0x1063, 0x0863, 0x1063, 0x1063, 0x1063, 0x0863, 0x1883, 0xA224, 0x20A3, 0x0862, 0x1062, 0x1062,
    0x1062, 0x1062, 0x0842, 0x6963, 0x4102, 0x1062, 0xE366, 0xFC07, 0xFC07, 0xE366, 0x1882, 0x40E2,
    0x79A3, 0x1062, 0x1882, 0x1862, 0x1862, 0x1062, 0x1882, 0x0842, 0x5943, 0x89E4, 0x0842, 0x1063,
    0x1063, 0x1063, 0x1063, 0x1083, 0x1083, 0x1083, 0x0063, 0x3104, 0x69C5, 0x81E4, 0x6BAE, 0x5F1F,
    0x5EDF, 0x5E9E, 0x8287, 0x71E4, 0x4144, 0x0883, 0x0863, 0x1083, 0x1083, 0x1063, 0x1063, 0x1063,
    0x1083, 0x0042, 0x5963, 0x89E3, 0x0842, 0x1882, 0x1062, 0x1862, 0x1862, 0x1882, 0x1042, 0x5922,
    0x6983, 0x0022, 0xA285, 0xFC27, 0xFBE7, 0xFC07, 0x4943, 0x1862, 0x81A3, 0x2082, 0x1062, 0x1062,
    0x1062, 0x1062, 0x1062, 0x0042, 0x9203, 0x4923, 0x0042, 0x1063, 0x1063, 0x1063, 0x1063, 0x0023,
    0x9A24, 0x89E4, 0x0023, 0x1063, 0x1063, 0x1063, 0x1063, 0x1063, 0x1063, 0x1063, 0x1063, 0x1063,
    0x1063, 0x1063, 0x1063, 0x1063, 0x1063, 0x1063, 0x1063, 0x1063, 0x1063, 0x1063, 0x1063, 0x1063,
    0x1063, 0x1063, 0x1063, 0x1063, 0x1063, 0x1063, 0x1063, 0x1063, 0x1063, 0x1063, 0x1063, 0x1063,
    0x1063, 0x1063, 0x1063, 0x1063, 0x1063, 0x1063, 0x1063, 0x1063, 0x1063, 0x1063, 0x1063, 0x1063,
    0x1063, 0x1063, 0x1063, 0x1063, 0x1063, 0x1063, 0x1063, 0x1063, 0x1063, 0x1063, 0x1063, 0x1063,
    0x1063, 0x0022, 0x6984, 0xBA84, 0x0022, 0x1063, 0x1063, 0x1063, 0x1063, 0x0843, 0x30C3, 0x9A24,
    0x1062, 0x1062, 0x1062, 0x1062, 0x1062, 0x1062, 0x1882, 0x81C3, 0x1862, 0x4923, 0xFC07, 0xFBC7,
    0xFC27, 0xAAA5, 0x0022, 0x79A3, 0x5922, 0x1062, 0x1882, 0x1862, 0x1862, 0x1062, 0x1062, 0x1862,
    0x9203, 0x28C3, 0x0843, 0x1063, 0x1063, 0x1063, 0x1063, 0x1063, 0x1063, 0x0863, 0x69A4, 0x9245,
    0x5185, 0x1842, 0x2AAD, 0x673F, 0x5EDF, 0x5E7E, 0x1905, 0x3903, 0x8225, 0x8205, 0x20C3, 0x0863,
    0x1083, 0x1063, 0x1063, 0x1063, 0x1063, 0x1063, 0x0842, 0x89E3, 0x4103, 0x0842, 0x1862, 0x1862,
    0x1862, 0x1882, 0x1062, 0x28C2, 0x89E3, 0x1862, 0x5984, 0xFC27, 0xFBC7, 0xFC27, 0x9A65, 0x0002,
    0x79A3, 0x40E2, 0x0842, 0x1062, 0x1062, 0x1062, 0x1062, 0x0042, 0x79A3, 0x6983, 0x0042, 0x1063,
    0x1063, 0x1063, 0x1063, 0x0022, 0x6984, 0xBA84, 0x0022, 0x1063, 0x1063, 0x1063, 0x1063, 0x1063,
    0x1063, 0x1063, 0x1063, 0x1063, 0x1063, 0x1063, 0x1063, 0x1063, 0x1063, 0x1063, 0x1063, 0x1063,
    0x1063, 0x1063, 0x1063, 0x1063, 0x1063, 0x1063, 0x1063, 0x1063, 0x1063, 0x1063, 0x1063, 0x1063,
    0x1063, 0x1063, 0x1063, 0x1063, 0x1063, 0x1063, 0x1063, 0x1063, 0x1063, 0x1063, 0x1063, 0x1063,
    0x1063, 0x1063, 0x1063, 0x1063, 0x1063, 0x1063, 0x1063, 0x1063, 0x1063, 0x1063, 0x1063, 0x1063,
    0x1063, 0x1063, 0x1063, 0x1063, 0x1063, 0x0022, 0x81E4, 0xA224, 0x0022, 0x1063, 0x1063, 0x1063,
    0x1063, 0x0042, 0x5143, 0x89E3, 0x0022, 0x1062, 0x1062, 0x1062, 0x1062, 0x0842, 0x38E2, 0x79A3,
    0x0022, 0x8204, 0xFC27, 0xFBC7, 0xFC27, 0x69A4, 0x1042, 0x89C3, 0x28C2, 0x1062, 0x1882, 0x1862,
    0x1062, 0x1862, 0x0842, 0x5943, 0x71A3, 0x0042, 0x1063, 0x1063, 0x1063, 0x1063, 0x1063, 0x1063,
    0x0843, 0x79C4, 0x79E4, 0x0883, 0x0063, 0x0801, 0x2AAD, 0x673F, 0x5EDF, 0x567E, 0x10E5, 0x0843,
    0x0063, 0x5164, 0x9245, 0x20A3, 0x0863, 0x1083, 0x1063, 0x1063, 0x1063, 0x1063, 0x0842, 0x4103,
    0x81E3, 0x0842, 0x1062, 0x1062, 0x1862, 0x1862, 0x1882, 0x1062, 0x79A3, 0x40E2, 0x20A3, 0xEBA6,
    0xFBE7, 0xFC07, 0xCB26, 0x0842, 0x5123, 0x6163, 0x0842, 0x1062, 0x1062, 0x1062, 0x1062, 0x0042,
    0x5123, 0x91E3, 0x0022, 0x1063, 0x1063, 0x1063, 0x1063, 0x0043, 0x5143, 0xC2A5, 0x0843, 0x1063,
    0x1063, 0x1063, 0x1063, 0x1063, 0x1063, 0x1063, 0x1063, 0x1063, 0x1063, 0x1063, 0x1063, 0x1063,
    0x1063, 0x1063, 0x1063, 0x1063, 0x1063, 0x1063, 0x1063, 0x1063, 0x1063, 0x1063, 0x1063, 0x1063,
    0x1063, 0x1063, 0x1063, 0x1063, 0x1063, 0x1063, 0x1063, 0x1063, 0x1063, 0x1063, 0x1063, 0x1063,
    0x1063, 0x1063, 0x1063, 0x1063, 0x1063, 0x1063, 0x1063, 0x1063, 0x1063, 0x1063, 0x1063, 0x1063,
    0x1063, 0x1063, 0x1063, 0x1063, 0x1063, 0x1063, 0x1063, 0x1063, 0x1063, 0x0022, 0xC284, 0x6184,
    0x0022, 0x1063, 0x1063, 0x1063, 0x1063, 0x0042, 0x79A3, 0x6163, 0x0042, 0x1062, 0x1062, 0x1062,
    0x1062, 0x0842, 0x4902, 0x7183, 0x0002, 0xB2C5, 0xFC27, 0xFBE7, 0xF3C7, 0x28A3, 0x38C2, 0x79A3,
    0x1062, 0x1882, 0x1862, 0x1862, 0x1062, 0x1062, 0x1062, 0x9A03, 0x38E3, 0x0842, 0x1063, 0x1063,
    0x1063, 0x1063, 0x1063, 0x0843, 0x81E4, 0x6184, 0x0043, 0x1083, 0x10A3, 0x0821, 0x2AAD, 0x673F,
    0x5EDF, 0x567E, 0x10E5, 0x1063, 0x1083, 0x0043, 0x30E3, 0x9A44, 0x20A3, 0x0863, 0x1063, 0x1063,
    0x1063, 0x1063, 0x1063, 0x1062, 0x9A03, 0x38E3, 0x0842, 0x1862, 0x1862, 0x1862, 0x1882, 0x1062,
    0x5922, 0x6963, 0x0022, 0xBAE5, 0xFC27, 0xFBE7, 0xF3C7, 0x1883, 0x40E2, 0x7183, 0x0842, 0x1062,
    0x1062, 0x1062, 0x1062, 0x0842, 0x30C3, 0x9A24, 0x1063, 0x0863, 0x1063, 0x1063, 0x1063, 0x0843,
    0x1883, 0xDAE5, 0x20A3, 0x0843, 0x1063, 0x1063, 0x1063, 0x1063, 0x1063, 0x1063, 0x1063, 0x1063,
    0x1063, 0x1063, 0x1063, 0x1063, 0x1063, 0x1063, 0x1063, 0x1063, 0x1063, 0x1063, 0x1063, 0x1063,
    0x1063, 0x1063, 0x1063, 0x1063, 0x1063, 0x1063, 0x1063, 0x1063, 0x1063, 0x1063, 0x1063, 0x1063,
    0x1063, 0x1063, 0x1063, 0x1063, 0x1063, 0x1063, 0x1063, 0x1063, 0x1063, 0x1063, 0x1063, 0x1063,
    0x1063, 0x1063, 0x1063, 0x1063, 0x1063, 0x1063, 0x1063, 0x1063, 0x1063, 0x1063, 0x1063, 0x1063,
    0x1063, 0x0022, 0xB264, 0x71A4, 0x0022, 0x1063, 0x1063, 0x1063, 0x1063, 0x0042, 0x91E3, 0x5123,
    0x0042, 0x1062, 0x1062, 0x1062, 0x1062, 0x0842, 0x6963, 0x4902, 0x1062, 0xDB66, 0xFC07, 0xFC07,
    0xDB66, 0x1062, 0x5923, 0x6163, 0x1062, 0x1882, 0x1862, 0x1862, 0x1862, 0x0842, 0x38E3, 0x9A03,
    0x1062, 0x1062, 0x1063, 0x1063, 0x1063, 0x1063, 0x0043, 0x6184, 0x8A04, 0x0043, 0x1063, 0x1083,
    0x1083, 0x0801, 0x2A8C, 0x673F, 0x5EDF, 0x567E, 0x10E5, 0x1062, 0x1083, 0x1083, 0x0043, 0x5964,
    0x9224, 0x0863, 0x1063, 0x1063, 0x1063, 0x1063, 0x1063, 0x0042, 0x71A3, 0x7183, 0x0042, 0x1862,
    0x1062, 0x1862, 0x1882, 0x1062, 0x38E2, 0x79A3, 0x0822, 0x9A65, 0xFC27, 0xFBE7, 0xFC07, 0x5143,
    0x1862, 0x81A3, 0x1882, 0x1062, 0x1062, 0x1062, 0x1062, 0x0862, 0x1883, 0xAA44, 0x2083, 0x0863,
    0x1063, 0x1063, 0x1063, 0x0843, 0x20A3, 0xDAE5, 0x1883, 0x0843, 0x1063, 0x1063, 0x1063, 0x1063,
    0x1063, 0x1063, 0x1063, 0x1063, 0x1063, 0x1063, 0x1063, 0x1063, 0x1063, 0x1063, 0x1063, 0x1063,
    0x1063, 0x1063, 0x1063, 0x1063, 0x1063, 0x1063, 0x1063, 0x1063, 0x1063, 0x1063, 0x1063, 0x1063,
    0x1063, 0x1063, 0x1063, 0x1063, 0x1063, 0x1063, 0x1063, 0x1063, 0x1063, 0x1063, 0x1063, 0x1063,
    0x1063, 0x1063, 0x1063, 0x1063, 0x1063, 0x1063, 0x1063, 0x1063, 0x1063, 0x1063, 0x1063, 0x1063,
    0x1063, 0x1063, 0x1063, 0x1063, 0x1063, 0x0843, 0xC2A5, 0x5123, 0x0023, 0x1063, 0x1063, 0x1063,
    0x1063, 0x0042, 0x89E3, 0x5123, 0x0042, 0x1062, 0x1062, 0x1062, 0x1062, 0x0842, 0x7183, 0x4102,
    0x1883, 0xF3C7, 0xFBE7, 0xFC27, 0xB2C5, 0x0022, 0x79A3, 0x4902, 0x1042, 0x1882, 0x1862, 0x1062,
    0x1862, 0x0842, 0x6163, 0x6983, 0x0022, 0x1063, 0x1063, 0x1063, 0x1063, 0x0863, 0x1883, 0xB264,
    0x20A3, 0x0843, 0x1063, 0x1063, 0x1083, 0x0801, 0x2A8C, 0x673F, 0x5EDF, 0x567E, 0x10E5, 0x0842,
    0x1063, 0x1063, 0x1063, 0x0023, 0x9A24, 0x5143, 0x0022, 0x1063, 0x1063, 0x1063, 0x1063, 0x0842,
    0x38E3, 0x89E3, 0x1062, 0x1062, 0x1062, 0x1862, 0x1862, 0x1862, 0x2082, 0x81C3, 0x1062, 0x61A4,
    0xFC27, 0xF3C7, 0xFC27, 0x6184, 0x1042, 0x81C3, 0x1882, 0x1062, 0x1062, 0x1062, 0x1062, 0x0842,
    0x1883, 0xA224, 0x2083, 0x0843, 0x1063, 0x1063, 0x1063, 0x0843, 0x1063, 0xD2C5, 0x38E3, 0x0843,
    0x1063, 0x1063, 0x1063, 0x1063, 0x1063, 0x1063, 0x1063, 0x1063, 0x1063, 0x1063, 0x1063, 0x1063,
    0x1063, 0x1063, 0x1063, 0x1063, 0x1063, 0x1063, 0x1063, 0x1063, 0x1063, 0x1063, 0x1063, 0x1063,
    0x1063, 0x1063, 0x1063, 0x1063, 0x1063, 0x1063, 0x1063, 0x1063, 0x1063, 0x1063, 0x1063, 0x1063,
    0x1063, 0x1063, 0x1063, 0x1063, 0x1063, 0x1063, 0x1063, 0x1063, 0x1063, 0x1063, 0x1063, 0x1063,
    0x1063, 0x1063, 0x1063, 0x1063, 0x1063, 0x1063, 0x1063, 0x1063, 0x0843, 0x20A3, 0xDAE5, 0x1883,
    0x0843, 0x1063, 0x1063, 0x1063, 0x0843, 0x2083, 0xAA44, 0x2083, 0x0842, 0x1062, 0x1062, 0x1062,
    0x1062, 0x1862, 0x81A3, 0x30C2, 0x30E3, 0xF3E7, 0xFBE7, 0xFC27, 0x9A65, 0x0022, 0x7183, 0x4902,
    0x1042, 0x1862, 0x1862, 0x1062, 0x1862, 0x0022, 0x81C3, 0x5123, 0x0022, 0x1062, 0x1063, 0x1063,
    0x1063, 0x0022, 0x6183, 0x79C4, 0x0023, 0x1063, 0x1063, 0x1063, 0x1083, 0x0801, 0x2A8C, 0x671F,
    0x5EBF, 0x565D, 0x10C5, 0x0842, 0x1063, 0x1063, 0x1063, 0x0043, 0x4103, 0x9224, 0x0842, 0x1063,
    0x1063, 0x1063, 0x1063, 0x1042, 0x1883, 0x9A03, 0x1882, 0x1062, 0x1062, 0x1862, 0x1862, 0x1862,
    0x2082, 0x81C3, 0x1862, 0x5143, 0xFC07, 0xFBE7, 0xFC27, 0x7A04, 0x0842, 0x81C3, 0x38C2, 0x0842,
    0x1062, 0x1062, 0x1062, 0x1062, 0x0042, 0x9204, 0x5123, 0x0022, 0x1063, 0x1063, 0x1063, 0x1063,
    0x0022, 0xBA64, 0x7184, 0x0022, 0x1063, 0x1063, 0x1063, 0x1063, 0x1063, 0x1063, 0x1063, 0x1063,
    0x1063, 0x1063, 0x1063, 0x1063, 0x1063, 0x1063, 0x1063, 0x1063, 0x1063, 0x1063, 0x1063, 0x1063,
    0x1063, 0x1063, 0x1063, 0x1063, 0x1063, 0x1063, 0x1063, 0x1063, 0x1063, 0x1063, 0x1063, 0x1063,
    0x1063, 0x1063, 0x1063, 0x1063, 0x1063, 0x1063, 0x1063, 0x1063, 0x1063, 0x1063, 0x1063, 0x1063,
    0x1063, 0x1063, 0x1063, 0x1063, 0x1063, 0x1063, 0x1063, 0x1063, 0x1063, 0x1063, 0x1063, 0x1063,
    0x0843, 0x2083, 0xDAE5, 0x2083, 0x0843, 0x1063, 0x1063, 0x1062, 0x0842, 0x1062, 0xA203, 0x1062,
    0x1062, 0x1062, 0x1062, 0x1062, 0x1062, 0x2082, 0x81C3, 0x1042, 0x69A4, 0xFC27, 0xFBC7, 0xFC27,
    0x6184, 0x1062, 0x81C3, 0x28A2, 0x1862, 0x1862, 0x1862, 0x1862, 0x1062, 0x1862, 0x91E3, 0x30C3,
    0x0842, 0x1062, 0x1062, 0x1062, 0x1062, 0x0022, 0x9A24, 0x5123, 0x0022, 0x1063, 0x1063, 0x1063,
    0x1083, 0x0801, 0x2AAD, 0x67BF, 0x673F, 0x5EDF, 0x10E5, 0x1042, 0x1063, 0x1063, 0x1063, 0x0863,
    0x1883, 0xAA64, 0x20A3, 0x0842, 0x1062, 0x1062, 0x1062, 0x1062, 0x1042, 0x89E3, 0x40E3, 0x0842,
    0x1862, 0x1862, 0x1862, 0x1882, 0x1062, 0x7183, 0x4102, 0x2082, 0xF3A7, 0xFBE7, 0xFC27, 0xBAE5,
    0x0022, 0x7183, 0x4902, 0x0842, 0x1062, 0x1062, 0x1062, 0x1062, 0x0022, 0x81C3, 0x4903, 0x0022,
    0x1062, 0x1062, 0x1063, 0x1063, 0x0022, 0xBA84, 0x6984, 0x0022, 0x1063, 0x1063, 0x1063, 0x1063,
    0x1063, 0x1063, 0x1063, 0x1063, 0x1063, 0x1063, 0x1063, 0x1063, 0x1063, 0x1063, 0x1063, 0x1063,
    0x1063, 0x1063, 0x1063, 0x1063, 0x1063, 0x1063, 0x1063, 0x1063, 0x1063, 0x1063, 0x1063, 0x1063,
    0x1063, 0x1063, 0x1063, 0x1063, 0x1063, 0x1063, 0x1063, 0x1063, 0x1063, 0x1063, 0x1063, 0x1063,
    0x1063, 0x1063, 0x1063, 0x1063, 0x1063, 0x1063, 0x1063, 0x1063, 0x1063, 0x1063, 0x1063, 0x1063,
    0x1063, 0x1063, 0x1063, 0x1063, 0x0843, 0x2083, 0xDAE5, 0x2083, 0x0843, 0x1063, 0x1063, 0x1062,
    0x0842, 0x4944, 0xC305, 0x4944, 0x0842, 0x1062, 0x1062, 0x1062, 0x1062, 0x2082, 0x81C3, 0x1042,
    0x6184, 0xFC27, 0xFBC7, 0xFC27, 0x69A4, 0x1862, 0x81C3, 0x2082, 0x1862, 0x1862, 0x1862, 0x1862,
    0x1062, 0x2082, 0x9A03, 0x1882, 0x1042, 0x1062, 0x1062, 0x1062, 0x0842, 0x1883, 0xAA64, 0x20A3,
    0x0843, 0x1063, 0x1063, 0x1063, 0x1063, 0x0821, 0x21C9, 0x44F6, 0x44B6, 0x4475, 0x10A4, 0x1042,
    0x1063, 0x1063, 0x1063, 0x1063, 0x0022, 0x9A04, 0x5143, 0x0022, 0x1062, 0x1062, 0x1062, 0x1062,
    0x0022, 0x81C3, 0x5123, 0x0842, 0x1862, 0x1862, 0x1862, 0x1882, 0x1042, 0x7183, 0x4902, 0x2082,
    0xF3C7, 0xFBE7, 0xFC27, 0xB2C5, 0x0022, 0x7183, 0x4102, 0x0842, 0x1062, 0x1062, 0x1062, 0x0842,
    0x20A3, 0xB2C5, 0x8A04, 0x0842, 0x1062, 0x1062, 0x1063, 0x1063, 0x0022, 0xBA84, 0x6984, 0x0022,
    0x1063, 0x1063, 0x1063, 0x1063, 0x1063, 0x1063, 0x1063, 0x1063, 0x1063, 0x1063, 0x1063, 0x1063,
    0x1063, 0x1063, 0x1063, 0x1063, 0x1063, 0x1063, 0x1063, 0x1063, 0x1063, 0x1063, 0x1063, 0x1063,
    0x1063, 0x1063, 0x1063, 0x1063, 0x1063, 0x1063, 0x1063, 0x1063, 0x1063, 0x1063, 0x1063, 0x1063,
    0x1063, 0x1063, 0x1063, 0x1063, 0x1063, 0x1063, 0x1063, 0x1063, 0x1063, 0x1063, 0x1063, 0x1063,
    0x1063, 0x1063, 0x1063, 0x1063, 0x1063, 0x1063, 0x1063, 0x1063, 0x0843, 0x2083, 0xDAE5, 0x2083,
    0x0843, 0x1063, 0x1063, 0x1063, 0x0002, 0xBB06, 0xFCC8, 0xBB06, 0x0002, 0x1062, 0x1062, 0x1062,
    0x1062, 0x2082, 0x81C3, 0x1042, 0x6184, 0xFC27, 0xFBC7, 0xFC27, 0x61A4, 0x1862, 0x81C3, 0x2082,
    0x1862, 0x1862, 0x1862, 0x1862, 0x1062, 0x2082, 0x9A03, 0x2082, 0x1042, 0x1062, 0x1062, 0x1062,
    0x0842, 0x2083, 0xB264, 0x2083, 0x0843, 0x1063, 0x1063, 0x1063, 0x1063, 0x1063, 0x0842, 0x0801,
    0x0801, 0x0801, 0x1062, 0x1063, 0x1063, 0x1063, 0x1063, 0x1063, 0x0022, 0x9A24, 0x5943, 0x0022,
    0x1062, 0x1062, 0x1062, 0x1062, 0x0022, 0x81C3, 0x5123, 0x0842, 0x1862, 0x1862, 0x1862, 0x1882,
    0x1042, 0x7183, 0x4902, 0x2082, 0xF3C7, 0xFBE7, 0xFC27, 0xB2C5, 0x0022, 0x7183, 0x4902, 0x0842,
    0x1062, 0x1062, 0x1062, 0x0002, 0x69A4, 0xFCA8, 0xFC07, 0x20A3, 0x0842, 0x1063, 0x1063, 0x1063,
    0x0022, 0xBA84, 0x6984, 0x0022, 0x1063, 0x1063, 0x1063, 0x1063, 0x1063, 0x1063, 0x1063, 0x1063,
    0x1063, 0x1063, 0x1063, 0x1063, 0x1063, 0x1063, 0x1063, 0x1063, 0x1063, 0x1063, 0x1063, 0x1063,
    0x1063, 0x1063, 0x1063, 0x1063, 0x1063, 0x1063, 0x1063, 0x1063, 0x1063, 0x1063, 0x1063, 0x1063,
    0x1063, 0x1063, 0x1063, 0x1063, 0x1063, 0x1063, 0x1063, 0x1063, 0x1063, 0x1063, 0x1063, 0x1063,
    0x1063, 0x1063, 0x1063, 0x1063, 0x1063, 0x1063, 0x1063, 0x1063, 0x1063, 0x1063, 0x1063, 0x1063,
    0x0843, 0x2083, 0xDAE5, 0x2083, 0x0843, 0x1063, 0x1063, 0x1063, 0x0022, 0xA2A5, 0xFC68, 0xA2A5,
    0x0022, 0x1062, 0x1062, 0x1062, 0x1062, 0x2082, 0x81C3, 0x1042, 0x6184, 0xFC27, 0xFBC7, 0xFC27,
    0x61A4, 0x1862, 0x81C3, 0x2082, 0x1862, 0x1862, 0x1862, 0x1862, 0x1062, 0x2082, 0x9A03, 0x2082,
    0x1042, 0x1062, 0x1062, 0x1062, 0x0842, 0x2083, 0xBA84, 0x1883, 0x0842, 0x1063, 0x1063, 0x1063,
    0x1063, 0x1063, 0x1063, 0x1083, 0x1083, 0x1083, 0x1063, 0x1063, 0x1063, 0x1063, 0x1063, 0x1063,
    0x0022, 0x9A04, 0x6163, 0x0022, 0x1062, 0x1062, 0x1062, 0x1062, 0x0022, 0x81C3, 0x5123, 0x0842,
    0x1862, 0x1862, 0x1862, 0x1882, 0x1042, 0x7183, 0x4102, 0x2082, 0xF3C7, 0xFBE7, 0xFC27, 0xB2C5,
    0x0022, 0x7183, 0x4902, 0x0842, 0x1062, 0x1062, 0x1062, 0x0022, 0x5984, 0xF447, 0xE3A7, 0x1883,
    0x0842, 0x1063, 0x1063, 0x1063, 0x0022, 0xBA84, 0x6984, 0x0022, 0x1063, 0x1063, 0x1063, 0x1063,
    0x1063, 0x1063, 0x1063, 0x1063, 0x1063, 0x1063, 0x1063, 0x1063, 0x1063, 0x1063, 0x1063, 0x1063,
    0x1063, 0x1063, 0x1063, 0x1063, 0x1063, 0x1063, 0x1063, 0x1063, 0x1063, 0x1063, 0x1063, 0x1063,
    0x1063, 0x1063, 0x1063, 0x1063, 0x1063, 0x1063, 0x1063, 0x1063, 0x1063, 0x1063, 0x1063, 0x1063,
    0x1063, 0x1063, 0x1063, 0x1063, 0x1063, 0x1063, 0x1063, 0x1063, 0x1063, 0x1063, 0x1063, 0x1063,
    0x1063, 0x1063, 0x1063, 0x1063, 0x0843, 0x2083, 0xDAE5, 0x2083, 0x0843, 0x1063, 0x1063, 0x1062,
    0x0842, 0x28A3, 0xAA64, 0x28A3, 0x0842, 0x1062, 0x1062, 0x1062, 0x1062, 0x2082, 0x81C3, 0x1042,
    0x61A4, 0xFC27, 0xFBC7, 0xFC27, 0x6184, 0x1862, 0x81C3, 0x2082, 0x1862, 0x1862, 0x1862, 0x1862,
    0x1062, 0x2082, 0x9A03, 0x1882, 0x1042, 0x1062, 0x1062, 0x1062, 0x1042, 0x1062, 0xB264, 0x30C3,
    0x0842, 0x1062, 0x1063, 0x1063, 0x1063, 0x1063, 0x1063, 0x1063, 0x1063, 0x1063, 0x1063, 0x1063,
    0x1063, 0x1063, 0x1063, 0x1062, 0x0842, 0xA244, 0x4903, 0x0022, 0x1062, 0x1062, 0x1062, 0x1062,
    0x0022, 0x81C3, 0x5123, 0x0842, 0x1862, 0x1862, 0x1862, 0x1882, 0x1042, 0x7183, 0x4902, 0x2082,
    0xF3C7, 0xFBE7, 0xFC27, 0xB2C5, 0x0022, 0x7183, 0x4902, 0x0842, 0x1062, 0x1062, 0x1062, 0x1062,
    0x0842, 0x9204, 0x5963, 0x0042, 0x1062, 0x1062, 0x1063, 0x1063, 0x0022, 0xBA84, 0x6984, 0x0022,
    0x1063, 0x1063, 0x1063, 0x1063, 0x1063, 0x1063, 0x1063, 0x1063, 0x1063, 0x1063, 0x1063, 0x1063,
    0x1063, 0x1063, 0x1063, 0x1063, 0x1063, 0x1063, 0x1063, 0x1063, 0x1063, 0x1063, 0x1063, 0x1063,
    0x1063, 0x1063, 0x1063, 0x1063, 0x1063, 0x1063, 0x1063, 0x1063, 0x1063, 0x1063, 0x1063, 0x1063,
    0x1063, 0x1063, 0x1063, 0x1063, 0x1063, 0x1063, 0x1063, 0x1063, 0x1063, 0x1063, 0x1063, 0x1063,
    0x1063, 0x1063, 0x1063, 0x1063, 0x1063, 0x1063, 0x1063, 0x1063, 0x0843, 0x2083, 0xDAE5, 0x2083,
    0x0843, 0x1063, 0x1063, 0x1062, 0x0842, 0x2082, 0xAA24, 0x1862, 0x1042, 0x1062, 0x1062, 0x1062,
    0x1062, 0x2082, 0x89C3, 0x1062, 0x6184, 0xFC27, 0xFBC7, 0xFC27, 0x69A4, 0x1042, 0x81A3, 0x30C2,
    0x1062, 0x1862, 0x1862, 0x1862, 0x1062, 0x1042, 0x89E3, 0x40E3, 0x0842, 0x1062, 0x1062, 0x1062,
    0x1062, 0x0022, 0x9A24, 0x6163, 0x0022, 0x1062, 0x1062, 0x1062, 0x1063, 0x1063, 0x1063, 0x1063,
    0x1063, 0x1063, 0x1063, 0x1063, 0x1063, 0x1062, 0x1062, 0x0842, 0x2083, 0xBA84, 0x1882, 0x0842,
    0x1062, 0x1062, 0x1062, 0x1062, 0x1062, 0x9203, 0x30C3, 0x1042, 0x1862, 0x1862, 0x1862, 0x1862,
    0x1862, 0x7983, 0x38C2, 0x28A2, 0xF3C7, 0xFBE7, 0xFC27, 0xB2C5, 0x0022, 0x7183, 0x4902, 0x0842,
    0x1062, 0x1062, 0x1062, 0x1062, 0x0022, 0x89E3, 0x5923, 0x0022, 0x1062, 0x1062, 0x1063, 0x1063,
    0x0022, 0xBA84, 0x6984, 0x0022, 0x1063, 0x1063, 0x1063, 0x1063, 0x1063, 0x1063, 0x1063, 0x1063,
    0x1063, 0x1063, 0x1063, 0x1063, 0x1063, 0x1063, 0x1063, 0x1063, 0x1063, 0x1063, 0x1063, 0x1063,
    0x1063, 0x1063, 0x1063, 0x1063, 0x1063, 0x1063, 0x1063, 0x1063, 0x1062, 0x1062, 0x1062, 0x1062,
    0x1062, 0x1062, 0x1062, 0x1062, 0x1062, 0x1062, 0x1062, 0x1062, 0x1062, 0x1062, 0x1062, 0x1062,
    0x1062, 0x1062, 0x1062, 0x1062, 0x1062, 0x1062, 0x1062, 0x1062, 0x1062, 0x1062, 0x1062, 0x1062,
    0x0842, 0x2083, 0xDAE5, 0x28A3, 0x0842, 0x1062, 0x1062, 0x1062, 0x1062, 0x1862, 0xA223, 0x30C3,
    0x0842, 0x1062, 0x1062, 0x1062, 0x1062, 0x1042, 0x79A3, 0x40E2, 0x20A2, 0xF3C7, 0xFBE7, 0xFC27,
    0xB2A5, 0x0022, 0x7183, 0x4902, 0x1042, 0x1862, 0x1862, 0x1862, 0x1862, 0x0822, 0x81C3, 0x5923,
    0x0022, 0x1062, 0x1062, 0x1062, 0x1062, 0x0022, 0x5123, 0xAA44, 0x0842, 0x1062, 0x1062, 0x1062,
    0x1062, 0x1062, 0x1062, 0x1062, 0x1062, 0x1062, 0x1062, 0x1062, 0x1062, 0x1062, 0x1062, 0x0022,
    0x6983, 0x9204, 0x0022, 0x1062, 0x1062, 0x1062, 0x1062, 0x1042, 0x2082, 0x9A03, 0x1882, 0x1062,
    0x1862, 0x1862, 0x1862, 0x1862, 0x2882, 0x89C3, 0x1862, 0x6184, 0xFC27, 0xFBC7, 0xFC27, 0x69A4,
    0x1042, 0x81C3, 0x28A2, 0x1042, 0x1062, 0x1062, 0x1062, 0x1062, 0x0842, 0x9203, 0x4103, 0x0842,
    0x1062, 0x1062, 0x1062, 0x1062, 0x0022, 0xBA84, 0x6963, 0x0022, 0x1062, 0x1062, 0x1062, 0x1062,
    0x1062, 0x1062, 0x1062, 0x1062, 0x1062, 0x1062, 0x1062, 0x1062, 0x1062, 0x1062, 0x1062, 0x1062,
    0x1062, 0x1062, 0x1062, 0x1062, 0x1062, 0x1062, 0x1062, 0x1062, 0x1062, 0x1062, 0x1062, 0x1062,
    0x1062, 0x1062, 0x1062, 0x1062, 0x1062, 0x1062, 0x1062, 0x1062, 0x1062, 0x1062, 0x1062, 0x1062,
    0x1062, 0x1062, 0x1062, 0x1062, 0x1062, 0x1062, 0x1062, 0x1062, 0x1062, 0x1062, 0x1062, 0x1062,
    0x1062, 0x1062, 0x1062, 0x1062, 0x1062, 0x0022, 0xBA84, 0x6963, 0x0022, 0x1062, 0x1062, 0x1062,
    0x1062, 0x0022, 0x89E3, 0x5943, 0x0022, 0x1062, 0x1062, 0x1062, 0x1862, 0x0842, 0x7183, 0x40E2,
    0x2082, 0xF3C7, 0xFBE7, 0xFC27, 0xBAE5, 0x0822, 0x7183, 0x4902, 0x1042, 0x1882, 0x1862, 0x1862,
    0x1862, 0x0842, 0x5923, 0x81C3, 0x0822, 0x1062, 0x1062, 0x1062, 0x1062, 0x1062, 0x1042, 0xC2A4,
    0x4903, 0x0022, 0x1062, 0x1062, 0x1062, 0x1062, 0x1062, 0x1062, 0x1062, 0x1062, 0x1062, 0x1062,
    0x1062, 0x1062, 0x1042, 0x1042, 0xCAA4, 0x40E3, 0x0822, 0x1062, 0x1062, 0x1062, 0x1062, 0x0822,
    0x5123, 0x89E3, 0x0842, 0x1862, 0x1862, 0x1862, 0x1862, 0x1862, 0x28A2, 0x81C3, 0x1862, 0x69A4,
    0xFC27, 0xF3C7, 0xFC27, 0x69A4, 0x1042, 0x81C3, 0x2082, 0x1062, 0x1062, 0x1062, 0x1062, 0x0842,
    0x2082, 0xA224, 0x1882, 0x1042, 0x1062, 0x1062, 0x1062, 0x0842, 0x2083, 0xDAE5, 0x28A3, 0x0842,
    0x1062, 0x1062, 0x1062, 0x1062, 0x1062, 0x1062, 0x1062, 0x1062, 0x1062, 0x1062, 0x1062, 0x1062,
    0x1062, 0x1062, 0x1062, 0x1062, 0x1062, 0x1062, 0x1062, 0x1062, 0x1062, 0x1062, 0x1062, 0x1062,
    0x1062, 0x1062, 0x1062, 0x1062, 0x1062, 0x1062, 0x1062, 0x1062, 0x1062, 0x1062, 0x1062, 0x1062,
    0x1062, 0x1062, 0x1062, 0x1062, 0x1062, 0x1062, 0x1062, 0x1062, 0x1062, 0x1062, 0x1062, 0x1062,
    0x1062, 0x1062, 0x1062, 0x1062, 0x1062, 0x1062, 0x1062, 0x1062, 0x1062, 0x0022, 0xBA84, 0x6983,
    0x0022, 0x1062, 0x1062, 0x1062, 0x1062, 0x0022, 0x91E3, 0x5123, 0x0022, 0x1062, 0x1062, 0x1062,
    0x1862, 0x0842, 0x6142, 0x5922, 0x0842, 0xCB26, 0xFC07, 0xFBE7, 0xEBA6, 0x1882, 0x4902, 0x6963,
    0x1042, 0x1882, 0x1862, 0x1862, 0x1862, 0x1042, 0x30C2, 0xA223, 0x1882, 0x1042, 0x1062, 0x1062,
    0x1062, 0x1062, 0x0822, 0x4103, 0xD2C4, 0x1882, 0x0022, 0x1062, 0x1062, 0x1062, 0x1062, 0x1062,
    0x1062, 0x1062, 0x1062, 0x1062, 0x1062, 0x1062, 0x0002, 0xA224, 0x89E4, 0x0022, 0x1062, 0x1062,
    0x1062, 0x1062, 0x1062, 0x0822, 0x81C3, 0x6163, 0x0842, 0x1862, 0x1862, 0x1862, 0x1862, 0x1042,
    0x40E2, 0x79A3, 0x0022, 0xAAA5, 0xFC27, 0xFBE7, 0xFBE7, 0x38E3, 0x2882, 0x79A3, 0x1862, 0x1062,
    0x1062, 0x1062, 0x1062, 0x1042, 0x1882, 0xAA44, 0x2082, 0x0842, 0x1062, 0x1062, 0x1062, 0x0842,
    0x2083, 0xDAE5, 0x2083, 0x0842, 0x1062, 0x1062, 0x1062, 0x1062, 0x1062, 0x1062, 0x1062, 0x1062,
    0x1062, 0x1062, 0x1062, 0x1062, 0x1062, 0x1062, 0x1062, 0x1062, 0x1062, 0x1062, 0x1062, 0x1062,
    0x1062, 0x1062, 0x1062, 0x1062, 0x1062, 0x1062, 0x1062, 0x1062, 0x1062, 0x1062, 0x1062, 0x1062,
    0x1062, 0x1062, 0x1062, 0x1062, 0x1062, 0x1062, 0x1062, 0x1062, 0x1062, 0x1062, 0x1062, 0x1062,
    0x1062, 0x1062, 0x1062, 0x1062, 0x1062, 0x1062, 0x1062, 0x1062, 0x1062, 0x1062, 0x1062, 0x1062,
    0x1062, 0x0022, 0xB264, 0x7183, 0x0022, 0x1062, 0x1062, 0x1062, 0x1062, 0x0022, 0x6963, 0x79A3,
    0x0022, 0x1062, 0x1062, 0x1062, 0x1862, 0x0842, 0x4902, 0x7183, 0x0002, 0xAAA5, 0xFC27, 0xFBE7,
    0xFBE7, 0x38E3, 0x28A2, 0x81A3, 0x1882, 0x1862, 0x1862, 0x1862, 0x1862, 0x1862, 0x0842, 0x91E3,
    0x4923, 0x0822, 0x1062, 0x1062, 0x1062, 0x1062, 0x1062, 0x0022, 0x6163, 0xAA44, 0x1882, 0x0022,
    0x1062, 0x1062, 0x1062, 0x1062, 0x1062, 0x1062, 0x1062, 0x1062, 0x0842, 0x0022, 0x81C4, 0x9A24,
    0x0842, 0x1062, 0x1062, 0x1062, 0x1062, 0x1062, 0x1042, 0x1882, 0xA223, 0x28A2, 0x1042, 0x1862,
    0x1862, 0x1862, 0x1882, 0x1042, 0x6162, 0x5942, 0x0842, 0xCB26, 0xFC07, 0xFBE7, 0xEBA6, 0x1862,
    0x4102, 0x7183, 0x0842, 0x1862, 0x1062, 0x1062, 0x1062, 0x0842, 0x40E3, 0x9A03, 0x0842, 0x1062,
    0x1062, 0x1062, 0x1062, 0x0842, 0x28A3, 0xDAE5, 0x2083, 0x0842, 0x1062, 0x1062, 0x1062, 0x1062,
    0x1062, 0x1062, 0x1062, 0x1062, 0x1062, 0x1062, 0x1062, 0x1062, 0x1062, 0x1062, 0x1062, 0x1062,
    0x1062, 0x1062, 0x1062, 0x1062, 0x1062, 0x1062, 0x1062, 0x1062, 0x1062, 0x1062, 0x1062, 0x1062,
    0x1062, 0x1062, 0x1062, 0x1062, 0x1062, 0x1062, 0x1062, 0x1062, 0x1062, 0x1062, 0x1062, 0x1062,
    0x1062, 0x1062, 0x1062, 0x1062, 0x1062, 0x1062, 0x1062, 0x1062, 0x1062, 0x1062, 0x1062, 0x1062,
    0x1062, 0x1062, 0x1062, 0x1062, 0x1062, 0x0022, 0x7184, 0xB264, 0x0022, 0x1062, 0x1062, 0x1062,
    0x1062, 0x0022, 0x5123, 0x91E3, 0x0042, 0x1062, 0x1062, 0x1062, 0x1062, 0x1042, 0x30A2, 0x79A3,
    0x0842, 0x71C4, 0xFC27, 0xF3C7, 0xFC27, 0x8204, 0x0842, 0x89C3, 0x38E2, 0x1062, 0x1862, 0x1862,
    0x1862, 0x1862, 0x0842, 0x4103, 0x89E3, 0x0842, 0x1062, 0x1062, 0x1062, 0x1062, 0x1062, 0x1062,
    0x0022, 0x6163, 0xD2C4, 0x4923, 0x0042, 0x0022, 0x0842, 0x0842, 0x0842, 0x0842, 0x0022, 0x0022,
    0x28A3, 0xB264, 0xAA44, 0x0022, 0x1042, 0x1062, 0x1062, 0x1062, 0x1062, 0x1062, 0x0022, 0x5943,
    0x79A3, 0x0842, 0x1862, 0x1862, 0x1862, 0x1862, 0x1862, 0x1862, 0x81C3, 0x30C2, 0x38E3, 0xFBE7,
    0xFBE7, 0xFC27, 0xBAE5, 0x0022, 0x6142, 0x5922, 0x0842, 0x1862, 0x1062, 0x1062, 0x1062, 0x0022,
    0x5943, 0x89C3, 0x0022, 0x1062, 0x1062, 0x1062, 0x1062, 0x0022, 0x6963, 0xBA84, 0x0022, 0x1062,
    0x1062, 0x1062, 0x1062, 0x1062, 0x1062, 0x1062, 0x1062, 0x1062, 0x1062, 0x1062, 0x1062, 0x1062,
    0x1062, 0x1062, 0x1062, 0x1062, 0x1062, 0x1062, 0x1062, 0x1062, 0x1062, 0x1062, 0x1062, 0x1062,
    0x1062, 0x1062, 0x1062, 0x1062, 0x1062, 0x1062, 0x1062, 0x1062, 0x1062, 0x1062, 0x1062, 0x1062,
    0x1062, 0x1062, 0x1062, 0x1062, 0x1062, 0x1062, 0x1062, 0x1062, 0x1062, 0x1062, 0x1062, 0x1062,
    0x1062, 0x1062, 0x1062, 0x1062, 0x1062, 0x1062, 0x1062, 0x1062, 0x1062, 0x0022, 0x6963, 0xBA84,
    0x0022, 0x1062, 0x1062, 0x1062, 0x1062, 0x0842, 0x20A2, 0xA223, 0x1862, 0x1042, 0x1062, 0x1062,
    0x1062, 0x1062, 0x1862, 0x81A3, 0x2882, 0x38E3, 0xFBE7, 0xFBE7, 0xFC27, 0xBAE5, 0x0022, 0x6962,
    0x6162, 0x1042, 0x1882, 0x1862, 0x1862, 0x1862, 0x1862, 0x0842, 0x91E3, 0x5123, 0x0822, 0x1062,
    0x1062, 0x1062, 0x1062, 0x1062, 0x1062, 0x0022, 0x4903, 0xCAA4, 0xB244, 0x6963, 0x38C3, 0x2082,
    0x2082, 0x28A2, 0x5943, 0x9204, 0xD2C4, 0x79A3, 0x0842, 0x1042, 0x1062, 0x1062, 0x1062, 0x1062,
    0x1062, 0x1042, 0x2082, 0xA223, 0x28A2, 0x1042, 0x1862, 0x1862, 0x1862, 0x1882, 0x1062, 0x38C2,
    0x89C3, 0x0842, 0x69A4, 0xFC27, 0xF3C7, 0xFC27, 0x8204, 0x0022, 0x79A3, 0x38C2, 0x1042, 0x1862,
    0x1062, 0x1062, 0x1062, 0x0022, 0x89C3, 0x5943, 0x0022, 0x1062, 0x1062, 0x1062, 0x1062, 0x0022,
    0x71A4, 0xB264, 0x0022, 0x1062, 0x1062, 0x1062, 0x1062, 0x1062, 0x1062, 0x1062, 0x1062, 0x1062,
    0x1062, 0x1062, 0x1062, 0x1062, 0x1062, 0x1062, 0x1062, 0x1062, 0x1062, 0x1062, 0x1062, 0x1062,
    0x1062, 0x1062, 0x1062, 0x1062, 0x1062, 0x1062, 0x1062, 0x1062, 0x1062, 0x1062, 0x1062, 0x1062,
    0x1062, 0x1062, 0x1062, 0x1062, 0x1062, 0x1062, 0x1062, 0x1062, 0x1062, 0x1062, 0x1062, 0x1062,
    0x1062, 0x1062, 0x1062, 0x1062, 0x1062, 0x1062, 0x1062, 0x1062, 0x1062, 0x1062, 0x1062, 0x1062,
    0x1062, 0x0842, 0x28A3, 0xDAE5, 0x1882, 0x1042, 0x1062, 0x1062, 0x1062, 0x1062, 0x1862, 0xA223,
    0x30C2, 0x0842, 0x1062, 0x1062, 0x1062, 0x1862, 0x0842, 0x6142, 0x5922, 0x0822, 0xCB26, 0xFC07,
    0xFBE7, 0xF3C7, 0x38E3, 0x28A2, 0x81C3, 0x2082, 0x1862, 0x1862, 0x1862, 0x1862, 0x1862, 0x0842,
    0x38E2, 0xAA43, 0x1882, 0x1042, 0x1062, 0x1062, 0x1062, 0x1062, 0x1062, 0x1062, 0x0822, 0x1042,
    0x5123, 0xA244, 0xBA84, 0xCAA4, 0xCAA4, 0xC2A4, 0xB244, 0x79A3, 0x2082, 0x0022, 0x1062, 0x1062,
    0x1062, 0x1062, 0x1062, 0x1062, 0x1062, 0x0022, 0x89C3, 0x71A3, 0x0842, 0x1862, 0x1862, 0x1862,
    0x1862, 0x1882, 0x1042, 0x6962, 0x5942, 0x0842, 0xC306, 0xFC07, 0xFBE7, 0xFBE7, 0x38E3, 0x2882,
    0x79A3, 0x1862, 0x1062, 0x1062, 0x1062, 0x1062, 0x1062, 0x0842, 0x9A03, 0x4103, 0x0842, 0x1062,
    0x1062, 0x1062, 0x1862, 0x0022, 0xB264, 0x79A4, 0x0022, 0x1062, 0x1062, 0x1062, 0x1062, 0x1062,
    0x1062, 0x1062, 0x1062, 0x1062, 0x1062, 0x1062, 0x1062, 0x1062, 0x1062, 0x1062, 0x1062, 0x1062,
    0x1062, 0x1062, 0x1062, 0x1062, 0x1062, 0x1062, 0x1062, 0x1062, 0x1062, 0x1062, 0x1062, 0x1062,
    0x1062, 0x1062, 0x1062, 0x1062, 0x1062, 0x1062, 0x1062, 0x1062, 0x1062, 0x1062, 0x1062, 0x1062,
    0x1062, 0x1062, 0x1062, 0x1062, 0x1062, 0x1062, 0x1062, 0x1062, 0x1062, 0x1062, 0x1062, 0x1062,
    0x1062, 0x1062, 0x1062, 0x1062, 0x1062, 0x1042, 0x1062, 0xDAE5, 0x5123, 0x0022, 0x1062, 0x1062,
    0x1062, 0x1062, 0x0022, 0x89E3, 0x5943, 0x0842, 0x1062, 0x1062, 0x1062, 0x1862, 0x1042, 0x40E2,
    0x81A3, 0x0022, 0x8204, 0xFC27, 0xF3C7, 0xFC27, 0x8204, 0x0822, 0x81A3, 0x5122, 0x1042, 0x1882,
    0x1862, 0x1862, 0x1862, 0x1862, 0x0822, 0x6163, 0x89E3, 0x0842, 0x1062, 0x1062, 0x1062, 0x1062,
    0x1062, 0x1062, 0x1062, 0x1062, 0x0822, 0x0022, 0x1862, 0x2082, 0x2082, 0x2082, 0x0022, 0x0022,
    0x1042, 0x1062, 0x1062, 0x1062, 0x1062, 0x1062, 0x1062, 0x1862, 0x0822, 0x5943, 0x9203, 0x0842,
    0x1862, 0x1862, 0x1862, 0x1862, 0x1862, 0x1862, 0x28A2, 0x89E3, 0x2082, 0x38E3, 0xFBE7, 0xFBE7,
    0xFC07, 0xCB26, 0x0822, 0x5922, 0x6963, 0x0842, 0x1862, 0x1062, 0x1062, 0x1062, 0x1062, 0x20A2,
    0xAA44, 0x1882, 0x1042, 0x1062, 0x1062, 0x1062, 0x1042, 0x1062, 0xDAE5, 0x5123, 0x0022, 0x1062,
    0x1062, 0x1062, 0x1062, 0x1062, 0x1062, 0x1062, 0x1062, 0x1062, 0x1062, 0x1062, 0x1062, 0x1062,
    0x1062, 0x1062, 0x1062, 0x1062, 0x1062, 0x1062, 0x1062, 0x1062, 0x1062, 0x1062, 0x1062, 0x1062,
    0x1062, 0x1062, 0x1062, 0x1062, 0x1062, 0x1062, 0x1062, 0x1062, 0x1062, 0x1062, 0x1062, 0x1062,
    0x1062, 0x1062, 0x1062, 0x1062, 0x1062, 0x1062, 0x1062, 0x1062, 0x1062, 0x1062, 0x1062, 0x1062,
    0x1062, 0x1062, 0x1062, 0x1062, 0x1062, 0x1062, 0x1062, 0x1062, 0x1062, 0x1062, 0x0022, 0xB264,
    0x71A4, 0x0022, 0x1062, 0x1062, 0x1062, 0x1062, 0x0842, 0x5123, 0x81C3, 0x0002, 0x1062, 0x1062,
    0x1062, 0x1062, 0x1062, 0x1862, 0x81A3, 0x2882, 0x30C3, 0xF3C7, 0xFBE7, 0xFC07, 0xE386, 0x1862,
    0x38E2, 0x89C3, 0x2062, 0x1862, 0x1862, 0x1862, 0x1862, 0x1862, 0x1862, 0x0842, 0x81C3, 0x79A3,
    0x0022, 0x1062, 0x1062, 0x1062, 0x1062, 0x1062, 0x1062, 0x1062, 0x1062, 0x1862, 0x1042, 0x0842,
    0x1042, 0x1042, 0x1062, 0x1062, 0x1062, 0x1062, 0x1062, 0x1062, 0x1062, 0x1062, 0x1862, 0x0022,
    0x40E2, 0xAA43, 0x2082, 0x1042, 0x1862, 0x1862, 0x1862, 0x1862, 0x1882, 0x1042, 0x6962, 0x6983,
    0x0022, 0xA285, 0xFC27, 0xFBC7, 0xFC27, 0x79E4, 0x0822, 0x79A3, 0x40E2, 0x1042, 0x1862, 0x1062,
    0x1062, 0x1062, 0x0002, 0x4902, 0x89E3, 0x0842, 0x1062, 0x1062, 0x1062, 0x1062, 0x0842, 0x28A3,
    0xDAE5, 0x1882, 0x1042, 0x1062, 0x1062, 0x1062, 0x1062, 0x1062, 0x1062, 0x1062, 0x1062, 0x1062,
    0x1062, 0x1062, 0x1062, 0x1062, 0x1062, 0x1062, 0x1062, 0x1062, 0x1062, 0x1062, 0x1062, 0x1062,
    0x1062, 0x1062, 0x1062, 0x1062, 0x1062, 0x1062, 0x1062, 0x1062, 0x1062, 0x1062, 0x1062, 0x1062,
    0x1062, 0x1062, 0x1062, 0x1062, 0x1062, 0x1062, 0x1062, 0x1062, 0x1062, 0x1062, 0x1062, 0x1062,
    0x1062, 0x1062, 0x1062, 0x1062, 0x1062, 0x1062, 0x1062, 0x1062, 0x1062, 0x1062, 0x1062, 0x1062,
    0x1062, 0x1062, 0x0022, 0x71A4, 0xBA84, 0x0022, 0x1062, 0x1062, 0x1062, 0x1062, 0x0842, 0x38E3,
    0xC2E5, 0x6184, 0x1062, 0x1042, 0x1062, 0x1062, 0x1862, 0x0842, 0x6142, 0x6963, 0x0002, 0xBAC5,
    0xFC27, 0xFBC7, 0xFC27, 0x79E4, 0x0822, 0x81A3, 0x5122, 0x1042, 0x2082, 0x1862, 0x1862, 0x1862,
    0x1862, 0x1062, 0x0842, 0x79A3, 0x79A3, 0x0842, 0x1042, 0x1062, 0x1062, 0x1062, 0x1062, 0x1062,
    0x1062, 0x1062, 0x1062, 0x1062, 0x1062, 0x1062, 0x1062, 0x1062, 0x1062, 0x1062, 0x1062, 0x1062,
    0x1062, 0x1062, 0x0022, 0x4903, 0x9203, 0x28A2, 0x0842, 0x1862, 0x1862, 0x1862, 0x1862, 0x1882,
    0x1862, 0x28A2, 0x91E3, 0x2882, 0x30E3, 0xF3E7, 0xFBE7, 0xFBE7, 0xF3C7, 0x2082, 0x30C2, 0x81C3,
    0x1862, 0x1062, 0x1062, 0x1062, 0x1042, 0x1862, 0x5164, 0xB2A5, 0x5963, 0x0022, 0x1062, 0x1062,
    0x1062, 0x1062, 0x0022, 0x6983, 0xC284, 0x0022, 0x1062, 0x1062, 0x1062, 0x1062, 0x1062, 0x1062,
    0x1062, 0x1062, 0x1062, 0x1062, 0x1062, 0x1062, 0x1062, 0x1062, 0x1062, 0x1062, 0x1062, 0x1062,
    0x1062, 0x1062, 0x1062, 0x1062, 0x1062, 0x1062, 0x1062, 0x1062, 0x1062, 0x1062, 0x1062, 0x1062,
    0x1062, 0x1062, 0x1062, 0x1062, 0x1062, 0x1062, 0x1062, 0x1062, 0x1062, 0x1062, 0x1062, 0x1062,
    0x1062, 0x1062, 0x1062, 0x1062, 0x1062, 0x1062, 0x1062, 0x1062, 0x1062, 0x1062, 0x1062, 0x1062,
    0x1062, 0x1062, 0x1062, 0x1062, 0x1062, 0x1062, 0x0842, 0x38E3, 0xE305, 0x1882, 0x1042, 0x1062,
    0x1062, 0x1062, 0x0002, 0x61A4, 0xFCA8, 0xFC07, 0x20A2, 0x1042, 0x1062, 0x1062, 0x1862, 0x1042,
    0x28A2, 0x81A3, 0x1042, 0x5963, 0xFC07, 0xFBE7, 0xFC07, 0xE386, 0x1862, 0x30A2, 0x81C3, 0x2082,
    0x1862, 0x1882, 0x1862, 0x1862, 0x1862, 0x1862, 0x1062, 0x0842, 0x81C3, 0x89E3, 0x1882, 0x0822,
    0x1062, 0x1062, 0x1062, 0x1062, 0x1062, 0x1062, 0x1062, 0x1062, 0x1062, 0x1062, 0x1062, 0x1062,
    0x1062, 0x1062, 0x1062, 0x1062, 0x0842, 0x0842, 0x6163, 0xA223, 0x28A2, 0x0842, 0x1862, 0x1862,
    0x1862, 0x1862, 0x1862, 0x1882, 0x1042, 0x7182, 0x5942, 0x0002, 0xA285, 0xFC27, 0xFBC7, 0xFC27,
    0xA285, 0x0022, 0x6962, 0x5122, 0x0842, 0x1862, 0x1062, 0x1062, 0x1042, 0x20A2, 0xFC27, 0xFCA8,
    0x61A4, 0x0022, 0x1062, 0x1062, 0x1062, 0x1062, 0x0022, 0xB264, 0x89E4, 0x0022, 0x1062, 0x1062,
    0x1062, 0x1062, 0x1062, 0x1062, 0x1062, 0x1062, 0x1062, 0x1062, 0x1062, 0x1062, 0x1062, 0x1062,
    0x1062, 0x1062, 0x1062, 0x1062, 0x1062, 0x1062, 0x1062, 0x1062, 0x1062, 0x1062, 0x1062, 0x1062,
    0x1062, 0x1062, 0x1062, 0x1062, 0x1062, 0x1062, 0x1062, 0x1062, 0x1062, 0x1062, 0x1062, 0x1062,
    0x1062, 0x1062, 0x1062, 0x1062, 0x1062, 0x1062, 0x1062, 0x1062, 0x1062, 0x1062, 0x1062, 0x1062,
    0x1062, 0x1062, 0x1062, 0x1062, 0x1062, 0x1062, 0x1062, 0x1062, 0x1062, 0x1062, 0x1062, 0x0842,
    0xCAA4, 0x5123, 0x0022, 0x1062, 0x1062, 0x1062, 0x0022, 0x5984, 0xF427, 0xE3A7, 0x1883, 0x1042,
    0x1062, 0x1062, 0x1062, 0x1862, 0x0842, 0x7183, 0x5122, 0x0022, 0xCB06, 0xFC27, 0xFBC7, 0xFC27,
    0x8204, 0x0002, 0x5942, 0x7182, 0x1862, 0x1882, 0x1862, 0x1862, 0x1862, 0x1862, 0x1862, 0x1062,
    0x0842, 0x6163, 0xAA43, 0x5123, 0x0842, 0x0822, 0x1042, 0x1062, 0x1062, 0x1062, 0x1062, 0x1062,
    0x1062, 0x1062, 0x1062, 0x1062, 0x1062, 0x1062, 0x0842, 0x0022, 0x30A2, 0x9A03, 0x89C3, 0x1882,
    0x1042, 0x1862, 0x1862, 0x1862, 0x1862, 0x1862, 0x2082, 0x1042, 0x5102, 0x81A3, 0x1042, 0x4103,
    0xF3E7, 0xFBE7, 0xFBE7, 0xFBE7, 0x30C2, 0x2082, 0x89C3, 0x2082, 0x1062, 0x1062, 0x1062, 0x1062,
    0x1042, 0x1882, 0xE3A7, 0xF447, 0x5984, 0x0022, 0x1062, 0x1062, 0x1062, 0x1042, 0x1062, 0xD2C5,
    0x38E3, 0x0842, 0x1062, 0x1062, 0x1062, 0x1062, 0x1062, 0x1062, 0x1062, 0x1062, 0x1062, 0x1062,
    0x1062, 0x1062, 0x1062, 0x1062, 0x1062, 0x1062, 0x1062, 0x1062, 0x1062, 0x1062, 0x1062, 0x1062,
    0x1062, 0x1062, 0x1062, 0x1062, 0x1062, 0x1062, 0x1062, 0x1062, 0x1062, 0x1062, 0x1062, 0x1062,
    0x1062, 0x1062, 0x1062, 0x1062, 0x1062, 0x1062, 0x1062, 0x1062, 0x1062, 0x1062, 0x1062, 0x1062,
    0x1062, 0x1062, 0x1062, 0x1062, 0x1062, 0x1062, 0x1062, 0x1062, 0x1062, 0x1062, 0x1062, 0x1062,
    0x1062, 0x1062, 0x1862, 0x0022, 0x89E4, 0xA224, 0x0022, 0x1862, 0x1062, 0x1062, 0x1062, 0x1862,
    0x28A2, 0xAA44, 0x30A2, 0x0842, 0x1062, 0x1062, 0x1062, 0x1862, 0x1042, 0x38C2, 0x89C3, 0x1042,
    0x38E3, 0xFBE7, 0xFBE7, 0xFBE7, 0xFBE7, 0x4103, 0x1042, 0x79A3, 0x5922, 0x1042, 0x2082, 0x1862,
    0x1862, 0x1862, 0x1862, 0x1862, 0x1862, 0x0822, 0x38E2, 0x91E3, 0x89E3, 0x5123, 0x2082, 0x0822,
    0x0822, 0x0842, 0x1042, 0x1042, 0x1042, 0x1042, 0x0842, 0x0822, 0x0822, 0x1062, 0x38E2, 0x79A3,
    0x9A03, 0x5943, 0x1042, 0x1042, 0x1862, 0x1862, 0x1862, 0x1862, 0x1862, 0x2082, 0x1062, 0x30A2,
    0x89C3, 0x30A2, 0x1042, 0xCB26, 0xFC27, 0xFBC7, 0xFC27, 0x8204, 0x0002, 0x6962, 0x6142, 0x1042,
    0x1862, 0x1062, 0x1062, 0x1062, 0x1062, 0x0842, 0x9A24, 0x5123, 0x1042, 0x1062, 0x1062, 0x1062,
    0x1062, 0x0822, 0x5123, 0xCAA5, 0x0842, 0x1062, 0x1062, 0x1062, 0x1062, 0x1062, 0x1062, 0x1062,
    0x1062, 0x1062, 0x1062, 0x1062, 0x1062, 0x1062, 0x1062, 0x1062, 0x1062, 0x1062, 0x1062, 0x1062,
    0x1062, 0x1062, 0x1062, 0x1062, 0x1062, 0x1062, 0x1062, 0x1062, 0x1062, 0x1062, 0x1062, 0x1062,
    0x1062, 0x1062, 0x1062, 0x1062, 0x1062, 0x1062, 0x1062, 0x1062, 0x1062, 0x1062, 0x1062, 0x1062,
    0x1062, 0x1062, 0x1062, 0x1062, 0x1062, 0x1062, 0x1062, 0x1062, 0x1062, 0x1062, 0x1062, 0x1062,
    0x1062, 0x1062, 0x1062, 0x1062, 0x1062, 0x1062, 0x1062, 0x0842, 0x38E3, 0xD2C5, 0x1062, 0x1042,
    0x1062, 0x1062, 0x1062, 0x1062, 0x0022, 0x81A3, 0x79A3, 0x0022, 0x1862, 0x1062, 0x1062, 0x1062,
    0x1862, 0x0842, 0x6162, 0x5942, 0x0002, 0x9A65, 0xFC27, 0xFBC7, 0xFC07, 0xDB66, 0x1862, 0x2082,
    0x89C3, 0x4902, 0x1042, 0x2082, 0x1862, 0x1862, 0x1862, 0x1862, 0x1862, 0x1862, 0x1042, 0x0842,
    0x4102, 0x91E3, 0xA223, 0x81C3, 0x5943, 0x40E2, 0x2082, 0x2082, 0x2082, 0x1882, 0x30C2, 0x5123,
    0x7183, 0xA223, 0xA223, 0x6143, 0x1862, 0x0842, 0x1862, 0x1862, 0x1862, 0x1862, 0x1862, 0x1862,
    0x2082, 0x1862, 0x2882, 0x89C3, 0x4902, 0x0001, 0xA265, 0xFC27, 0xFBC7, 0xFC07, 0xDB66, 0x1862,
    0x28A2, 0x81A3, 0x1862, 0x1062, 0x1862, 0x1062, 0x1062, 0x1062, 0x0842, 0x38E2, 0xAA44, 0x1042,
    0x1042, 0x1062, 0x1062, 0x1062, 0x1862, 0x0022, 0xA224, 0x89E4, 0x0022, 0x1862, 0x1062, 0x1062,
    0x1062, 0x1062, 0x1062, 0x1062, 0x1062, 0x1062, 0x1062, 0x1062, 0x1062, 0x1062, 0x1062, 0x1062,
    0x1062, 0x1062, 0x1062, 0x1062, 0x1062, 0x1062, 0x1062, 0x1062, 0x1062, 0x1062, 0x1062, 0x1062,
    0x1062, 0x1062, 0x1062, 0x1062, 0x1062, 0x1062, 0x1062, 0x1062, 0x1062, 0x1062, 0x1062, 0x1062,
    0x1062, 0x1062, 0x1062, 0x1062, 0x1062, 0x1062, 0x1062, 0x1062, 0x1062, 0x1062, 0x1062, 0x1062,
    0x1062, 0x1062, 0x1062, 0x1062, 0x1062, 0x1062, 0x1062, 0x1062, 0x1062, 0x1062, 0x1062, 0x1062,
    0x0842, 0xCAA5, 0x5943, 0x0022, 0x1062, 0x1062, 0x1062, 0x1062, 0x0842, 0x30A2, 0xA224, 0x1862,
    0x1062, 0x1062, 0x1062, 0x1062, 0x1862, 0x1062, 0x2882, 0x89E3, 0x2082, 0x1862, 0xDB66, 0xFC07,
    0xFBC7, 0xFC27, 0xB2C5, 0x1042, 0x28A2, 0x89C3, 0x4902, 0x1042, 0x2082, 0x1862, 0x1862, 0x1862,
    0x1862, 0x1862, 0x1862, 0x1862, 0x0842, 0x0842, 0x30A2, 0x5923, 0x81C3, 0x91E3, 0x9A03, 0x9A03,
    0x9A03, 0xA223, 0x9203, 0x89C3, 0x6963, 0x38E2, 0x1062, 0x0842, 0x1062, 0x1862, 0x1862, 0x1862,
    0x1862, 0x1862, 0x1862, 0x2082, 0x1862, 0x28A2, 0x89C3, 0x5122, 0x0822, 0x71C4, 0xFC07, 0xFBE7,
    0xFBE7, 0xFC07, 0x5143, 0x0022, 0x81A3, 0x5122, 0x0842, 0x1862, 0x1062, 0x1062, 0x1062, 0x1862,
    0x0022, 0x81C3, 0x6963, 0x0022, 0x1862, 0x1062, 0x1062, 0x1062, 0x1042, 0x1862, 0xDAE5, 0x38E3,
    0x0842, 0x1062, 0x1062, 0x1062, 0x1062, 0x1062, 0x1062, 0x1062, 0x1062, 0x1062, 0x1062, 0x1062,
    0x1062, 0x1062, 0x1062, 0x1062, 0x1062, 0x1062, 0x1062, 0x1062, 0x1062, 0x1062, 0x1062, 0x1062,
    0x1062, 0x1062, 0x1062, 0x1062, 0x1062, 0x1062, 0x1062, 0x1062, 0x1042, 0x1042, 0x1042, 0x1042,
    0x1042, 0x1042, 0x1042, 0x1042, 0x1042, 0x1042, 0x1042, 0x1042, 0x1042, 0x1042, 0x1042, 0x1042,
    0x1042, 0x1042, 0x1042, 0x1042, 0x1042, 0x1042, 0x1042, 0x1042, 0x1042, 0x1042, 0x1042, 0x1042,
    0x1042, 0x1042, 0x1042, 0x1862, 0x0002, 0x81C4, 0xBA84, 0x0002, 0x1862, 0x1042, 0x1042, 0x1042,
    0x1062, 0x0022, 0x81C3, 0x6163, 0x0022, 0x1862, 0x1042, 0x1042, 0x1062, 0x1862, 0x0842, 0x5122,
    0x7983, 0x0822, 0x38E3, 0xFBE7, 0xFBE7, 0xFBC7, 0xFC47, 0x8204, 0x0001, 0x30A2, 0x89C3, 0x4902,
    0x1042, 0x1862, 0x1862, 0x1862, 0x1862, 0x1862, 0x1862, 0x1862, 0x1862, 0x1862, 0x1042, 0x0822,
    0x0822, 0x1042, 0x2082, 0x2082, 0x2082, 0x2082, 0x1862, 0x0822, 0x0822, 0x0842, 0x1862, 0x1862,
    0x1862, 0x1862, 0x1862, 0x1862, 0x1862, 0x1862, 0x2062, 0x1042, 0x28A2, 0x89C3, 0x5122, 0x0822,
    0x40E3, 0xFBE7, 0xFC07, 0xFBC7, 0xFC47, 0x8204, 0x0002, 0x5122, 0x79A3, 0x1042, 0x1862, 0x1862,
    0x1042, 0x1042, 0x1042, 0x1042, 0x28A2, 0xA224, 0x1862, 0x1042, 0x1042, 0x1042, 0x1042, 0x1862,
    0x0002, 0x6963, 0xCAC5, 0x0822, 0x1042, 0x1042, 0x1042, 0x1042, 0x1042, 0x1042, 0x1042, 0x1042,
    0x1042, 0x1042, 0x1042, 0x1042, 0x1042, 0x1042, 0x1042, 0x1042, 0x1042, 0x1042, 0x1042, 0x1042,
    0x1042, 0x1042, 0x1042, 0x1042, 0x1042, 0x1042, 0x1042, 0x1042, 0x1042, 0x1042, 0x1042, 0x1042,
    0x1042, 0x1042, 0x1042, 0x1042, 0x1042, 0x1042, 0x1042, 0x1042, 0x1042, 0x1042, 0x1042, 0x1042,
    0x1042, 0x1042, 0x1042, 0x1042, 0x1042, 0x1042, 0x1042, 0x1042, 0x1042, 0x1042, 0x1042, 0x1042,
    0x1042, 0x1042, 0x1042, 0x1042, 0x1042, 0x1042, 0x1042, 0x1042, 0x1042, 0x1862, 0xD2C5, 0x30C3,
    0x0822, 0x1042, 0x1042, 0x1042, 0x1042, 0x0842, 0x28A2, 0xA224, 0x1042, 0x1042, 0x1042, 0x1042,
    0x1042, 0x1862, 0x1862, 0x1042, 0x7183, 0x5942, 0x0002, 0x71C4, 0xFC27, 0xFBE7, 0xFBE7, 0xFC07,
    0x71C4, 0x0001, 0x28A2, 0x89C3, 0x5922, 0x1862, 0x1862, 0x2062, 0x1862, 0x1862, 0x1862, 0x1862,
    0x1862, 0x1862, 0x1862, 0x1862, 0x1862, 0x1862, 0x1042, 0x1042, 0x1042, 0x1042, 0x1042, 0x1862,
    0x1862, 0x1862, 0x1862, 0x1862, 0x1862, 0x1862, 0x1862, 0x1862, 0x1862, 0x1862, 0x1042, 0x38C2,
    0x89C3, 0x5122, 0x0002, 0x38C2, 0xE386, 0xFC07, 0xFBC7, 0xFC27, 0xBAC5, 0x1042, 0x30A2, 0x89C3,
    0x2882, 0x1042, 0x1862, 0x1062, 0x1042, 0x1042, 0x1862, 0x0022, 0x81C3, 0x6963, 0x0022, 0x1862,
    0x1042, 0x1042, 0x1042, 0x1062, 0x0822, 0xC284, 0x5923, 0x0022, 0x1862, 0x1042, 0x1042, 0x1042,
    0x1042, 0x1042, 0x1042, 0x1042, 0x1042, 0x1042, 0x1042, 0x1042, 0x1042, 0x1042, 0x1042, 0x1042,
    0x1042, 0x1042, 0x1042, 0x1042, 0x1042, 0x1042, 0x1042, 0x1042, 0x1042, 0x1042, 0x1042, 0x1042,
    0x1042, 0x1042, 0x1042, 0x1042, 0x1042, 0x1042, 0x1042, 0x1042, 0x1042, 0x1042, 0x1042, 0x1042,
    0x1042, 0x1042, 0x1042, 0x1042, 0x1042, 0x1042, 0x1042, 0x1042, 0x1042, 0x1042, 0x1042, 0x1042,
    0x1042, 0x1042, 0x1042, 0x1042, 0x1042, 0x1042, 0x1042, 0x1042, 0x1042, 0x1042, 0x1042, 0x1042,
    0x1862, 0x0002, 0xA224, 0xAA44, 0x0002, 0x1862, 0x1042, 0x1042, 0x1042, 0x1862, 0x0022, 0x81C3,
    0x79A3, 0x0022, 0x1862, 0x1042, 0x1042, 0x1062, 0x1862, 0x1042, 0x2062, 0x89C3, 0x38C2, 0x0002,
    0xAAA5, 0xFC27, 0xFBC7, 0xFBE7, 0xFC07, 0x8204, 0x1042, 0x2082, 0x79A3, 0x7183, 0x2082, 0x1042,
    0x1862, 0x1862, 0x1862, 0x1862, 0x1862, 0x1862, 0x1862, 0x1862, 0x1862, 0x1862, 0x1862, 0x1862,
    0x1862, 0x1862, 0x1862, 0x1862, 0x1862, 0x1862, 0x1862, 0x1862, 0x1862, 0x1862, 0x1862, 0x2062,
    0x1042, 0x1862, 0x5922, 0x89C3, 0x38E2, 0x0822, 0x5143, 0xE386, 0xFC27, 0xFBC7, 0xFC07, 0xE386,
    0x28A2, 0x1042, 0x81C3, 0x40E2, 0x0842, 0x1862, 0x1062, 0x1042, 0x1042, 0x1862, 0x0822, 0x40E2,
    0xB244, 0x1862, 0x1042, 0x1042, 0x1042, 0x1042, 0x1862, 0x0022, 0x5123, 0xE305, 0x1042, 0x1042,
    0x1042, 0x1042, 0x1042, 0x1042, 0x1042, 0x1042, 0x1042, 0x1042, 0x1042, 0x1042, 0x1042, 0x1042,
    0x1042, 0x1042, 0x1042, 0x1042, 0x1042, 0x1042, 0x1042, 0x1042, 0x1042, 0x1042, 0x1042, 0x1042,
    0x1042, 0x1042, 0x1042, 0x1042, 0x1042, 0x1042, 0x1042, 0x1042, 0x1042, 0x1042, 0x1042, 0x1042,
    0x1042, 0x1042, 0x1042, 0x1042, 0x1042, 0x1042, 0x1042, 0x1042, 0x1042, 0x1042, 0x1042, 0x1042,
    0x1042, 0x1042, 0x1042, 0x1042, 0x1042, 0x1042, 0x1042, 0x1042, 0x1042, 0x1042, 0x1042, 0x1042,
    0x1042, 0x1042, 0x1042, 0x1042, 0x1042, 0x0842, 0x30A2, 0xEB25, 0x30A2, 0x0842, 0x1042, 0x1042,
    0x1042, 0x1042, 0x1042, 0x2082, 0xB244, 0x30A2, 0x0842, 0x1862, 0x1042, 0x1042, 0x1862, 0x1862,
    0x1042, 0x38C2, 0x89C3, 0x2882, 0x0822, 0xB2C5, 0xFC27, 0xFBC7, 0xFBE7, 0xFC47, 0xB2A5, 0x1862,
    0x1042, 0x5942, 0x89C3, 0x5122, 0x2062, 0x1042, 0x1862, 0x2062, 0x1862, 0x1862, 0x1862, 0x1862,
    0x1862, 0x1862, 0x1862, 0x1862, 0x1862, 0x1862, 0x1862, 0x1862, 0x1862, 0x1862, 0x1862, 0x1862,
    0x2062, 0x2062, 0x1842, 0x1842, 0x40E2, 0x79A3, 0x7983, 0x2082, 0x0821, 0x71C4, 0xFC07, 0xFC07,
    0xFBC7, 0xFC07, 0xE386, 0x30C2, 0x0822, 0x7183, 0x6142, 0x0822, 0x1862, 0x1862, 0x1842, 0x1042,
    0x1042, 0x1062, 0x0822, 0xA223, 0x5923, 0x0822, 0x1862, 0x1042, 0x1042, 0x1042, 0x1862, 0x0822,
    0xCAC5, 0x81C4, 0x0002, 0x1862, 0x1042, 0x1042, 0x1042, 0x1042, 0x1042, 0x1042, 0x1042, 0x1042,
    0x1042, 0x1042, 0x1042, 0x1042, 0x1042, 0x1042, 0x1042, 0x1042, 0x1042, 0x1042, 0x1042, 0x1042,
    0x1042, 0x1042, 0x1042, 0x1042, 0x1042, 0x1042, 0x1042, 0x1042, 0x1042, 0x1042, 0x1042, 0x1042,
    0x1042, 0x1042, 0x1042, 0x1042, 0x1042, 0x1042, 0x1042, 0x1042, 0x1042, 0x1042, 0x1042, 0x1042,
    0x1042, 0x1042, 0x1042, 0x1042, 0x1042, 0x1042, 0x1042, 0x1042, 0x1042, 0x1042, 0x1042, 0x1042,
    0x1042, 0x1042, 0x1042, 0x1042, 0x1042, 0x1042, 0x1042, 0x1042, 0x1042, 0x1862, 0x0002, 0xAA44,
    0xAA44, 0x0002, 0x1862, 0x1042, 0x1042, 0x1042, 0x1862, 0x0022, 0x5923, 0xA223, 0x0822, 0x1062,
    0x1042, 0x1042, 0x1842, 0x1862, 0x1862, 0x1042, 0x4902, 0x89C3, 0x2082, 0x0822, 0xB2C5, 0xFC27,
    0xFBE7, 0xFBE7, 0xFC27, 0xDB66, 0x40E3, 0x0001, 0x30A2, 0x81A3, 0x89C3, 0x5122, 0x2062, 0x1042,
    0x1842, 0x1862, 0x2062, 0x2062, 0x2062, 0x1862, 0x1862, 0x1862, 0x1862, 0x1862, 0x1862, 0x1862,
    0x1862, 0x2062, 0x1862, 0x1862, 0x1042, 0x1862, 0x40E2, 0x79A2, 0x89E3, 0x5102, 0x0821, 0x1862,
    0xAAA5, 0xFC27, 0xFBE7, 0xFBC7, 0xFC27, 0xE386, 0x30C2, 0x0822, 0x7183, 0x7182, 0x1042, 0x1862,
    0x1862, 0x1842, 0x1042, 0x1042, 0x1862, 0x0022, 0x6963, 0x91E3, 0x0822, 0x1862, 0x1042, 0x1042,
    0x1042, 0x1862, 0x0822, 0x5123, 0xE305, 0x1842, 0x1042, 0x1042, 0x1042, 0x1042, 0x1042, 0x1042,
    0x1042, 0x1042, 0x1042, 0x1042, 0x1042, 0x1042, 0x1042, 0x1042, 0x1042, 0x1042, 0x1042, 0x1042,
    0x1042, 0x1042, 0x1042, 0x1042, 0x1042, 0x1042, 0x1042, 0x1042, 0x1042, 0x1042, 0x1042, 0x1042,
    0x1042, 0x1042, 0x1042, 0x1042, 0x1042, 0x1042, 0x1042, 0x1042, 0x1042, 0x1042, 0x1042, 0x1042,
    0x1042, 0x1042, 0x1042, 0x1042, 0x1042, 0x1042, 0x1042, 0x1042, 0x1042, 0x1042, 0x1042, 0x1042,
    0x1042, 0x1042, 0x1042, 0x1042, 0x1042, 0x1042, 0x1042, 0x1042, 0x1042, 0x1042, 0x1042, 0x1042,
    0x1042, 0x1842, 0x0842, 0x30A2, 0xF325, 0x30A2, 0x0842, 0x1842, 0x1042, 0x1042, 0x1042, 0x1862,
    0x0822, 0x91E3, 0x6963, 0x0822, 0x1862, 0x1862, 0x1042, 0x1842, 0x1862, 0x1862, 0x0822, 0x4902,
    0x89C3, 0x2882, 0x0822, 0xAAA5, 0xFC27, 0xFBE7, 0xFBC7, 0xFC07, 0xFBE7, 0x8204, 0x1862, 0x0821,
    0x40C2, 0x81A3, 0x81C3, 0x6162, 0x38C2, 0x2062, 0x1042, 0x1042, 0x1042, 0x1862, 0x1862, 0x1862,
    0x1862, 0x1862, 0x1862, 0x1042, 0x1042, 0x1042, 0x1862, 0x30A2, 0x5922, 0x79A3, 0x89C3, 0x5922,
    0x1042, 0x1021, 0x5963, 0xDB66, 0xFC27, 0xFBE7, 0xFBE7, 0xFC27, 0xDB66, 0x30C2, 0x0822, 0x7183,
    0x7182, 0x1042, 0x1862, 0x1862, 0x1862, 0x1042, 0x1862, 0x1862, 0x1042, 0x30A2, 0xB244, 0x2082,
    0x1042, 0x1042, 0x1042, 0x1042, 0x1042, 0x1862, 0x0822, 0xD2C5, 0x81A4, 0x0002, 0x1862, 0x1042,
    0x1042, 0x1042, 0x1042, 0x1042, 0x1042, 0x1042, 0x1042, 0x1042, 0x1042, 0x1042, 0x1042, 0x1042,
    0x1042, 0x1042, 0x1042, 0x1042, 0x1042, 0x1042, 0x1042, 0x1042, 0x1042, 0x1042, 0x1042, 0x1042,
    0x1042, 0x1042, 0x1042, 0x1042, 0x1042, 0x1042, 0x1042, 0x1042, 0x1042, 0x1042, 0x1042, 0x1042,
    0x1042, 0x1042, 0x1042, 0x1042, 0x1042, 0x1042, 0x1042, 0x1042, 0x1042, 0x1042, 0x1042, 0x1042,
    0x1042, 0x1042, 0x1042, 0x1042, 0x1042, 0x1042, 0x1042, 0x1042, 0x1042, 0x1042, 0x1042, 0x1042,
    0x1042, 0x1042, 0x1042, 0x1042, 0x1042, 0x1042, 0x1862, 0x0002, 0x89C4, 0xAA44, 0x0002, 0x1862,
    0x1042, 0x1042, 0x1042, 0x1042, 0x1042, 0x2082, 0xB244, 0x38C2, 0x0001, 0x1042, 0x1862, 0x1042,
    0x1842, 0x1862, 0x1862, 0x0842, 0x4902, 0x89C3, 0x2882, 0x0001, 0x71C4, 0xF3E7, 0xFC07, 0xFBC7,
    0xFBE7, 0xFC27, 0xE386, 0x79E4, 0x1862, 0x0821, 0x28A2, 0x6962, 0x89C3, 0x81A3, 0x7162, 0x4902,
    0x4902, 0x30A2, 0x2082, 0x2882, 0x2882, 0x2882, 0x2882, 0x4902, 0x4902, 0x6142, 0x79A3, 0x89C3,
    0x79A3, 0x40E2, 0x1021, 0x0822, 0x5143, 0xC306, 0xFC07, 0xFC07, 0xFBC7, 0xFBE7, 0xFC27, 0xAAA5,
    0x1862, 0x0822, 0x7183, 0x7182, 0x1042, 0x1862, 0x1862, 0x1862, 0x1042, 0x1862, 0x1042, 0x0002,
    0x1022, 0xAA44, 0x5123, 0x0822, 0x1862, 0x1042, 0x1042, 0x1042, 0x1862, 0x0022, 0x5923, 0xCAA5,
    0x0822, 0x1042, 0x1042, 0x1042, 0x1042, 0x1042, 0x1042, 0x1042, 0x1042, 0x1042, 0x1042, 0x1042,
    0x1042, 0x1042, 0x1042, 0x1042, 0x1042, 0x1042, 0x1042, 0x1042, 0x1042, 0x1042, 0x1042, 0x1042,
    0x1042, 0x1042, 0x1042, 0x1042, 0x1042, 0x1042, 0x1042, 0x1042, 0x1042, 0x1042, 0x1042, 0x1042,
    0x1042, 0x1042, 0x1042, 0x1042, 0x1042, 0x1042, 0x1042, 0x1042, 0x1042, 0x1042, 0x1042, 0x1042,
    0x1042, 0x1042, 0x1042, 0x1042, 0x1042, 0x1042, 0x1042, 0x1042, 0x1042, 0x1042, 0x1042, 0x1042,
    0x1042, 0x1042, 0x1042, 0x1042, 0x1042, 0x1042, 0x1042, 0x1042, 0x1042, 0x1042, 0x1042, 0x1042,
    0x1042, 0xE305, 0x5123, 0x0822, 0x1862, 0x1042, 0x1042, 0x1042, 0x1862, 0x0822, 0x4103, 0xD346,
    0xAAE6, 0x4923, 0x0822, 0x1862, 0x1042, 0x1862, 0x1862, 0x1862, 0x0822, 0x4902, 0x89C3, 0x38C2,
    0x0001, 0x40E3, 0xDB66, 0xFC27, 0xFBE7, 0xFBC7, 0xFC07, 0xFC27, 0xDB86, 0x8204, 0x38C2, 0x0021,
    0x1042, 0x28A2, 0x5102, 0x7183, 0x7183, 0x81A3, 0x89C3, 0x81C3, 0x81C3, 0x81C3, 0x81C3, 0x7183,
    0x7983, 0x5922, 0x38C2, 0x1842, 0x0801, 0x2082, 0x6983, 0xC305, 0xFC27, 0xFC27, 0xFBE7, 0xFBE7,
    0xFC27, 0xF3E7, 0x71C4, 0x0001, 0x2062, 0x79A3, 0x7162, 0x1042, 0x1862, 0x1862, 0x1862, 0x1042,
    0x1862, 0x0822, 0x4923, 0xAAE6, 0xC306, 0x79A3, 0x0022, 0x1862, 0x1042, 0x1042, 0x1042, 0x1042,
    0x1042, 0x1042, 0xE305, 0x5123, 0x0022, 0x1862, 0x1042, 0x1042, 0x1042, 0x1042, 0x1042, 0x1042,
    0x1042, 0x1042, 0x1042, 0x1042, 0x1042, 0x1042, 0x1042, 0x1042, 0x1042, 0x1042, 0x1042, 0x1042,
    0x1042, 0x1042, 0x1042, 0x1042, 0x1042, 0x1042, 0x1042, 0x1042, 0x1042, 0x1042, 0x1042, 0x1042,
    0x1042, 0x1042, 0x1042, 0x1042, 0x1042, 0x1042, 0x1042, 0x1042, 0x1042, 0x1042, 0x1042, 0x1042,
    0x1042, 0x1042, 0x1042, 0x1042, 0x1042, 0x1042, 0x1042, 0x1042, 0x1042, 0x1042, 0x1042, 0x1042,
    0x1042, 0x1042, 0x1042, 0x1042, 0x1042, 0x1042, 0x1042, 0x1042, 0x1042, 0x1042, 0x1042, 0x1042,
    0x1042, 0x1042, 0x1042, 0x1862, 0x0022, 0x7183, 0xD2C5, 0x0822, 0x1042, 0x1042, 0x1042, 0x1042,
    0x1062, 0x1042, 0x2082, 0xFC28, 0xFCE9, 0x6184, 0x0002, 0x1862, 0x1042, 0x1042, 0x1862, 0x1862,
    0x1862, 0x1042, 0x38C2, 0x89C3, 0x5942, 0x0822, 0x1862, 0x9A65, 0xF3E7, 0xFC27, 0xFBE7, 0xFBC7,
    0xFC07, 0xFC27, 0xF3C7, 0xBAE5, 0x8204, 0x38E2, 0x2082, 0x0821, 0x0801, 0x1042, 0x1862, 0x1842,
    0x1842, 0x1862, 0x1842, 0x0821, 0x0801, 0x1862, 0x28A2, 0x69A3, 0xAAA5, 0xE366, 0xFC27, 0xFC07,
    0xFBE7, 0xFBC7, 0xFC07, 0xFC07, 0xC306, 0x38E3, 0x0001, 0x38C2, 0x89C3, 0x5122, 0x1042, 0x1862,
    0x1862, 0x1862, 0x1042, 0x1042, 0x1862, 0x0002, 0x61A4, 0xFCE9, 0xFC48, 0x2082, 0x1042, 0x1062,
    0x1042, 0x1042, 0x1042, 0x1862, 0x0002, 0x89C4, 0xBA84, 0x0022, 0x1862, 0x1042, 0x1042, 0x1042,
    0x1042, 0x1042, 0x1042, 0x1042, 0x1042, 0x1042, 0x1042, 0x1042, 0x1042, 0x1042, 0x1042, 0x1042,
    0x1042, 0x1042, 0x1042, 0x1042, 0x1042, 0x1042, 0x1042, 0x1042, 0x1042, 0x1042, 0x1042, 0x1042,
    0x1042, 0x1042, 0x1042, 0x1042, 0x1042, 0x1042, 0x1042, 0x1042, 0x1042, 0x1042, 0x1042, 0x1042,
    0x1042, 0x1042, 0x1042, 0x1042, 0x1042, 0x1042, 0x1042, 0x1042, 0x1042, 0x1042, 0x1042, 0x1042,
    0x1042, 0x1042, 0x1042, 0x1042, 0x1042, 0x1042, 0x1042, 0x1042, 0x1042, 0x1042, 0x1042, 0x1042,
    0x1042, 0x1042, 0x1042, 0x1042, 0x1042, 0x1042, 0x1042, 0x1042, 0x1862, 0x0002, 0xBA84, 0x89E4,
    0x0002, 0x1862, 0x1042, 0x1042, 0x1062, 0x1042, 0x2082, 0xA285, 0xC346, 0x9A24, 0x0822, 0x1062,
    0x1842, 0x1042, 0x1842, 0x1862, 0x1862, 0x1862, 0x1042, 0x2082, 0x7182, 0x7983, 0x2882, 0x0001,
    0x38E2, 0xC306, 0xFC07, 0xFC27, 0xFBE7, 0xFBC7, 0xFBE7, 0xFC27, 0xFC27, 0xFBE7, 0xEBA6, 0xBAE5,
    0xB2A5, 0x69A4, 0x6183, 0x6983, 0x6983, 0x69A3, 0x6183, 0x9A65, 0xB2C5, 0xDB66, 0xF3C7, 0xFC27,
    0xFC27, 0xFC07, 0xFBC7, 0xFBE7, 0xFC07, 0xFC27, 0xE386, 0x69A3, 0x0801, 0x1042, 0x5942, 0x89C3,
    0x38C2, 0x1042, 0x1862, 0x1862, 0x1862, 0x1842, 0x1842, 0x1042, 0x1862, 0x0001, 0x71C4, 0xDB86,
    0x9A85, 0x2082, 0x1042, 0x1062, 0x1042, 0x1042, 0x1862, 0x0822, 0x38C3, 0xEB05, 0x2082, 0x1042,
    0x1842, 0x1042, 0x1042, 0x1042, 0x1042, 0x1042, 0x1042, 0x1042, 0x1042, 0x1042, 0x1042, 0x1042,
    0x1042, 0x1042, 0x1042, 0x1042, 0x1042, 0x1042, 0x1042, 0x1042, 0x1042, 0x1042, 0x1042, 0x1042,
    0x1042, 0x1042, 0x1042, 0x1042, 0x1042, 0x1042, 0x1042, 0x1042, 0x1042, 0x1042, 0x1042, 0x1042,
    0x1042, 0x1042, 0x1042, 0x1042, 0x1042, 0x1042, 0x1042, 0x1042, 0x1042, 0x1042, 0x1042, 0x1042,
    0x1042, 0x1042, 0x1042, 0x1042, 0x1042, 0x1042, 0x1042, 0x1042, 0x1042, 0x1042, 0x1042, 0x1042,
    0x1042, 0x1042, 0x1042, 0x1042, 0x1042, 0x1042, 0x1042, 0x1042, 0x1042, 0x1042, 0x1042, 0x1042,
    0x1842, 0x1042, 0x2082, 0xE305, 0x5103, 0x0022, 0x1862, 0x1042, 0x1042, 0x1042, 0x1042, 0x0801,
    0x0801, 0x91E3, 0x91E3, 0x0822, 0x1042, 0x1842, 0x1842, 0x1842, 0x1842, 0x1862, 0x1862, 0x1042,
    0x1042, 0x5122, 0x89E3, 0x5942, 0x1041, 0x0821, 0x5963, 0xB2C5, 0xF3C7, 0xFC27, 0xFC07, 0xFBE7,
    0xFBC7, 0xFBE7, 0xFBE7, 0xFC27, 0xFC27, 0xFC27, 0xFC27, 0xFC27, 0xFC27, 0xFC27, 0xFC27, 0xFC27,
    0xFC27, 0xFC07, 0xFBE7, 0xFBC7, 0xFBC7, 0xFC07, 0xFC27, 0xFC07, 0xCB26, 0x79E4, 0x1862, 0x0821,
    0x40E2, 0x89C3, 0x7182, 0x2082, 0x1042, 0x1862, 0x1862, 0x1862, 0x1842, 0x1842, 0x1042, 0x1862,
    0x0022, 0x5923, 0xB244, 0x2062, 0x0001, 0x1042, 0x1042, 0x1042, 0x1042, 0x1842, 0x1042, 0x1042,
    0xDAE5, 0x6163, 0x0022, 0x1862, 0x1042, 0x1042, 0x1042, 0x1042, 0x1042, 0x1042, 0x1042, 0x1042,
    0x1042, 0x1042, 0x1042, 0x1042, 0x1042, 0x1042, 0x1042, 0x1042, 0x1042, 0x1042, 0x1042, 0x1042,
    0x1042, 0x1042, 0x1042, 0x1042, 0x1042, 0x1042, 0x1042, 0x1042, 0x1042, 0x1042, 0x1042, 0x1042,
    0x1042, 0x1042, 0x1042, 0x1042, 0x1042, 0x1042, 0x1042, 0x1042, 0x1042, 0x1042, 0x1042, 0x1042,
    0x1042, 0x1042, 0x1042, 0x1042, 0x1042, 0x1042, 0x1042, 0x1042, 0x1042, 0x1042, 0x1042, 0x1042,
    0x1042, 0x1042, 0x1042, 0x1042, 0x1042, 0x1042, 0x1042, 0x1042, 0x1042, 0x1042, 0x1042, 0x1042,
    0x1042, 0x1042, 0x1042, 0x1042, 0x1042, 0x1862, 0x0022, 0x5103, 0xE305, 0x2062, 0x1042, 0x1862,
    0x1042, 0x1042, 0x1042, 0x1862, 0x1062, 0x0822, 0x91E3, 0x91E3, 0x0822, 0x1042, 0x1862, 0x1042,
    0x1842, 0x1842, 0x1862, 0x1862, 0x1862, 0x1042, 0x2882, 0x6962, 0x89C3, 0x5122, 0x1041, 0x0001,
    0x30C2, 0x8204, 0xCB26, 0xFBE7, 0xFC27, 0xFC27, 0xFC07, 0xFBE7, 0xFBE7, 0xFBC7, 0xFBC7, 0xFBC7,
    0xFBC7, 0xFBC7, 0xFBC7, 0xFBE7, 0xFBE7, 0xFC07, 0xFC27, 0xFC27, 0xFC07, 0xDB66, 0x9A65, 0x4943,
    0x0821, 0x0801, 0x38C2, 0x79A3, 0x79A3, 0x38C2, 0x1042, 0x1042, 0x1862, 0x1862, 0x1842, 0x1842,
    0x1842, 0x1042, 0x1862, 0x0022, 0x5923, 0xB264, 0x2882, 0x0842, 0x1862, 0x1042, 0x1042, 0x1042,
    0x1042, 0x1862, 0x0002, 0xB264, 0xA224, 0x0002, 0x1862, 0x1042, 0x1042, 0x1042, 0x1042, 0x1042,
    0x1042, 0x1042, 0x1042, 0x1042, 0x1042, 0x1042, 0x1042, 0x1042, 0x1042, 0x1042, 0x1042, 0x1042,
    0x1042, 0x1042, 0x1042, 0x1042, 0x1042, 0x1042, 0x1042, 0x1042, 0x1042, 0x1042, 0x1042, 0x1042,
    0x1042, 0x1042, 0x1042, 0x1042, 0x1042, 0x1042, 0x1042, 0x1042, 0x1042, 0x1042, 0x1042, 0x1042,
    0x1042, 0x1042, 0x1042, 0x1042, 0x1042, 0x1042, 0x1042, 0x1042, 0x1042, 0x1042, 0x1042, 0x1042,
    0x1042, 0x1042, 0x1042, 0x1042, 0x1042, 0x1042, 0x1042, 0x1042, 0x1042, 0x1042, 0x1042, 0x1042,
    0x1042, 0x1042, 0x1042, 0x1042, 0x1042, 0x1042, 0x1042, 0x1042, 0x1042, 0x1042, 0x1862, 0x0002,
    0x89E4, 0xC2A4, 0x0822, 0x1862, 0x1842, 0x1042, 0x1042, 0x1042, 0x1842, 0x1042, 0x0822, 0x91E3,
    0x91E3, 0x0822, 0x1042, 0x1862, 0x1042, 0x1842, 0x1842, 0x1862, 0x1862, 0x1862, 0x1042, 0x1042,
    0x38C2, 0x7182, 0x81A3, 0x6962, 0x2882, 0x0801, 0x0821, 0x38E2, 0x69C4, 0xAAA5, 0xCB26, 0xF3C7,
    0xF3C7, 0xFC27, 0xFC27, 0xFC27, 0xFC27, 0xFC27, 0xFC27, 0xFBE7, 0xF3C7, 0xDB66, 0xB2C5, 0x8204,
    0x4923, 0x1842, 0x0001, 0x1841, 0x5122, 0x79A3, 0x79A3, 0x5122, 0x1042, 0x1042, 0x1862, 0x1862,
    0x1862, 0x1842, 0x1842, 0x1042, 0x1862, 0x1862, 0x0002, 0x5923, 0xB264, 0x2882, 0x0822, 0x1862,
    0x1042, 0x1042, 0x1042, 0x1042, 0x1862, 0x0002, 0x79A3, 0xD2C5, 0x0822, 0x1842, 0x1042, 0x1042,
    0x1042, 0x1042, 0x1042, 0x1042, 0x1042, 0x1042, 0x1042, 0x1042, 0x1042, 0x1042, 0x1042, 0x1042,
    0x1042, 0x1042, 0x1042, 0x1042, 0x1042, 0x1042, 0x1042, 0x1042, 0x1042, 0x1042, 0x1042, 0x1042,
    0x1042, 0x1042, 0x1042, 0x1042, 0x1042, 0x1042, 0x1042, 0x1042, 0x1042, 0x1042, 0x1042, 0x1042,
    0x1042, 0x1042, 0x1042, 0x1042, 0x1042, 0x1042, 0x1042, 0x1042, 0x1042, 0x1042, 0x1042, 0x1042,
    0x1042, 0x1042, 0x1042, 0x1042, 0x1042, 0x1042, 0x1042, 0x1042, 0x1042, 0x1042, 0x1042, 0x1042,
    0x1042, 0x1042, 0x1042, 0x1042, 0x1042, 0x1042, 0x1042, 0x1042, 0x1042, 0x1042, 0x1042, 0x1042,
    0x1042, 0x1042, 0x1042, 0x1842, 0x0822, 0xBA84, 0xA224, 0x0002, 0x1862, 0x1042, 0x1042, 0x1042,
    0x1042, 0x1842, 0x1042, 0x0822, 0x91E3, 0x9A03, 0x1862, 0x0822, 0x1862, 0x1842, 0x1842, 0x1842,
    0x1842, 0x1862, 0x1862, 0x1862, 0x1042, 0x1042, 0x28A2, 0x6142, 0x81A3, 0x81A3, 0x5922, 0x2882,
    0x1021, 0x0001, 0x1041, 0x2082, 0x2882, 0x6183, 0x6183, 0x6183, 0x6183, 0x6183, 0x69A3, 0x38E2,
    0x1882, 0x1862, 0x0001, 0x0821, 0x1862, 0x48E2, 0x7182, 0x81C3, 0x7182, 0x40E2, 0x1042, 0x1042,
    0x1862, 0x1862, 0x1862, 0x1862, 0x1842, 0x1842, 0x1042, 0x1862, 0x1042, 0x0822, 0x6963, 0xB264,
    0x2882, 0x0822, 0x1862, 0x1042, 0x1042, 0x1042, 0x1042, 0x1862, 0x0002, 0x4903, 0xEB25, 0x28A2,
    0x0822, 0x1862, 0x1042, 0x1042, 0x1042, 0x1042, 0x1042, 0x1042, 0x1042, 0x1042, 0x1042, 0x1042,
    0x1042, 0x1042, 0x1042, 0x1042, 0x1042, 0x1042, 0x1042, 0x1042, 0x1042, 0x1042, 0x1042, 0x1042,
    0x1042, 0x1042, 0x1042, 0x1042, 0x1042, 0x1042, 0x1042, 0x1042, 0x1042, 0x1042, 0x1042, 0x1042,
    0x1042, 0x1042, 0x1042, 0x1042, 0x1042, 0x1042, 0x1042, 0x1042, 0x1042, 0x1042, 0x1042, 0x1042,
    0x1042, 0x1042, 0x1042, 0x1042, 0x1042, 0x1042, 0x1042, 0x1042, 0x1042, 0x1042, 0x1042, 0x1042,
    0x1042, 0x1042, 0x1042, 0x1042, 0x1042, 0x1042, 0x1042, 0x1042, 0x1042, 0x1042, 0x1042, 0x1042,
    0x1042, 0x1042, 0x1042, 0x1042, 0x1042, 0x1042, 0x1042, 0x1842, 0x1042, 0x1042, 0xE2E5, 0x7183,
    0x0002, 0x1862, 0x1042, 0x1042, 0x1042, 0x1042, 0x1842, 0x1042, 0x0842, 0x6963, 0xB244, 0x40E2,
    0x0022, 0x1842, 0x1862, 0x1862, 0x1862, 0x1842, 0x1862, 0x1862, 0x1862, 0x1862, 0x1042, 0x0842,
    0x2062, 0x40E2, 0x6142, 0x81A3, 0x81A3, 0x7183, 0x5922, 0x40E2, 0x40E2, 0x1841, 0x1841, 0x1841,
    0x1841, 0x1841, 0x1041, 0x30A2, 0x48E2, 0x4902, 0x7182, 0x79A3, 0x81C3, 0x7162, 0x4902, 0x28A2,
    0x1042, 0x1042, 0x1862, 0x1862, 0x1862, 0x1862, 0x1842, 0x1862, 0x1862, 0x1862, 0x1862, 0x0822,
    0x2062, 0x9203, 0x9A03, 0x2062, 0x0842, 0x1862, 0x1042, 0x1042, 0x1042, 0x1042, 0x1862, 0x0822,
    0x28A2, 0xEB25, 0x5103, 0x0002, 0x1862, 0x1042, 0x1042, 0x1042, 0x1042, 0x1042, 0x1042, 0x1042,
    0x1042, 0x1042, 0x1042, 0x1042, 0x1042, 0x1042, 0x1042, 0x1042, 0x1042, 0x1042, 0x1042, 0x1042,
    0x1042, 0x1042, 0x1042, 0x1042, 0x1042, 0x1042, 0x1042, 0x1042, 0x1042, 0x1042, 0x1042, 0x1042,
    0x1042, 0x1042, 0x1042, 0x1042, 0x1042, 0x1042, 0x1042, 0x1042, 0x1842, 0x1842, 0x1842, 0x1842,
    0x1842, 0x1842, 0x1842, 0x1842, 0x1842, 0x1842, 0x1842, 0x1842, 0x1842, 0x1842, 0x1842, 0x1842,
    0x1842, 0x1842, 0x1842, 0x1842, 0x1842, 0x1842, 0x1842, 0x1842, 0x1842, 0x1842, 0x1842, 0x1842,
    0x1842, 0x1842, 0x1842, 0x1842, 0x1842, 0x1842, 0x1842, 0x1842, 0x1842, 0x1842, 0x1842, 0x1042,
    0x1862, 0x1042, 0x30A2, 0xEB25, 0x7183, 0x0002, 0x1862, 0x1842, 0x1842, 0x1842, 0x1042, 0x1842,
    0x1842, 0x0022, 0x40E2, 0xB264, 0x6963, 0x1042, 0x0801, 0x0801, 0x1042, 0x1862, 0x1842, 0x1842,
    0x1862, 0x1862, 0x1862, 0x1862, 0x1842, 0x1042, 0x1042, 0x1862, 0x30A2, 0x4902, 0x6142, 0x7182,
    0x79A3, 0x89C3, 0x81C3, 0x81C3, 0x81C3, 0x81C3, 0x81C3, 0x81A3, 0x7182, 0x7162, 0x4902, 0x38C2,
    0x2062, 0x1042, 0x1042, 0x1042, 0x1862, 0x1862, 0x1862, 0x1862, 0x1842, 0x1842, 0x1862, 0x1042,
    0x0801, 0x0821, 0x0822, 0x40E2, 0xB244, 0x6963, 0x0822, 0x1042, 0x1862, 0x1042, 0x1842, 0x1842,
    0x1042, 0x1862, 0x0822, 0x28A2, 0xEB25, 0x7183, 0x0822, 0x1862, 0x1042, 0x1842, 0x1842, 0x1842,
    0x1842, 0x1842, 0x1842, 0x1842, 0x1842, 0x1842, 0x1842, 0x1842, 0x1842, 0x1842, 0x1842, 0x1842,
    0x1842, 0x1842, 0x1842, 0x1842, 0x1842, 0x1842, 0x1842, 0x1842, 0x1842, 0x1842, 0x1842, 0x1842,
    0x1842, 0x1842, 0x1842, 0x1842, 0x1842, 0x1842, 0x1842, 0x1842, 0x1842, 0x1842, 0x1842, 0x1842,
    0x1842, 0x1842, 0x1842, 0x1842, 0x1842, 0x1842, 0x1842, 0x1842, 0x1842, 0x1842, 0x1842, 0x1842,
    0x1842, 0x1842, 0x1842, 0x1842, 0x1842, 0x1842, 0x1842, 0x1842, 0x1842, 0x1842, 0x1842, 0x1842,
    0x1842, 0x1842, 0x1842, 0x1842, 0x1842, 0x1842, 0x1842, 0x1842, 0x1842, 0x1842, 0x1842, 0x1842,
    0x1842, 0x1842, 0x1842, 0x1842, 0x1842, 0x1862, 0x0822, 0x28A2, 0xEB25, 0x7183, 0x0001, 0x1862,
    0x1842, 0x1842, 0x1842, 0x1842, 0x1842, 0x1862, 0x0822, 0x2082, 0x91E3, 0x9A03, 0x6183, 0x61A4,
    0x30C2, 0x1042, 0x1862, 0x1842, 0x1842, 0x1842, 0x1842, 0x1862, 0x1862, 0x1862, 0x1862, 0x1862,
    0x1042, 0x1041, 0x1041, 0x1041, 0x1842, 0x2082, 0x2082, 0x2082, 0x2082, 0x2082, 0x2082, 0x1862,
    0x1041, 0x1041, 0x1041, 0x1041, 0x1842, 0x1862, 0x1862, 0x1862, 0x1862, 0x1862, 0x1842, 0x1842,
    0x1842, 0x1862, 0x1042, 0x30C2, 0x61A4, 0x5963, 0x81C3, 0xAA44, 0x40E2, 0x0022, 0x1842, 0x1862,
    0x1842, 0x1842, 0x1842, 0x1842, 0x1862, 0x0822, 0x28A2, 0xEB25, 0x7183, 0x0001, 0x1862, 0x1842,
    0x1842, 0x1842, 0x1842, 0x1842, 0x1842, 0x1842, 0x1842, 0x1842, 0x1842, 0x1842, 0x1842, 0x1842,
    0x1842, 0x1842, 0x1842, 0x1842, 0x1842, 0x1842, 0x1842, 0x1842, 0x1842, 0x1842, 0x1842, 0x1842,
    0x1842, 0x1842, 0x1842, 0x1842, 0x1842, 0x1842, 0x1842, 0x1842, 0x1842, 0x1842, 0x1842, 0x1842,
    0x1842, 0x1842, 0x1842, 0x1842, 0x1842, 0x1842, 0x1842, 0x1842, 0x1842, 0x1842, 0x1842, 0x1842,
    0x1842, 0x1842, 0x1842, 0x1842, 0x1842, 0x1842, 0x1842, 0x1842, 0x1842, 0x1842, 0x1842, 0x1842,
    0x1842, 0x1842, 0x1842, 0x1842, 0x1842, 0x1842, 0x1842, 0x1842, 0x1842, 0x1842, 0x1842, 0x1842,
    0x1842, 0x1842, 0x1842, 0x1842, 0x1842, 0x1842, 0x1842, 0x1842, 0x1842, 0x1842, 0x1862, 0x0822,
    0x28A2, 0xEB25, 0x7183, 0x0001, 0x1862, 0x1842, 0x1842, 0x1842, 0x1842, 0x1842, 0x1862, 0x1042,
    0x0021, 0x6163, 0xFC48, 0xFCC8, 0x69A4, 0x0001, 0x1862, 0x1862, 0x1842, 0x1842, 0x1842, 0x1842,
    0x1842, 0x1862, 0x1862, 0x1862, 0x1862, 0x1862, 0x1862, 0x1862, 0x1862, 0x1842, 0x1842, 0x1842,
    0x1842, 0x1842, 0x1842, 0x1862, 0x1862, 0x1862, 0x1862, 0x1862, 0x1862, 0x1862, 0x1862, 0x1842,
    0x1842, 0x1842, 0x1842, 0x1842, 0x1862, 0x1862, 0x0001, 0x6184, 0xFCC8, 0xFC48, 0x81C3, 0x1042,
    0x0822, 0x1862, 0x1842, 0x1842, 0x1842, 0x1842, 0x1842, 0x1862, 0x0822, 0x28A2, 0xEB25, 0x7183,
    0x0001, 0x1862, 0x1842, 0x1842, 0x1842, 0x1842, 0x1842, 0x1842, 0x1842, 0x1842, 0x1842, 0x1842,
    0x1842, 0x1842, 0x1842, 0x1842, 0x1842, 0x1842, 0x1842, 0x1842, 0x1842, 0x1842, 0x1842, 0x1842,
    0x1842, 0x1842, 0x1842, 0x1842, 0x1842, 0x1842, 0x1842, 0x1842, 0x1842, 0x1842, 0x1842, 0x1842,
    0x1842, 0x1842, 0x1842, 0x1842, 0x1842, 0x1842, 0x1842, 0x1842, 0x1842, 0x1842, 0x1842, 0x1842,
    0x1842, 0x1842, 0x1842, 0x1842, 0x1842, 0x1842, 0x1842, 0x1842, 0x1842, 0x1842, 0x1842, 0x1842,
    0x1842, 0x1842, 0x1842, 0x1842, 0x1842, 0x1842, 0x1842, 0x1842, 0x1842, 0x1842, 0x1842, 0x1842,
    0x1842, 0x1842, 0x1842, 0x1842, 0x1842, 0x1842, 0x1842, 0x1842, 0x1842, 0x1842, 0x1842, 0x1842,
    0x1842, 0x1842, 0x1842, 0x1862, 0x0822, 0x28A2, 0xEB25, 0x7183, 0x0001, 0x1862, 0x1862, 0x1842,
    0x1842, 0x1842, 0x1842, 0x1862, 0x1042, 0x1862, 0xDB87, 0xEC07, 0xBAA5, 0x6142, 0x1862, 0x0821,
    0x1042, 0x1862, 0x1862, 0x1842, 0x1842, 0x1842, 0x1842, 0x1842, 0x1842, 0x1862, 0x1862, 0x1862,
    0x1862, 0x1862, 0x1862, 0x1862, 0x1862, 0x1862, 0x1862, 0x1862, 0x1862, 0x1862, 0x1862, 0x1842,
    0x1842, 0x1842, 0x1842, 0x1842, 0x1842, 0x1862, 0x1862, 0x1042, 0x0822, 0x1042, 0x40E2, 0xAA84,
    0xEC07, 0xDB87, 0x1062, 0x1042, 0x1862, 0x1842, 0x1842, 0x1842, 0x1842, 0x1842, 0x1862, 0x0002,
    0x30A2, 0xEB25, 0x7183, 0x0001, 0x1862, 0x1842, 0x1842, 0x1842, 0x1842, 0x1842, 0x1842, 0x1842,
    0x1842, 0x1842, 0x1842, 0x1842, 0x1842, 0x1842, 0x1842, 0x1842, 0x1842, 0x1842, 0x1842, 0x1842,
    0x1842, 0x1842, 0x1842, 0x1842, 0x1842, 0x1842, 0x1842, 0x1842, 0x1842, 0x1842, 0x1842, 0x1842,
    0x1842, 0x1842, 0x1842, 0x1842, 0x1842, 0x1842, 0x1842, 0x1842, 0x1842, 0x1842, 0x1842, 0x1842,
    0x1842, 0x1842, 0x1842, 0x1842, 0x1842, 0x1842, 0x1842, 0x1842, 0x1842, 0x1842, 0x1842, 0x1842,
    0x1842, 0x1842, 0x1842, 0x1842, 0x1842, 0x1842, 0x1842, 0x1842, 0x1842, 0x1842, 0x1842, 0x1842,
    0x1842, 0x1842, 0x1842, 0x1842, 0x1842, 0x1842, 0x1842, 0x1842, 0x1842, 0x1842, 0x1842, 0x1842,
    0x1842, 0x1842, 0x1842, 0x1842, 0x1842, 0x1842, 0x1842, 0x1842, 0x1862, 0x0822, 0x30A2, 0xE2E5,
    0xA224, 0x0822, 0x1042, 0x1862, 0x1842, 0x1842, 0x1842, 0x1842, 0x1842, 0x1862, 0x2082, 0x2082,
    0x30A2, 0x81C3, 0xA223, 0x79A3, 0x30A2, 0x0822, 0x0822, 0x1042, 0x1862, 0x1862, 0x1842, 0x1862,
    0x1862, 0x1862, 0x1842, 0x1842, 0x1842, 0x1842, 0x1842, 0x1842, 0x1842, 0x1842, 0x1842, 0x1842,
    0x1842, 0x1842, 0x1862, 0x1862, 0x1862, 0x1842, 0x1862, 0x1862, 0x1042, 0x0822, 0x0821, 0x1862,
    0x6163, 0x9A03, 0x9A03, 0x4902, 0x2082, 0x2082, 0x1862, 0x1842, 0x1842, 0x1842, 0x1842, 0x1842,
    0x1862, 0x1862, 0x0001, 0x6143, 0xE325, 0x6963, 0x0001, 0x1862, 0x1842, 0x1842, 0x1842, 0x1842,
    0x1842, 0x1842, 0x1842, 0x1842, 0x1842, 0x1842, 0x1842, 0x1842, 0x1842, 0x1842, 0x1842, 0x1842,
    0x1842, 0x1842, 0x1842, 0x1842, 0x1842, 0x1842, 0x1842, 0x1842, 0x1842, 0x1842, 0x1842, 0x1842,
    0x1842, 0x1842, 0x1842, 0x1842, 0x1842, 0x1842, 0x1842, 0x1842, 0x1842, 0x1842, 0x1842, 0x1842,
    0x1842, 0x1842, 0x1842, 0x1842, 0x1842, 0x1842, 0x1842, 0x1842, 0x1842, 0x1842, 0x1842, 0x1842,
    0x1842, 0x1842, 0x1842, 0x1842, 0x1842, 0x1842, 0x1842, 0x1842, 0x1842, 0x1842, 0x1842, 0x1842,
    0x1842, 0x1842, 0x1842, 0x1842, 0x1842, 0x1842, 0x1842, 0x1842, 0x1842, 0x1842, 0x1842, 0x1842,
    0x1842, 0x1842, 0x1842, 0x1842, 0x1842, 0x1842, 0x1842, 0x1842, 0x1842, 0x1842, 0x1842, 0x1842,
    0x1042, 0x1862, 0x1042, 0x1042, 0xBA84, 0xC2A4, 0x2082, 0x0822, 0x1862, 0x1842, 0x1842, 0x1842,
    0x1842, 0x1842, 0x1042, 0x1042, 0x1042, 0x0822, 0x30A2, 0x81A3, 0xA223, 0x91E3, 0x5922, 0x2082,
    0x0822, 0x0822, 0x1042, 0x1042, 0x0801, 0x0821, 0x1842, 0x1862, 0x1842, 0x1842, 0x1842, 0x1842,
    0x1842, 0x1842, 0x1842, 0x1842, 0x1862, 0x1842, 0x0821, 0x0801, 0x1042, 0x1042, 0x0822, 0x0822,
    0x1862, 0x40E2, 0x81A3, 0xA223, 0x91E3, 0x4902, 0x0822, 0x0822, 0x1042, 0x1042, 0x1842, 0x1842,
    0x1842, 0x1842, 0x1842, 0x1862, 0x1042, 0x0822, 0x89C3, 0xEB05, 0x38C2, 0x0822, 0x1862, 0x1842,
    0x1842, 0x1842, 0x1842, 0x1842, 0x1842, 0x1842, 0x1842, 0x1842, 0x1842, 0x1842, 0x1842, 0x1842,
    0x1842, 0x1842, 0x1842, 0x1842, 0x1842, 0x1842, 0x1842, 0x1842, 0x1842, 0x1842, 0x1842, 0x1842,
    0x1842, 0x1842, 0x1842, 0x1842, 0x1842, 0x1842, 0x1842, 0x1842, 0x1842, 0x1842, 0x1842, 0x1842,
    0x1842, 0x1842, 0x1842, 0x1842, 0x1842, 0x1842, 0x1842, 0x1842, 0x1842, 0x1842, 0x1842, 0x1842,
    0x1842, 0x1842, 0x1842, 0x1842, 0x1842, 0x1842, 0x1842, 0x1842, 0x1842, 0x1842, 0x1842, 0x1842,
    0x1842, 0x1842, 0x1842, 0x1842, 0x1842, 0x1842, 0x1842, 0x1842, 0x1842, 0x1842, 0x1842, 0x1842,
    0x1842, 0x1842, 0x1842, 0x1842, 0x1842, 0x1842, 0x1842, 0x1842, 0x1842, 0x1842, 0x1842, 0x1842,
    0x1842, 0x1842, 0x1842, 0x1842, 0x1842, 0x1842, 0x1862, 0x1042, 0x0822, 0x89C3, 0xEB05, 0x5103,
    0x0001, 0x1842, 0x1862, 0x1842, 0x1842, 0x1842, 0x1862, 0x1862, 0x1862, 0x1862, 0x1042, 0x0021,
    0x1862, 0x5922, 0x91E3, 0xA223, 0x89E3, 0x6143, 0x30A2, 0x30C2, 0x61A4, 0x5983, 0x1042, 0x0821,
    0x1042, 0x1042, 0x1042, 0x1042, 0x1042, 0x1042, 0x1042, 0x1042, 0x0821, 0x1042, 0x5983, 0x61A4,
    0x38C2, 0x2082, 0x5122, 0x79A3, 0xA223, 0x9A03, 0x6963, 0x30A2, 0x0821, 0x0821, 0x1862, 0x1862,
    0x1862, 0x1862, 0x1842, 0x1842, 0x1842, 0x1862, 0x1862, 0x0821, 0x2082, 0xBA84, 0xBAA4, 0x2082,
    0x0822, 0x1862, 0x1842, 0x1842, 0x1842, 0x1842, 0x1842, 0x1842, 0x1842, 0x1842, 0x1842, 0x1842,
    0x1842, 0x1842, 0x1842, 0x1842, 0x1842, 0x1842, 0x1842, 0x1842, 0x1842, 0x1842, 0x1842, 0x1842,
    0x1842, 0x1842, 0x1842, 0x1842, 0x1842, 0x1842, 0x1842, 0x1842, 0x1842, 0x1842, 0x1842, 0x1842,
    0x1842, 0x1842, 0x1842, 0x1842, 0x1842, 0x1842, 0x1842, 0x1842, 0x1842, 0x1842, 0x1842, 0x1842,
    0x1842, 0x1842, 0x1842, 0x1842, 0x1842, 0x1842, 0x1842, 0x1842, 0x1842, 0x1842, 0x1842, 0x1842,
    0x1842, 0x1842, 0x1842, 0x1842, 0x1842, 0x1842, 0x1842, 0x1842, 0x1842, 0x1842, 0x1842, 0x1842,
    0x1842, 0x1842, 0x1842, 0x1842, 0x1842, 0x1842, 0x1842, 0x1842, 0x1842, 0x1842, 0x1842, 0x1842,
    0x1842, 0x1842, 0x1842, 0x1842, 0x1842, 0x1842, 0x1842, 0x1842, 0x1842, 0x1842, 0x1842, 0x1842,
    0x1842, 0x0001, 0x5103, 0xEB05, 0x89E3, 0x0822, 0x0821, 0x1862, 0x1842, 0x1842, 0x1842, 0x1842,
    0x1842, 0x1842, 0x1842, 0x1862, 0x1042, 0x0821, 0x0821, 0x2082, 0x5922, 0x89E3, 0x99E3, 0xCAE5,
    0xFCA8, 0xFC28, 0x6163, 0x5922, 0x30C2, 0x2062, 0x2082, 0x2082, 0x2082, 0x2082, 0x2082, 0x2882,
    0x5102, 0x6163, 0xFC28, 0xFCA8, 0xCAE5, 0x9A03, 0x9203, 0x7163, 0x30A2, 0x1041, 0x0821, 0x1041,
    0x1862, 0x1842, 0x1842, 0x1842, 0x1842, 0x1842, 0x1842, 0x1842, 0x1862, 0x1042, 0x0001, 0x5123,
    0xE305, 0x89C3, 0x0821, 0x1022, 0x1862, 0x1842, 0x1842, 0x1842, 0x1842, 0x1842, 0x1842, 0x1842,
    0x1842, 0x1842, 0x1842, 0x1842, 0x1842, 0x1842, 0x1842, 0x1842, 0x1842, 0x1842, 0x1842, 0x1842,
    0x1842, 0x1842, 0x1842, 0x1842, 0x1842, 0x1842, 0x1842, 0x1842, 0x1842, 0x1842, 0x1842, 0x1842,
    0x1842, 0x1842, 0x1842, 0x1842, 0x1842, 0x1842, 0x1842, 0x1842, 0x1842, 0x1842, 0x1842, 0x1842,
    0x1842, 0x1842, 0x1842, 0x1842, 0x1842, 0x1842, 0x1842, 0x1842, 0x1842, 0x1842, 0x1842, 0x1842,
    0x1842, 0x1842, 0x1842, 0x1842, 0x1842, 0x1842, 0x1842, 0x1842, 0x1842, 0x1842, 0x1842, 0x1842,
    0x1842, 0x1842, 0x1842, 0x1842, 0x1842, 0x1842, 0x1842, 0x1842, 0x1842, 0x1842, 0x1842, 0x1842,
    0x1842, 0x1842, 0x1842, 0x1842, 0x1842, 0x1842, 0x1842, 0x1842, 0x1842, 0x1842, 0x1842, 0x1842,
    0x1842, 0x1842, 0x1842, 0x1842, 0x1842, 0x1862, 0x0801, 0x2082, 0xBA84, 0xCAC4, 0x5103, 0x0001,
    0x1022, 0x1862, 0x1842, 0x1842, 0x1842, 0x1842, 0x1842, 0x1842, 0x1842, 0x1842, 0x1842, 0x1042,
    0x0821, 0x0821, 0x1021, 0x69A4, 0xEC07, 0xE3A7, 0x9A03, 0x89C3, 0xA223, 0xAA43, 0xAA23, 0xA223,
    0xA223, 0xAA23, 0xAA23, 0xAA23, 0x89E3, 0x9203, 0xE3A7, 0xEC07, 0x6983, 0x1041, 0x0822, 0x0821,
    0x1021, 0x1842, 0x1842, 0x1842, 0x1842, 0x1842, 0x1842, 0x1842, 0x1842, 0x1842, 0x1862, 0x1842,
    0x0001, 0x2882, 0xA244, 0xDAE5, 0x5103, 0x0001, 0x1842, 0x1842, 0x1842, 0x1842, 0x1842, 0x1842,
    0x1842, 0x1842, 0x1842, 0x1842, 0x1842, 0x1842, 0x1842, 0x1842, 0x1842, 0x1842, 0x1842, 0x1842,
    0x1842, 0x1842, 0x1842, 0x1842, 0x1842, 0x1842, 0x1842, 0x1842, 0x1842, 0x1842, 0x1842, 0x1842,
    0x1842, 0x1842, 0x1842, 0x1842, 0x1842, 0x1842, 0x1842, 0x1842, 0x1842, 0x1842, 0x1842, 0x1842,
    0x1842, 0x1842, 0x1842, 0x1842, 0x1842, 0x1842, 0x1842, 0x1842, 0x1842, 0x1842, 0x1842, 0x1842,
    0x1842, 0x1842, 0x1842, 0x1842, 0x1842, 0x1842, 0x1842, 0x1842, 0x1842, 0x1842, 0x1842, 0x1842,
    0x1842, 0x1842, 0x1842, 0x1842, 0x1842, 0x1842, 0x1842, 0x1842, 0x1842, 0x1842, 0x1842, 0x1842,
    0x1842, 0x1842, 0x1842, 0x1842, 0x1842, 0x1842, 0x1842, 0x1842, 0x1842, 0x1842, 0x1842, 0x1842,
    0x1842, 0x1842, 0x1842, 0x1842, 0x1842, 0x1842, 0x1842, 0x1842, 0x1842, 0x1842, 0x1862, 0x1042,
    0x0801, 0x6983, 0xDB05, 0xA224, 0x30A2, 0x0001, 0x1022, 0x1862, 0x1842, 0x1842, 0x1842, 0x1842,
    0x1842, 0x1842, 0x1842, 0x1842, 0x1842, 0x1842, 0x1042, 0x1842, 0x2082, 0x2082, 0x0821, 0x0821,
    0x1862, 0x2082, 0x2082, 0x2082, 0x2082, 0x2082, 0x2082, 0x2062, 0x0821, 0x0821, 0x2082, 0x2082,
    0x1842, 0x1041, 0x1842, 0x1842, 0x1842, 0x1842, 0x1842, 0x1842, 0x1842, 0x1842, 0x1842, 0x1842,
    0x1862, 0x1042, 0x0001, 0x1842, 0x79A3, 0xDB05, 0xA224, 0x1842, 0x0821, 0x1862, 0x1842, 0x1842,
    0x1842, 0x1842, 0x1842, 0x1842, 0x1842, 0x1842, 0x1842, 0x1842, 0x1842, 0x1842, 0x1842, 0x1842,
    0x1842, 0x1842, 0x1842, 0x1842, 0x1842, 0x1842, 0x1842, 0x1842, 0x1842, 0x1842, 0x1842, 0x1842,
    0x1842, 0x1842, 0x1842, 0x1842, 0x1842, 0x1842, 0x1842, 0x1842, 0x1842, 0x1842, 0x1842, 0x1842,
    0x1842, 0x1842, 0x1842, 0x1842, 0x1842, 0x1842, 0x1842, 0x1842, 0x1842, 0x1842, 0x1842, 0x1842,
    0x1842, 0x1842, 0x1842, 0x1842, 0x1842, 0x1842, 0x1842, 0x1842, 0x1842, 0x1842, 0x1842, 0x1842,
    0x1842, 0x1842, 0x1842, 0x1842, 0x1842, 0x1842, 0x1842, 0x1842, 0x1842, 0x1842, 0x1842, 0x1842,
    0x1842, 0x1842, 0x1842, 0x1842, 0x1842, 0x1842, 0x1842, 0x1842, 0x1842, 0x1842, 0x1842, 0x1842,
    0x1842, 0x1842, 0x1842, 0x1842, 0x1842, 0x1842, 0x1842, 0x1842, 0x1842, 0x1842, 0x1842, 0x1842,
    0x1842, 0x1842, 0x1842, 0x1842, 0x1842, 0x0801, 0x1842, 0x89C3, 0xEB25, 0xA244, 0x30A2, 0x0001,
    0x1022, 0x1862, 0x1842, 0x1842, 0x1842, 0x1842, 0x1842, 0x1842, 0x1842, 0x1842, 0x1842, 0x1842,
    0x1041, 0x1041, 0x1842, 0x1842, 0x1042, 0x1041, 0x1042, 0x1042, 0x1042, 0x1042, 0x1042, 0x1042,
    0x1842, 0x1842, 0x1041, 0x1041, 0x1842, 0x1842, 0x1842, 0x1842, 0x1842, 0x1842, 0x1842, 0x1842,
    0x1842, 0x1842, 0x1862, 0x1042, 0x0001, 0x1842, 0x79A3, 0xDB05, 0xB264, 0x30A2, 0x0001, 0x1042,
    0x1842, 0x1842, 0x1842, 0x1842, 0x1842, 0x1842, 0x1842, 0x1842, 0x1842, 0x1842, 0x1842, 0x1842,
    0x1842, 0x1842, 0x1842, 0x1842, 0x1842, 0x1842, 0x1842, 0x1842, 0x1842, 0x1842, 0x1842, 0x1842,
    0x1842, 0x1842, 0x1842, 0x1842, 0x1842, 0x1842, 0x1842, 0x1842, 0x1842, 0x1842, 0x1842, 0x1842,
    0x1842, 0x1842, 0x1842, 0x1842, 0x1842, 0x1842, 0x1842, 0x1842, 0x1842, 0x1842, 0x1842, 0x1842,
    0x1842, 0x1842, 0x1842, 0x1842, 0x1842, 0x1842, 0x1842, 0x1842, 0x1842, 0x1842, 0x1842, 0x1842,
    0x1842, 0x1842, 0x1842, 0x1842, 0x1842, 0x1842, 0x1842, 0x1842, 0x1842, 0x1842, 0x1842, 0x1842,
    0x1842, 0x1842, 0x1842, 0x1842, 0x1842, 0x1842, 0x1842, 0x1842, 0x1842, 0x1842, 0x1842, 0x1842,
    0x1842, 0x1842, 0x1842, 0x1842, 0x1842, 0x1842, 0x1842, 0x1842, 0x1842, 0x1842, 0x1842, 0x1842,
    0x1842, 0x1842, 0x1842, 0x1842, 0x1842, 0x1842, 0x1842, 0x1842, 0x1842, 0x1842, 0x1042, 0x0001,
    0x30A2, 0xA244, 0xEB25, 0xAA44, 0x38C2, 0x0001, 0x0821, 0x1842, 0x1862, 0x1842, 0x1842, 0x1842,
    0x1842, 0x1842, 0x1842, 0x1842, 0x1842, 0x1842, 0x1842, 0x1842, 0x1842, 0x1842, 0x1842, 0x1842,
    0x1842, 0x1842, 0x1842, 0x1842, 0x1842, 0x1842, 0x1842, 0x1842, 0x1842, 0x1842, 0x1842, 0x1842,
    0x1842, 0x1842, 0x1842, 0x1862, 0x1842, 0x1022, 0x0001, 0x1862, 0x81C3, 0xE305, 0xCAC4, 0x5123,
    0x0821, 0x1022, 0x1862, 0x1842, 0x1842, 0x1842, 0x1842, 0x1842, 0x1842, 0x1842, 0x1842, 0x1842,
    0x1842, 0x1842, 0x1842, 0x1842, 0x1842, 0x1842, 0x1842, 0x1842, 0x1842, 0x1842, 0x1842, 0x1842,
    0x1842, 0x1842, 0x1842, 0x1842, 0x1842, 0x1842, 0x1842, 0x1842, 0x1842, 0x1842, 0x1842, 0x1842,
    0x1842, 0x1842, 0x1842, 0x1842, 0x1842, 0x1842, 0x1842, 0x1842, 0x1842, 0x1842, 0x1842, 0x1842,
    0x1842, 0x1842, 0x1842, 0x1842, 0x1842, 0x1842, 0x1842, 0x1842, 0x1842, 0x1842, 0x1842, 0x1842,
    0x1842, 0x1842, 0x1842, 0x1842, 0x1842, 0x1842, 0x1842, 0x1842, 0x1842, 0x1842, 0x1842, 0x1842,
    0x1842, 0x1842, 0x1842, 0x1842, 0x1842, 0x1842, 0x1842, 0x1842, 0x1842, 0x1842, 0x1842, 0x1842,
    0x1842, 0x1842, 0x1842, 0x1842, 0x1842, 0x1842, 0x1842, 0x1842, 0x1842, 0x1842, 0x1842, 0x1842,
    0x1842, 0x1842, 0x1842, 0x1842, 0x1842, 0x1842, 0x1842, 0x1842, 0x1842, 0x1842, 0x1842, 0x1842,
    0x1842, 0x1842, 0x1842, 0x1862, 0x1022, 0x0001, 0x30A2, 0xA224, 0xD2C4, 0xBA84, 0x5943, 0x1842,
    0x0001, 0x0821, 0x1042, 0x1842, 0x1862, 0x1842, 0x1842, 0x1842, 0x1842, 0x1842, 0x1842, 0x1842,
    0x1842, 0x1842, 0x1842, 0x1842, 0x1842, 0x1842, 0x1842, 0x1842, 0x1842, 0x1842, 0x1842, 0x1842,
    0x1842, 0x1842, 0x1842, 0x1842, 0x1862, 0x1842, 0x1022, 0x0001, 0x1021, 0x38C2, 0xA224, 0xD2C5,
    0xBA84, 0x5923, 0x0821, 0x0821, 0x1842, 0x1842, 0x1842, 0x1842, 0x1842, 0x1842, 0x1842, 0x1842,
    0x1842, 0x1842, 0x1842, 0x1842, 0x1842, 0x1842, 0x1842, 0x1842, 0x1842, 0x1842, 0x1842, 0x1842,
    0x1842, 0x1842, 0x1842, 0x1842, 0x1842, 0x1842, 0x1842, 0x1842, 0x1842, 0x1842, 0x1842, 0x1842,
    0x1842, 0x1842, 0x1842, 0x1842, 0x1842, 0x1842, 0x1842, 0x1842, 0x1842, 0x1842, 0x1842, 0x1842,
    0x1842, 0x1842, 0x1842, 0x1842, 0x1842, 0x1842, 0x1842, 0x1842, 0x1842, 0x1842, 0x1842, 0x1842,
    0x1842, 0x1842, 0x1842, 0x1842, 0x1842, 0x1842, 0x1842, 0x1842, 0x1842, 0x1842, 0x1842, 0x1842,
    0x1842, 0x1842, 0x1842, 0x1842, 0x1842, 0x1842, 0x1842, 0x1842, 0x1842, 0x1842, 0x1842, 0x1842,
    0x1842, 0x1842, 0x1842, 0x1842, 0x1842, 0x1842, 0x1842, 0x1842, 0x1842, 0x1842, 0x1842, 0x1842,
    0x1842, 0x1842, 0x1842, 0x1842, 0x1842, 0x1842, 0x1842, 0x1842, 0x1842, 0x1842, 0x1842, 0x1842,
    0x1842, 0x1842, 0x1842, 0x1842, 0x1842, 0x1842, 0x1842, 0x1842, 0x1842, 0x1862, 0x1021, 0x0001,
    0x2062, 0x81C3, 0xCAA4, 0xD2C5, 0xA224, 0x5123, 0x2062, 0x0801, 0x0001, 0x0821, 0x1042, 0x1842,
    0x1842, 0x1842, 0x1842, 0x1842, 0x1842, 0x1842, 0x1842, 0x1842, 0x1842, 0x1842, 0x1842, 0x1842,
    0x1842, 0x1842, 0x1842, 0x1842, 0x1862, 0x1842, 0x1021, 0x0801, 0x0001, 0x1842, 0x40C2, 0x89C3,
    0xCAA4, 0xD2C5, 0xA224, 0x38C2, 0x0001, 0x0821, 0x1842, 0x1842, 0x1842, 0x1842, 0x1842, 0x1842,
    0x1842, 0x1842, 0x1842, 0x1842, 0x1842, 0x1842, 0x1842, 0x1842, 0x1842, 0x1842, 0x1842, 0x1842,
    0x1842, 0x1842, 0x1842, 0x1842, 0x1842, 0x1842, 0x1842, 0x1842, 0x1842, 0x1842, 0x1842, 0x1842,
    0x1842, 0x1842, 0x1842, 0x1842, 0x1842, 0x1842, 0x1842, 0x1842, 0x1842, 0x1842, 0x1842, 0x1842,
    0x1842, 0x1842, 0x1842, 0x1842, 0x1842, 0x1842, 0x1842, 0x1842, 0x1842, 0x1842, 0x1842, 0x1842,
    0x1842, 0x1842, 0x1842, 0x1842, 0x1842, 0x1842, 0x1842, 0x1842, 0x1842, 0x1842, 0x1842, 0x1842,
    0x1842, 0x1842, 0x1862, 0x1862, 0x1842, 0x1842, 0x1842, 0x1842, 0x1842, 0x1842, 0x1842, 0x1842,
    0x1842, 0x1842, 0x1842, 0x1842, 0x1842, 0x1842, 0x1842, 0x1842, 0x1842, 0x1842, 0x1842, 0x1842,
    0x1842, 0x1842, 0x1842, 0x1842, 0x1842, 0x1842, 0x1842, 0x1842, 0x1842, 0x1842, 0x1842, 0x1842,
    0x1842, 0x1842, 0x1842, 0x1842, 0x1842, 0x1842, 0x1842, 0x1842, 0x1842, 0x1842, 0x1842, 0x1842,
    0x1842, 0x1842, 0x1842, 0x1862, 0x1042, 0x0001, 0x1021, 0x40C2, 0x89C3, 0xC2A4, 0xE305, 0xBA64,
    0x7983, 0x5123, 0x2062, 0x0821, 0x0001, 0x0801, 0x0801, 0x0801, 0x1021, 0x1021, 0x1021, 0x1021,
    0x1021, 0x1021, 0x1021, 0x1021, 0x0821, 0x0801, 0x0801, 0x0801, 0x0001, 0x1842, 0x40E2, 0x6963,
    0x9A04, 0xDAE5, 0xD2C5, 0xA224, 0x5923, 0x1842, 0x0001, 0x1021, 0x1862, 0x1842, 0x1842, 0x1842,
    0x1842, 0x1842, 0x1842, 0x1842, 0x1842, 0x1842, 0x1842, 0x1842, 0x1842, 0x1842, 0x1842, 0x1842,
    0x1842, 0x1842, 0x1842, 0x1842, 0x1842, 0x1842, 0x1842, 0x1842, 0x1842, 0x1842, 0x1842, 0x1842,
    0x1842, 0x1842, 0x1842, 0x1842, 0x1842, 0x1842, 0x1842, 0x1842, 0x1842, 0x1842, 0x1842, 0x1842,
    0x1842, 0x1842, 0x1842, 0x1842, 0x1842, 0x1842, 0x1842, 0x1842, 0x1842, 0x1842, 0x1842, 0x1842,
    0x1842, 0x1842, 0x1842, 0x1842, 0x1842, 0x1842, 0x1842, 0x1842, 0x1842, 0x1842, 0x1842, 0x1842,
    0x1842, 0x1842, 0x1842, 0x1842, 0x1842, 0x1021, 0x0801, 0x0801, 0x1021, 0x1842, 0x1842, 0x1842,
    0x1842, 0x1842, 0x1842, 0x1842, 0x1842, 0x1842, 0x1842, 0x1842, 0x1842, 0x1842, 0x1842, 0x1842,
    0x1842, 0x1842, 0x1842, 0x1842, 0x1842, 0x1842, 0x1842, 0x1842, 0x1842, 0x1842, 0x1842, 0x1842,
    0x1842, 0x1842, 0x1842, 0x1842, 0x1842, 0x1842, 0x1842, 0x1842, 0x1842, 0x1842, 0x1842, 0x1842,
    0x1842, 0x1842, 0x1842, 0x1842, 0x1842, 0x1842, 0x1842, 0x1842, 0x1842, 0x1862, 0x1842, 0x1021,
    0x0801, 0x1021, 0x40C2, 0x7983, 0xB264, 0xDAE5, 0xDAE5, 0xC284, 0xBA64, 0x7983, 0x7183, 0x7163,
    0x38C2, 0x30A2, 0x38A2, 0x38A2, 0x38A2, 0x38A2, 0x38A2, 0x30A2, 0x6123, 0x7183, 0x6963, 0xA224,
    0xBA84, 0xD2C4, 0xE305, 0xC2A4, 0x89E3, 0x5103, 0x1842, 0x0801, 0x0821, 0x1842, 0x1862, 0x1842,
    0x1842, 0x1842, 0x1842, 0x1842, 0x1842, 0x1842, 0x1842, 0x1842, 0x1842, 0x1842, 0x1842, 0x1842,
    0x1842, 0x1842, 0x1842, 0x1842, 0x1842, 0x1842, 0x1842, 0x1842, 0x1842, 0x1842, 0x1842, 0x1842,
    0x1842, 0x1842, 0x1842, 0x1842, 0x1842, 0x1842, 0x1842, 0x1842, 0x1842, 0x1842, 0x1842, 0x1842,
    0x1842, 0x1842, 0x1842, 0x1842, 0x1842, 0x1842, 0x1842, 0x1842, 0x1842, 0x1842, 0x1842, 0x1842,
    0x1842, 0x1842, 0x1842, 0x1842, 0x1842, 0x1842, 0x1842, 0x1842, 0x1842, 0x1842, 0x1842, 0x1842,
    0x1842, 0x1842, 0x1842, 0x1842, 0x1842, 0x1842, 0x1842, 0x1842, 0x1021, 0x4923, 0x61A4, 0x61A4,
    0x4923, 0x1021, 0x1041, 0x1041, 0x1041, 0x1041, 0x1041, 0x1041, 0x1041, 0x1041, 0x1041, 0x1041,
    0x1041, 0x1041, 0x1041, 0x1041, 0x1041, 0x1041, 0x1041, 0x1041, 0x1041, 0x1041, 0x1041, 0x1041,
    0x1041, 0x1041, 0x1041, 0x1041, 0x1041, 0x1041, 0x1041, 0x1041, 0x1041, 0x1041, 0x1041, 0x1041,
    0x1041, 0x1041, 0x1041, 0x1041, 0x1041, 0x1041, 0x1041, 0x1041, 0x1041, 0x1041, 0x1041, 0x1041,
    0x1041, 0x1041, 0x1041, 0x1041, 0x1041, 0x1041, 0x0821, 0x0001, 0x0001, 0x1041, 0x2882, 0x6143,
    0x7183, 0xB264, 0xB264, 0xB264, 0x9A04, 0x9A04, 0x9A04, 0x9A04, 0x9A04, 0x9A04, 0x9A04, 0x9203,
    0xAA44, 0xB264, 0xB284, 0x81C3, 0x6963, 0x38C2, 0x1862, 0x0001, 0x0001, 0x0001, 0x1041, 0x1041,
    0x1041, 0x1041, 0x1041, 0x1041, 0x1041, 0x1041, 0x1041, 0x1041, 0x1041, 0x1041, 0x1041, 0x1041,
    0x1041, 0x1041, 0x1041, 0x1041, 0x1041, 0x1041, 0x1041, 0x1041, 0x1041, 0x1041, 0x1041, 0x1041,
    0x1041, 0x1041, 0x1041, 0x1041, 0x1041, 0x1041, 0x1041, 0x1041, 0x1041, 0x1041, 0x1041, 0x1041,
    0x1041, 0x1041, 0x1041, 0x1041, 0x1041, 0x1041, 0x1041, 0x1041, 0x1041, 0x1041, 0x1041, 0x1041,
    0x1041, 0x1041, 0x1041, 0x1041, 0x1041, 0x1041, 0x1041, 0x1842, 0x1842, 0x1842, 0x1842, 0x1842,
    0x1842, 0x1842, 0x1842, 0x1842, 0x1842, 0x1842, 0x1842, 0x1842, 0x1842, 0x1842, 0x1842, 0x1862,
    0x0801, 0xBB06, 0xFC88, 0xFC88, 0xB2E6, 0x0001, 0x0021, 0x0021, 0x0021, 0x0021, 0x0021, 0x0021,
    0x0021, 0x0021, 0x0021, 0x0021, 0x0021, 0x0021, 0x0021, 0x0021, 0x0021, 0x0021, 0x0021, 0x0021,
    0x0021, 0x0021, 0x0021, 0x0021, 0x0021, 0x0021, 0x0021, 0x0021, 0x0021, 0x0021, 0x0021, 0x0021,
    0x0021, 0x0021, 0x0021, 0x0021, 0x0021, 0x0021, 0x0021, 0x0021, 0x0021, 0x0021, 0x0021, 0x0021,
    0x0021, 0x0021, 0x0021, 0x0021, 0x0021, 0x0021, 0x0021, 0x0021, 0x0021, 0x0021, 0x0021, 0x0021,
    0x0021, 0x0021, 0x0001, 0x0001, 0x0001, 0x0001, 0x0001, 0x0001, 0x0001, 0x0001, 0x0001, 0x0001,
    0x0001, 0x0001, 0x0001, 0x0001, 0x0001, 0x0001, 0x0001, 0x0001, 0x0001, 0x0001, 0x0001, 0x0021,
    0x0021, 0x0021, 0x0021, 0x0021, 0x0021, 0x0021, 0x0021, 0x0021, 0x0021, 0x0021, 0x0021, 0x0021,
    0x0021, 0x0021, 0x0021, 0x0021, 0x0021, 0x0021, 0x0021, 0x0021, 0x0021, 0x0021, 0x0021, 0x0021,
    0x0021, 0x0021, 0x0021, 0x0021, 0x0021, 0x0021, 0x0021, 0x0021, 0x0021, 0x0021, 0x0021, 0x0021,
    0x0021, 0x0021, 0x0021, 0x0021, 0x0021, 0x0021, 0x0021, 0x0021, 0x0021, 0x0021, 0x0021, 0x0021,
    0x0021, 0x0021, 0x0021, 0x0021, 0x0021, 0x0021, 0x0021, 0x0021, 0x0021, 0x0021, 0x0021, 0x1842,
    0x1842, 0x1842, 0x1842, 0x1842, 0x1842, 0x1842, 0x1842, 0x1842, 0x1842, 0x1842, 0x1842, 0x1842,
    0x1842, 0x1842, 0x1842, 0x1862, 0x0801, 0xB2C5, 0xFC48, 0xFC48, 0xAAC5, 0x0001, 0x0021, 0x0021,
    0x0021, 0x0021, 0x0021, 0x0021, 0x0021, 0x0021, 0x0021, 0x0021, 0x0021, 0x0021, 0x0021, 0x0021,
    0x0021, 0x0021, 0x0021, 0x0021, 0x0021, 0x0021, 0x0021, 0x0021, 0x0021, 0x0021, 0x0021, 0x0021,
    0x0021, 0x0021, 0x0021, 0x0021, 0x0021, 0x0021, 0x0021, 0x0021, 0x0021, 0x0021, 0x0021, 0x0021,
    0x0021, 0x0021, 0x0021, 0x0021, 0x0021, 0x0021, 0x0021, 0x0021, 0x0021, 0x0021, 0x0021, 0x0021,
    0x0021, 0x0021, 0x0021, 0x0021, 0x0021, 0x0021, 0x0021, 0x0021, 0x0021, 0x0021, 0x0021, 0x0021,
    0x0021, 0x0021, 0x0021, 0x0021, 0x0021, 0x0021, 0x0021, 0x0021, 0x0021, 0x0021, 0x0021, 0x0021,
    0x0021, 0x0021, 0x0021, 0x0021, 0x0021, 0x0021, 0x0021, 0x0021, 0x0021, 0x0021, 0x0021, 0x0021,
    0x0021, 0x0021, 0x0021, 0x0021, 0x0021, 0x0021, 0x0021, 0x0021, 0x0021, 0x0021, 0x0021, 0x0021,
    0x0021, 0x0021, 0x0021, 0x0021, 0x0021, 0x0021, 0x0021, 0x0021, 0x0021, 0x0021, 0x0021, 0x0021,
    0x0021, 0x0021, 0x0021, 0x0021, 0x0021, 0x0021, 0x0021, 0x0021, 0x0021, 0x0021, 0x0021, 0x0021,
    0x0021, 0x0021, 0x0021, 0x0021, 0x0021, 0x0021, 0x0021, 0x0021, 0x0021, 0x0021, 0x0021, 0x0021,
    0x0021, 0x0021, 0x0021, 0x1842, 0x1842, 0x1842, 0x1842, 0x1842, 0x1842, 0x1842, 0x1842, 0x1842,
    0x1841, 0x1841, 0x1841, 0x1841, 0x1841, 0x1841, 0x1841, 0x1862, 0x0801, 0xB2C5, 0xFC48, 0xFC48,
    0xAAC5, 0x0001, 0x0021, 0x0021, 0x0021, 0x0021, 0x0021, 0x0021, 0x0021, 0x0021, 0x0021, 0x0021,
    0x0021, 0x0021, 0x0021, 0x0021, 0x0021, 0x0021, 0x0021, 0x0021, 0x0021, 0x0021, 0x0021, 0x0021,
    0x0021, 0x0021, 0x0021, 0x0021, 0x0021, 0x0021, 0x0021, 0x0021, 0x0021, 0x0021, 0x0021, 0x0021,
    0x0021, 0x0021, 0x0021, 0x0021, 0x0021, 0x0021, 0x0021, 0x0021, 0x0021, 0x0021, 0x0021, 0x0021,
    0x0021, 0x0021, 0x0021, 0x0021, 0x0021, 0x0021, 0x0021, 0x0021, 0x0021, 0x0021, 0x0021, 0x0021,
    0x0021, 0x0021, 0x0021, 0x0021, 0x0021, 0x0021, 0x0021, 0x0021, 0x0021, 0x0021, 0x0021, 0x0021,
    0x0021, 0x0021, 0x0021, 0x0021, 0x0021, 0x0021, 0x0021, 0x0021, 0x0021, 0x0021, 0x0021, 0x0021,
    0x0021, 0x0021, 0x0021, 0x0021, 0x0021, 0x0021, 0x0021, 0x0021, 0x0021, 0x0021, 0x0021, 0x0021,
    0x0021, 0x0021, 0x0021, 0x0021, 0x0021, 0x0021, 0x0021, 0x0021, 0x0021, 0x0021, 0x0021, 0x0021,
    0x0021, 0x0021, 0x0021, 0x0021, 0x0021, 0x0021, 0x0021, 0x0021, 0x0021, 0x0021, 0x0021, 0x0021,
    0x0021, 0x0021, 0x0021, 0x0021, 0x0021, 0x0021, 0x0021, 0x0021, 0x0021, 0x0021, 0x0021, 0x0021,
    0x0021, 0x0021, 0x0021, 0x0021, 0x0021, 0x0021, 0x0021, 0x1841, 0x1841, 0x1841, 0x1841, 0x1841,
    0x1841, 0x1841, 0x1841, 0x1841, 0x1841, 0x1841, 0x1841, 0x1841, 0x1841, 0x1841, 0x1841, 0x1862,
    0x0801, 0xB2C5, 0xFC48, 0xFC48, 0xAAC5, 0x0001, 0x0021, 0x0021, 0x0021, 0x0021, 0x0021, 0x0021,
    0x0021, 0x0021, 0x0021, 0x0021, 0x0021, 0x0021, 0x0021, 0x0021, 0x0021, 0x0021, 0x0021, 0x0021,
    0x0021, 0x0021, 0x0021, 0x0021, 0x0021, 0x0021, 0x0021, 0x0021, 0x0021, 0x0021, 0x0021, 0x0021,
    0x0021, 0x0021, 0x0021, 0x0021, 0x0021, 0x0021, 0x0021, 0x0021, 0x0021, 0x0021, 0x0021, 0x0021,
    0x0021, 0x0021, 0x0021, 0x0021, 0x0021, 0x0021, 0x0021, 0x0021, 0x0021, 0x0021, 0x0021, 0x0021,
    0x0021, 0x0021, 0x0021, 0x0021, 0x0021, 0x0021, 0x0021, 0x0021, 0x0021, 0x0021, 0x0021, 0x0021,
    0x0021, 0x0021, 0x0021, 0x0021, 0x0021, 0x0021, 0x0021, 0x0021, 0x0021, 0x0021, 0x0021, 0x0021,
    0x0021, 0x0021, 0x0021, 0x0021, 0x0021, 0x0021, 0x0021, 0x0021, 0x0021, 0x0021, 0x0021, 0x0021,
    0x0021, 0x0021, 0x0021, 0x0021, 0x0021, 0x0021, 0x0021, 0x0021, 0x0021, 0x0021, 0x0021, 0x0021,
    0x0021, 0x0021, 0x0021, 0x0021, 0x0021, 0x0021, 0x0021, 0x0021, 0x0021, 0x0021, 0x0021, 0x0021,
    0x0021, 0x0021, 0x0021, 0x0021, 0x0021, 0x0021, 0x0021, 0x0021, 0x0021, 0x0021, 0x0021, 0x0021,
    0x0021, 0x0021, 0x0021, 0x0021, 0x0021, 0x0021, 0x0021, 0x0021, 0x0021, 0x0021, 0x0021, 0x1841,
    0x1841, 0x1841, 0x1841, 0x1841, 0x1841, 0x1841, 0x1841, 0x1841, 0x1841, 0x1841, 0x1841, 0x1841,
    0x1841, 0x1841, 0x1841, 0x1862, 0x0801, 0xB2C5, 0xFC48, 0xFC48, 0xAAC5, 0x0001, 0x0021, 0x0021,
    0x0021, 0x0021, 0x0021, 0x0021, 0x0021, 0x0021, 0x0021, 0x0021, 0x0021, 0x0021, 0x0021, 0x0021,
    0x0021, 0x0021, 0x0021, 0x0021, 0x0021, 0x0021, 0x0021, 0x0021, 0x0021, 0x0021, 0x0021, 0x0021,
    0x0021, 0x0021, 0x0021, 0x0021, 0x0021, 0x0021, 0x0021, 0x0021, 0x0021, 0x0021, 0x0021, 0x0021,
    0x0021, 0x0021, 0x0021, 0x0021, 0x0021, 0x0021, 0x0021, 0x0021, 0x0021, 0x0021, 0x0021, 0x0021,
    0x0021, 0x0021, 0x0021, 0x0021, 0x0021, 0x0021, 0x0021, 0x0021, 0x0021, 0x0021, 0x0021, 0x0021,
    0x0021, 0x0021, 0x0021, 0x0021, 0x0021, 0x0021, 0x0021, 0x0021, 0x0021, 0x0021, 0x0021, 0x0021,
    0x0021, 0x0021, 0x0021, 0x0021, 0x0021, 0x0021, 0x0021, 0x0021, 0x0021, 0x0021, 0x0021, 0x0021,
    0x0021, 0x0021, 0x0021, 0x0021, 0x0021, 0x0021, 0x0021, 0x0021, 0x0021, 0x0021, 0x0021, 0x0021,
    0x0021, 0x0021, 0x0021, 0x0021, 0x0021, 0x0021, 0x0021, 0x0021, 0x0021, 0x0021, 0x0021, 0x0021,
    0x0021, 0x0021, 0x0021, 0x0021, 0x0021, 0x0021, 0x0021, 0x0021, 0x0021, 0x0021, 0x0021, 0x0021,
    0x0021, 0x0021, 0x0021, 0x0021, 0x0021, 0x0021, 0x0021, 0x0021, 0x0021, 0x0021, 0x0021, 0x0021,
    0x0021, 0x0021, 0x0021, 0x1841, 0x1841, 0x1841, 0x1841, 0x1841, 0x1841, 0x1841, 0x1841, 0x1841,
    0x1841, 0x1841, 0x1841, 0x1841, 0x1841, 0x1841, 0x1841, 0x1862, 0x0801, 0xB2C5, 0xFC48, 0xFC48,
    0xAAC5, 0x0001, 0x0021, 0x0021, 0x0021, 0x0021, 0x0021, 0x0041, 0x0042, 0x0021, 0x0021, 0x0021,
    0x0021, 0x0021, 0x0021, 0x0021, 0x0021, 0x0021, 0x0021, 0x0041, 0x0042, 0x0021, 0x0021, 0x0021,
    0x0021, 0x0021, 0x0021, 0x0021, 0x0041, 0x0042, 0x0042, 0x0042, 0x0041, 0x0021, 0x0021, 0x0021,
    0x0042, 0x0041, 0x0042, 0x0042, 0x0042, 0x0042, 0x0042, 0x0041, 0x0021, 0x0021, 0x0021, 0x0021,
    0x0021, 0x0021, 0x0042, 0x0041, 0x0042, 0x0042, 0x0042, 0x0042, 0x0021, 0x0021, 0x0021, 0x0021,
    0x0021, 0x0021, 0x0041, 0x0042, 0x0042, 0x0042, 0x0041, 0x0021, 0x0021, 0x0021, 0x0021, 0x0021,
    0x0021, 0x0021, 0x0042, 0x0042, 0x0042, 0x0042, 0x0021, 0x0021, 0x0021, 0x0021, 0x0041, 0x0042,
    0x0042, 0x0042, 0x0042, 0x0042, 0x0042, 0x0042, 0x0021, 0x0021, 0x0021, 0x0021, 0x0021, 0x0021,
    0x0021, 0x0021, 0x0021, 0x0021, 0x0021, 0x0021, 0x0021, 0x0021, 0x0021, 0x0021, 0x0021, 0x0021,
    0x0021, 0x0021, 0x0021, 0x0021, 0x0021, 0x0021, 0x0021, 0x0021, 0x0021, 0x0021, 0x0021, 0x0021,
    0x0021, 0x0021, 0x0021, 0x0021, 0x0021, 0x0021, 0x0021, 0x0021, 0x0021, 0x0021, 0x0021, 0x0021,
    0x0021, 0x0021, 0x0021, 0x0021, 0x0021, 0x0021, 0x0021, 0x1841, 0x1841, 0x1841, 0x1841, 0x1841,
    0x1841, 0x1841, 0x1841, 0x1841, 0x1841, 0x1841, 0x1841, 0x1841, 0x1841, 0x1841, 0x1841, 0x1862,
    0x0801, 0xB2C5, 0xFC48, 0xFC48, 0xAAC5, 0x0001, 0x0021, 0x0021, 0x0021, 0x0021, 0x0021, 0x0000,
    0x0000, 0x0001, 0x0021, 0x0021, 0x0021, 0x0021, 0x0021, 0x0021, 0x0021, 0x0021, 0x0001, 0x0000,
    0x0000, 0x0000, 0x0021, 0x0021, 0x0021, 0x0021, 0x0021, 0x0021, 0x0000, 0x0000, 0x0000, 0x0000,
    0x0000, 0x0021, 0x0021, 0x0000, 0x0000, 0x0000, 0x0000, 0x0000, 0x0000, 0x0000, 0x0000, 0x0000,
    0x0021, 0x0021, 0x0021, 0x0021, 0x0021, 0x0000, 0x0000, 0x0000, 0x0000, 0x0000, 0x0000, 0x0000,
    0x0000, 0x0021, 0x0021, 0x0021, 0x0021, 0x0021, 0x0000, 0x0000, 0x0000, 0x0000, 0x0000, 0x0001,
    0x0021, 0x0021, 0x0021, 0x0021, 0x0021, 0x0000, 0x0000, 0x0000, 0x0000, 0x0000, 0x0000, 0x0021,
    0x0021, 0x0021, 0x0000, 0x0000, 0x0000, 0x0000, 0x0000, 0x0000, 0x0000, 0x0000, 0x0000, 0x0021,
    0x0021, 0x0021, 0x0021, 0x0021, 0x0021, 0x0021, 0x0021, 0x0021, 0x0021, 0x0021, 0x0021, 0x0021,
    0x0021, 0x0021, 0x0021, 0x0021, 0x0021, 0x0021, 0x0021, 0x0021, 0x0021, 0x0021, 0x0021, 0x0021,
    0x0021, 0x0021, 0x0021, 0x0021, 0x0021, 0x0021, 0x0021, 0x0021, 0x0021, 0x0021, 0x0021, 0x0021,
    0x0021, 0x0021, 0x0021, 0x0021, 0x0021, 0x0021, 0x0021, 0x0021, 0x0021, 0x0021, 0x0021, 0x1841,
    0x1841, 0x1841, 0x1841, 0x1841, 0x1841, 0x1841, 0x1841, 0x1841, 0x1841, 0x1841, 0x1841, 0x1841,
    0x1841, 0x1841, 0x1841, 0x1862, 0x0801, 0xB2C5, 0xFC48, 0xFC48, 0xAAC5, 0x0001, 0x0021, 0x0021,
    0x0021, 0x0021, 0x0021, 0x8C72, 0xAD75, 0x2966, 0x0000, 0x0021, 0x0021, 0x0021, 0x0021, 0x0021,
    0x0021, 0x0001, 0x10A3, 0x9CF4, 0xAD55, 0x4A6A, 0x0000, 0x0041, 0x0021, 0x0021, 0x0001, 0x0021,
    0x52CB, 0x94D3, 0xA556, 0x8C72, 0x4A4A, 0x0000, 0x0000, 0x3A08, 0xAD96, 0xA556, 0xA556, 0xA535,
    0xA555, 0xAD56, 0xAD76, 0x9D14, 0x0862, 0x0001, 0x0021, 0x0041, 0x0000, 0x632D, 0xAD75, 0xA535,
    0xAD56, 0xAD56, 0xA535, 0x8431, 0x2966, 0x0000, 0x0021, 0x0021, 0x0021, 0x0000, 0x4229, 0x8C51,
    0xA556, 0x9CF4, 0x632D, 0x10A3, 0x0000, 0x0021, 0x0021, 0x0021, 0x0000, 0x2125, 0x73CF, 0xA535,
    0xA535, 0x7BF0, 0x2966, 0x0000, 0x0021, 0x1083, 0x9D15, 0xAD76, 0xAD56, 0xA555, 0xA535, 0xAD56,
    0xA556, 0xAD96, 0x39C8, 0x0000, 0x0021, 0x0021, 0x0021, 0x0021, 0x0021, 0x0021, 0x0021, 0x0021,
    0x0021, 0x0021, 0x0021, 0x0021, 0x0021, 0x0021, 0x0021, 0x0021, 0x0021, 0x0021, 0x0021, 0x0021,
    0x0021, 0x0021, 0x0021, 0x0021, 0x0021, 0x0021, 0x0021, 0x0021, 0x0021, 0x0021, 0x0021, 0x0021,
    0x0021, 0x0021, 0x0021, 0x0021, 0x0021, 0x0021, 0x0021, 0x0021, 0x0021, 0x0021, 0x0021, 0x0021,
    0x0021, 0x0021, 0x0021, 0x1841, 0x1841, 0x1841, 0x1841, 0x1841, 0x1841, 0x1841, 0x1841, 0x1841,
    0x1841, 0x1841, 0x1841, 0x1841, 0x1841, 0x1841, 0x1841, 0x1861, 0x0801, 0xB2C5, 0xFC48, 0xFC48,
    0xAAC5, 0x0001, 0x0021, 0x0021, 0x0021, 0x0021, 0x0041, 0xDEFC, 0xFFFF, 0x4229, 0x0000, 0x0041,
    0x0021, 0x0021, 0x0021, 0x0021, 0x0042, 0x0000, 0x5AEC, 0xFFFF, 0xFFFF, 0xC639, 0x0000, 0x0021,
    0x0021, 0x0021, 0x0021, 0xAD56, 0xFFFF, 0xFFFF, 0xF7DF, 0xFFFF, 0xFFFF, 0x8C72, 0x0000, 0x5ACC,
    0xFFFF, 0xF7BF, 0xFFFF, 0xFFFF, 0xFFFF, 0xF7DF, 0xFFFF, 0xE75D, 0x1083, 0x0001, 0x0021, 0x0042,
    0x0000, 0x9CF4, 0xFFFF, 0xFFFF, 0xF7DF, 0xF7DF, 0xFFFF, 0xFFFF, 0xEF7E, 0x3187, 0x0000, 0x0021,
    0x0041, 0x9CF4, 0xFFFF, 0xFFFF, 0xF7DF, 0xFFFF, 0xFFFF, 0xDEFC, 0x39C8, 0x0000, 0x0042, 0x0000,
    0x5B0C, 0xF79E, 0xFFFF, 0xFFFF, 0xFFFF, 0xFFFF, 0xFFDF, 0x73AF, 0x0000, 0x10C4, 0xEF5E, 0xFFFF,
    0xF7DF, 0xFFFF, 0xFFFF, 0xFFFF, 0xF7BF, 0xFFFF, 0x52AB, 0x0000, 0x0041, 0x0021, 0x0021, 0x0021,
    0x0021, 0x0021, 0x0021, 0x0021, 0x0021, 0x0021, 0x0021, 0x0021, 0x0021, 0x0021, 0x0021, 0x0021,
    0x0021, 0x0021, 0x0021, 0x0021, 0x0021, 0x0021, 0x0021, 0x0021, 0x0021, 0x0021, 0x0021, 0x0021,
    0x0021, 0x0021, 0x0021, 0x0021, 0x0021, 0x0021, 0x0021, 0x0021, 0x0021, 0x0021, 0x0021, 0x0021,
    0x0021, 0x0021, 0x0021, 0x0021, 0x0021, 0x0021, 0x0021, 0x1841, 0x1841, 0x1841, 0x1841, 0x1841,
    0x1841, 0x1841, 0x1841, 0x1841, 0x1841, 0x1841, 0x1841, 0x1841, 0x1841, 0x1841, 0x1841, 0x1861,
    0x0801, 0xB2C5, 0xFC48, 0xFC48, 0xAAC5, 0x0001, 0x0021, 0x0021, 0x0021, 0x0021, 0x0041, 0xCE7A,
    0xFFDF, 0x3A09, 0x0000, 0x0041, 0x0021, 0x0021, 0x0021, 0x0021, 0x0021, 0x0000, 0xBDF8, 0xE75D,
    0xBDF8, 0xFFDF, 0x31A7, 0x0000, 0x0842, 0x0000, 0x4A6A, 0xFFFF, 0xC639, 0x2945, 0x1082, 0x528B,
    0xFFDF, 0xFFFF, 0x39E8, 0x0020, 0x10A3, 0x0861, 0x424A, 0xFFDF, 0xCE9A, 0x10A3, 0x0882, 0x0883,
    0x0021, 0x0021, 0x0021, 0x0042, 0x0000, 0x8C92, 0xFFDF, 0x8431, 0x0862, 0x10C4, 0x18E4, 0x9D15,
    0xFFFF, 0x94D4, 0x0000, 0x0000, 0x8431, 0xFFFF, 0xDEFC, 0x4A6A, 0x1083, 0x2125, 0x94B3, 0xFFFF,
    0xE73D, 0x18E4, 0x0000, 0x39E8, 0xFFDF, 0xFFFF, 0x73D0, 0x18C4, 0x10A3, 0x630D, 0xF79E, 0xFFFF,
    0x52AB, 0x0000, 0x10A3, 0x0862, 0x10A3, 0xD6BB, 0xFFDF, 0x4229, 0x0861, 0x10A3, 0x0042, 0x0021,
    0x0021, 0x0021, 0x0021, 0x0021, 0x0021, 0x0021, 0x0021, 0x0021, 0x0021, 0x0021, 0x0021, 0x0021,
    0x0021, 0x0021, 0x0021, 0x0021, 0x0021, 0x0021, 0x0021, 0x0021, 0x0021, 0x0021, 0x0021, 0x0021,
    0x0021, 0x0021, 0x0021, 0x0021, 0x0021, 0x0021, 0x0021, 0x0021, 0x0021, 0x0021, 0x0021, 0x0021,
    0x0021, 0x0021, 0x0021, 0x0021, 0x0021, 0x0021, 0x0021, 0x0021, 0x0021, 0x0021, 0x0021, 0x1841,
    0x1841, 0x1841, 0x1841, 0x1841, 0x1841, 0x1841, 0x1841, 0x1841, 0x1841, 0x1841, 0x1841, 0x1841,
    0x1841, 0x1841, 0x1841, 0x1861, 0x0801, 0xB2C5, 0xFC48, 0xFC48, 0xAAC5, 0x0001, 0x0021, 0x0021,
    0x0021, 0x0021, 0x0041, 0xCE7A, 0xFFFF, 0x4209, 0x0000, 0x0041, 0x0021, 0x0021, 0x0021, 0x0021,
    0x0000, 0x2146, 0xFFFF, 0xAD56, 0x52AB, 0xFFFF, 0x8C72, 0x0000, 0x0862, 0x0000, 0x632D, 0xFFFF,
    0xB597, 0x0020, 0x0000, 0x0000, 0x73AF, 0xAD76, 0x4229, 0x0000, 0x0021, 0x0000, 0x39E8, 0xFFFF,
    0xCE9A, 0x0021, 0x0000, 0x0001, 0x0021, 0x0021, 0x0021, 0x0042, 0x0000, 0x9493, 0xFFFF, 0x73CF,
    0x0000, 0x0000, 0x0000, 0x5AEC, 0xFFFF, 0x9D15, 0x0000, 0x18E4, 0xEF7E, 0xFFDF, 0x4249, 0x0000,
    0x0021, 0x0000, 0x0000, 0xBDF8, 0xFFFF, 0x7BF0, 0x0000, 0xAD76, 0xFFFF, 0x9493, 0x0000, 0x0001,
    0x0001, 0x0000, 0x73AF, 0xFFFF, 0xC639, 0x0021, 0x0001, 0x0000, 0x0021, 0xD6BB, 0xFFFF, 0x39C8,
    0x0000, 0x0021, 0x0021, 0x0021, 0x0021, 0x0021, 0x0021, 0x0021, 0x0021, 0x0021, 0x0021, 0x0021,
    0x0021, 0x0021, 0x0021, 0x0021, 0x0021, 0x0021, 0x0021, 0x0021, 0x0021, 0x0021, 0x0021, 0x0021,
    0x0021, 0x0021, 0x0021, 0x0021, 0x0021, 0x0021, 0x0021, 0x0021, 0x0021, 0x0021, 0x0021, 0x0021,
    0x0021, 0x0021, 0x0021, 0x0021, 0x0021, 0x0021, 0x0021, 0x0021, 0x0021, 0x0021, 0x0021, 0x0021,
    0x0021, 0x0021, 0x0021, 0x1841, 0x1841, 0x1841, 0x1841, 0x1841, 0x1841, 0x1841, 0x1841, 0x1841,
    0x1841, 0x1841, 0x1841, 0x1841, 0x1841, 0x1841, 0x1841, 0x1861, 0x0801, 0xB2C5, 0xFC48, 0xFC48,
    0xAAC5, 0x0001, 0x0021, 0x0021, 0x0021, 0x0021, 0x0041, 0xCE7A, 0xFFFF, 0x4209, 0x0000, 0x0041,
    0x0021, 0x0021, 0x0021, 0x0042, 0x0000, 0x7BF0, 0xFFFF, 0x6B6E, 0x10A3, 0xF7DF, 0xE73D, 0x1083,
    0x0021, 0x0000, 0x2145, 0xF7BF, 0xFFFF, 0xD6DB, 0x94B3, 0x5AEC, 0x1083, 0x0000, 0x0000, 0x0021,
    0x0042, 0x0000, 0x3A09, 0xFFFF, 0xCE9B, 0x0842, 0x0021, 0x0021, 0x0021, 0x0021, 0x0021, 0x0042,
    0x0000, 0x9493, 0xFFFF, 0xA535, 0x4A8A, 0x52AB, 0x632D, 0xD6DB, 0xE73D, 0x39E8, 0x0000, 0x4A4A,
    0xFFFF, 0xD6DC, 0x0842, 0x0021, 0x0021, 0x0842, 0x0000, 0x738F, 0xFFFF, 0xAD76, 0x0021, 0xDEFC,
    0xFFFF, 0x4229, 0x0000, 0x0842, 0x0042, 0x0000, 0x2966, 0xF7DF, 0xEF9E, 0x18E4, 0x0000, 0x0021,
    0x0862, 0xD6BB, 0xFFFF, 0x39E8, 0x0000, 0x0042, 0x0021, 0x0021, 0x0021, 0x0021, 0x0021, 0x0021,
    0x0021, 0x0021, 0x0021, 0x0021, 0x0021, 0x0021, 0x0021, 0x0021, 0x0021, 0x0021, 0x0021, 0x0021,
    0x0021, 0x0021, 0x0021, 0x0021, 0x0021, 0x0021, 0x0021, 0x0021, 0x0021, 0x0021, 0x0021, 0x0021,
    0x0021, 0x0021, 0x0021, 0x0021, 0x0021, 0x0021, 0x0021, 0x0021, 0x0021, 0x0021, 0x0021, 0x0021,
    0x0021, 0x0021, 0x0021, 0x0021, 0x0021, 0x0021, 0x0021, 0x1841, 0x1841, 0x1841, 0x1841, 0x1841,
    0x1841, 0x1841, 0x1841, 0x1841, 0x1841, 0x1841, 0x1841, 0x1841, 0x1841, 0x1841, 0x1841, 0x1861,
    0x0801, 0xB2C5, 0xFC48, 0xFC48, 0xAAC5, 0x0001, 0x0021, 0x0021, 0x0021, 0x0021, 0x0041, 0xCE7A,
    0xFFFF, 0x4209, 0x0000, 0x0041, 0x0021, 0x0021, 0x0021, 0x0001, 0x0842, 0xD6BB, 0xFFFF, 0x31A7,
    0x0000, 0xBE19, 0xFFFF, 0x5AEC, 0x0000, 0x0842, 0x0000, 0x528B, 0xDEDB, 0xFFFF, 0xFFFF, 0xFFFF,
    0xEF9E, 0x8431, 0x0021, 0x0021, 0x0041, 0x0000, 0x3A09, 0xFFFF, 0xCE9B, 0x0042, 0x0021, 0x0021,
    0x0021, 0x0021, 0x0021, 0x0042, 0x0000, 0x94B3, 0xFFFF, 0xFFFF, 0xFFFF, 0xFFFF, 0xFFFF, 0xFFFF,
    0xAD96, 0x0862, 0x0000, 0x5ACC, 0xFFFF, 0xC619, 0x0021, 0x0021, 0x0021, 0x0042, 0x0000, 0x5AEC,
    0xFFFF, 0xBDF8, 0x10A3, 0xEF7E, 0xFFFF, 0x31A7, 0x0000, 0x0021, 0x0021, 0x0000, 0x18E4, 0xEF7E,
    0xF7DF, 0x2987, 0x0000, 0x0021, 0x0842, 0xD6BB, 0xFFFF, 0x39E8, 0x0000, 0x0041, 0x0021, 0x0021,
    0x0021, 0x0021, 0x0021, 0x0021, 0x0021, 0x0021, 0x0021, 0x0021, 0x0021, 0x0021, 0x0021, 0x0021,
    0x0021, 0x0021, 0x0021, 0x0021, 0x0021, 0x0021, 0x0021, 0x0021, 0x0021, 0x0021, 0x0021, 0x0021,
    0x0021, 0x0021, 0x0021, 0x0021, 0x0021, 0x0021, 0x0021, 0x0021, 0x0021, 0x0021, 0x0021, 0x0021,
    0x0021, 0x0021, 0x0021, 0x0021, 0x0021, 0x0021, 0x0021, 0x0021, 0x0021, 0x0021, 0x0021, 0x1841,
    0x1841, 0x1841, 0x1841, 0x1841, 0x1841, 0x1841, 0x1841, 0x1841, 0x1841, 0x1841, 0x1841, 0x1841,
    0x1841, 0x1841, 0x1841, 0x1861, 0x0801, 0xB2C5, 0xFC48, 0xFC48, 0xAAC5, 0x0001, 0x0021, 0x0021,
    0x0021, 0x0021, 0x0041, 0xCE7A, 0xFFFF, 0x4209, 0x0000, 0x0041, 0x0021, 0x0021, 0x0041, 0x0000,
    0x424A, 0xFFFF, 0xD6BB, 0x18C4, 0x0861, 0x8431, 0xFFFF, 0xB5D8, 0x0000, 0x0021, 0x0000, 0x0000,
    0x0021, 0x4229, 0x7C10, 0xBE18, 0xFFFF, 0xFFFF, 0x634E, 0x0000, 0x0842, 0x0000, 0x3A09, 0xFFFF,
    0xCE9B, 0x0042, 0x0021, 0x0021, 0x0021, 0x0021, 0x0021, 0x0042, 0x0000, 0x9493, 0xFFFF, 0xA535,
    0x4A6A, 0x52AB, 0x5AEC, 0xB5B7, 0xFFFF, 0xB5D8, 0x0000, 0x52AB, 0xFFFF, 0xCE9A, 0x0041, 0x0021,
    0x0021, 0x0842, 0x0000, 0x634E, 0xFFFF, 0xB5B7, 0x0862, 0xE73D, 0xFFFF, 0x39E8, 0x0000, 0x0041,
    0x0021, 0x0000, 0x2125, 0xF7BF, 0xF7BF, 0x2146, 0x0000, 0x0021, 0x0842, 0xD6BB, 0xFFFF, 0x39E8,
    0x0000, 0x0041, 0x0021, 0x0021, 0x0021, 0x0021, 0x0021, 0x0021, 0x0021, 0x0021, 0x0021, 0x0021,
    0x0021, 0x0021, 0x0021, 0x0021, 0x0021, 0x0021, 0x0021, 0x0021, 0x0021, 0x0021, 0x0021, 0x0021,
    0x0021, 0x0021, 0x0021, 0x0021, 0x0021, 0x0021, 0x0021, 0x0021, 0x0021, 0x0021, 0x0021, 0x0021,
    0x0021, 0x0021, 0x0021, 0x0021, 0x0021, 0x0021, 0x0021, 0x0021, 0x0021, 0x0021, 0x0021, 0x0021,
    0x0021, 0x0021, 0x0021, 0x1841, 0x1841, 0x1841, 0x1841, 0x1841, 0x1841, 0x1841, 0x1841, 0x1841,
    0x1841, 0x1841, 0x1841, 0x1841, 0x1841, 0x1841, 0x1841, 0x2041, 0x0801, 0xB2C5, 0xFC48, 0xFC48,
    0xAAC5, 0x0001, 0x0021, 0x0021, 0x0021, 0x0021, 0x0041, 0xCE7A, 0xFFFF, 0x4229, 0x0020, 0x0862,
    0x0041, 0x0041, 0x0042, 0x0000, 0xA535, 0xFFFF, 0xFFFF, 0xF7DF, 0xF7DF, 0xFFFF, 0xFFFF, 0xF7BF,
    0x3187, 0x0000, 0x4A6A, 0x9492, 0x31A7, 0x0000, 0x0000, 0x0000, 0x7C11, 0xFFFF, 0xAD96, 0x0000,
    0x0842, 0x0000, 0x3A09, 0xFFFF, 0xCE9B, 0x0042, 0x0021, 0x0021, 0x0021, 0x0021, 0x0021, 0x0042,
    0x0000, 0x9493, 0xFFFF, 0x7BD0, 0x0000, 0x0000, 0x0000, 0x10A3, 0xEF7E, 0xFFFF, 0x2145, 0x2125,
    0xFFDF, 0xF7BF, 0x2946, 0x0000, 0x0842, 0x0041, 0x0000, 0xA535, 0xFFFF, 0x94B3, 0x0000, 0xC639,
    0xFFFF, 0x73AF, 0x0000, 0x0842, 0x0842, 0x0000, 0x52AB, 0xFFFF, 0xD6DC, 0x0862, 0x0001, 0x0021,
    0x0842, 0xD6BB, 0xFFFF, 0x39E8, 0x0000, 0x0041, 0x0021, 0x0021, 0x0021, 0x0021, 0x0021, 0x0021,
    0x0021, 0x0021, 0x0021, 0x0021, 0x0021, 0x0021, 0x0021, 0x0021, 0x0021, 0x0021, 0x0021, 0x0021,
    0x0021, 0x0021, 0x0021, 0x0021, 0x0021, 0x0021, 0x0021, 0x0021, 0x0021, 0x0021, 0x0021, 0x0021,
    0x0021, 0x0021, 0x0021, 0x0021, 0x0021, 0x0021, 0x0021, 0x0021, 0x0021, 0x0021, 0x0021, 0x0021,
    0x0021, 0x0021, 0x0021, 0x0021, 0x0021, 0x0021, 0x0021, 0x1841, 0x1841, 0x1841, 0x1841, 0x1841,
    0x1841, 0x1841, 0x1841, 0x1841, 0x1841, 0x1841, 0x1841, 0x1841, 0x1841, 0x1841, 0x1841, 0x2041,
    0x0801, 0xB2C5, 0xFC48, 0xFC48, 0xAAC5, 0x0001, 0x0021, 0x0021, 0x0021, 0x0021, 0x0041, 0xCE7A,
    0xFFFF, 0x31A7, 0x0000, 0x0000, 0x0000, 0x0000, 0x0000, 0x18E4, 0xEF7E, 0xF7DF, 0xAD96, 0xA556,
    0xAD76, 0xA555, 0xD6BB, 0xFFFF, 0x8C72, 0x0000, 0xA535, 0xFFFF, 0xB597, 0x0861, 0x0000, 0x0000,
    0x8C72, 0xFFFF, 0x9D15, 0x0000, 0x0842, 0x0000, 0x3A09, 0xFFFF, 0xCE9A, 0x0042, 0x0021, 0x0021,
    0x0021, 0x0021, 0x0021, 0x0042, 0x0000, 0x8C93, 0xFFFF, 0x7BD0, 0x0000, 0x0000, 0x0000, 0x31A7,
    0xEF9E, 0xF7DF, 0x2966, 0x0000, 0xB5D8, 0xFFFF, 0xAD97, 0x10A2, 0x0000, 0x0000, 0x52CC, 0xF7BF,
    0xFFFF, 0x39E8, 0x0000, 0x6B6E, 0xFFFF, 0xE71C, 0x31C8, 0x0000, 0x0000, 0x2125, 0xCE9A, 0xFFFF,
    0x8431, 0x0000, 0x0042, 0x0001, 0x0842, 0xD6BB, 0xFFFF, 0x39E8, 0x0000, 0x0041, 0x0021, 0x0021,
    0x0021, 0x0021, 0x0021, 0x0021, 0x0021, 0x0021, 0x0021, 0x0021, 0x0021, 0x0021, 0x0021, 0x0021,
    0x0021, 0x0021, 0x0021, 0x0021, 0x0021, 0x0021, 0x0021, 0x0021, 0x0021, 0x0021, 0x0021, 0x0021,
    0x0021, 0x0021, 0x0021, 0x0021, 0x0021, 0x0021, 0x0021, 0x0021, 0x0021, 0x0021, 0x0021, 0x0021,
    0x0021, 0x0021, 0x0021, 0x0021, 0x0021, 0x0021, 0x0021, 0x0021, 0x0021, 0x0021, 0x0021, 0x1841,
    0x1841, 0x1841, 0x1841, 0x1841, 0x1841, 0x1841, 0x1841, 0x1841, 0x1841, 0x1841, 0x1841, 0x1841,
    0x1841, 0x1841, 0x1841, 0x2041, 0x0801, 0xB2C5, 0xFC48, 0xFC48, 0xAAC5, 0x0001, 0x0021, 0x0021,
    0x0021, 0x0021, 0x0041, 0xD69B, 0xFFFF, 0xBDF8, 0xA555, 0xAD76, 0xA555, 0xB596, 0x4A6A, 0x630D,
    0xFFFF, 0xC619, 0x0000, 0x0000, 0x0000, 0x0000, 0x52CC, 0xFFFF, 0xDF1D, 0x0862, 0x2125, 0xEF5D,
    0xFFFF, 0xD6DC, 0xA555, 0xCE5A, 0xFFFF, 0xFFDF, 0x39E8, 0x0000, 0x0842, 0x0000, 0x3A09, 0xFFFF,
    0xD6BB, 0x0042, 0x0021, 0x0021, 0x0021, 0x0021, 0x0021, 0x0042, 0x0000, 0x94B3, 0xFFFF, 0xCE9B,
    0xA555, 0xAD76, 0xAD96, 0xE75D, 0xFFFF, 0xB5B7, 0x0021, 0x0021, 0x2945, 0xDEFC, 0xFFFF, 0xE73D,
    0xAD76, 0xC639, 0xFFFF, 0xFFFF, 0x7BD0, 0x0000, 0x0021, 0x0021, 0xA555, 0xFFFF, 0xFFFF, 0xB5D8,
    0xB597, 0xF7BF, 0xFFFF, 0xBDF8, 0x0862, 0x0021, 0x0021, 0x0001, 0x0842, 0xD6DB, 0xFFFF, 0x39E8,
    0x0000, 0x0041, 0x0021, 0x0021, 0x0021, 0x0021, 0x0021, 0x0021, 0x0021, 0x0021, 0x0021, 0x0021,
    0x0021, 0x0021, 0x0021, 0x0021, 0x0021, 0x0021, 0x0021, 0x0021, 0x0021, 0x0021, 0x0021, 0x0021,
    0x0021, 0x0021, 0x0021, 0x0021, 0x0021, 0x0021, 0x0021, 0x0021, 0x0021, 0x0021, 0x0021, 0x0021,
    0x0021, 0x0021, 0x0021, 0x0021, 0x0021, 0x0021, 0x0021, 0x0021, 0x0021, 0x0021, 0x0021, 0x0021,
    0x0021, 0x0021, 0x0021, 0x1841, 0x1841, 0x1841, 0x1841, 0x1841, 0x1841, 0x1841, 0x1841, 0x1841,
    0x1841, 0x1841, 0x1841, 0x1841, 0x1841, 0x1841, 0x1841, 0x2041, 0x0801, 0xB2C5, 0xFC48, 0xFC48,
    0xAAC5, 0x0001, 0x0021, 0x0021, 0x0021, 0x0021, 0x0041, 0xC619, 0xEF9E, 0xF79F, 0xF7DF, 0xF7DF,
    0xF7BF, 0xFFFF, 0x7BF0, 0xA535, 0xEF7D, 0x632D, 0x0000, 0x0862, 0x0842, 0x0021, 0x1083, 0xCE9B,
    0xEF9E, 0x528B, 0x0000, 0x31A7, 0xA535, 0xE71C, 0xF7DF, 0xE75D, 0xB597, 0x4209, 0x0000, 0x0021,
    0x0041, 0x0000, 0x39E8, 0xEF9E, 0xC639, 0x0042, 0x0021, 0x0021, 0x0021, 0x0021, 0x0021, 0x0042,
    0x0000, 0x8C72, 0xEF9E, 0xEF7E, 0xF7DF, 0xF7BF, 0xF7BF, 0xDEFC, 0x9CF4, 0x10A3, 0x0000, 0x0042,
    0x0000, 0x18E4, 0x8C92, 0xD6BB, 0xF7BF, 0xEF7E, 0xB5D7, 0x4A8B, 0x0000, 0x0021, 0x0021, 0x0021,
    0x0021, 0x6B4E, 0xC639, 0xEF9F, 0xF7BF, 0xCE7A, 0x73CF, 0x0862, 0x0000, 0x0021, 0x0021, 0x0001,
    0x0842, 0xC659, 0xEF9E, 0x39C8, 0x0000, 0x0041, 0x0021, 0x0021, 0x0021, 0x0021, 0x0021, 0x0021,
    0x0021, 0x0021, 0x0021, 0x0021, 0x0021, 0x0021, 0x0021, 0x0021, 0x0021, 0x0021, 0x0021, 0x0021,
    0x0021, 0x0021, 0x0021, 0x0021, 0x0021, 0x0021, 0x0021, 0x0021, 0x0021, 0x0021, 0x0021, 0x0021,
    0x0021, 0x0021, 0x0021, 0x0021, 0x0021, 0x0021, 0x0021, 0x0021, 0x0021, 0x0021, 0x0021, 0x0021,
    0x0021, 0x0021, 0x0021, 0x0021, 0x0021, 0x0021, 0x0021, 0x1841, 0x1841, 0x1841, 0x1841, 0x1841,
    0x1841, 0x1841, 0x1841, 0x1841, 0x1841, 0x1841, 0x1841, 0x1841, 0x1841, 0x1841, 0x1841, 0x2041,
    0x0801, 0xB2C5, 0xFC48, 0xFC48, 0xAAC5, 0x0001, 0x0021, 0x0021, 0x0021, 0x0021, 0x0021, 0x1083,
    0x10A3, 0x0883, 0x0882, 0x0883, 0x0882, 0x0883, 0x0862, 0x10A3, 0x10A3, 0x0021, 0x0021, 0x0021,
    0x0021, 0x0021, 0x0001, 0x0862, 0x10A3, 0x0862, 0x0021, 0x0000, 0x0000, 0x0842, 0x0882, 0x0862,
    0x0000, 0x0000, 0x0021, 0x0021, 0x0021, 0x0021, 0x0042, 0x10A3, 0x1083, 0x0021, 0x0021, 0x0021,
    0x0021, 0x0021, 0x0021, 0x0021, 0x0021, 0x0862, 0x10A3, 0x1083, 0x0882, 0x0882, 0x0862, 0x0842,
    0x0000, 0x0000, 0x0021, 0x0021, 0x0021, 0x0000, 0x0000, 0x0021, 0x0882, 0x0862, 0x0000, 0x0000,
    0x0021, 0x0021, 0x0021, 0x0021, 0x0021, 0x0000, 0x0001, 0x0862, 0x0882, 0x0001, 0x0000, 0x0001,
    0x0021, 0x0021, 0x0021, 0x0021, 0x0021, 0x1083, 0x10A3, 0x0042, 0x0021, 0x0021, 0x0021, 0x0021,
    0x0021, 0x0021, 0x0021, 0x0021, 0x0021, 0x0021, 0x0021, 0x0021, 0x0021, 0x0021, 0x0021, 0x0021,
    0x0021, 0x0021, 0x0021, 0x0021, 0x0021, 0x0021, 0x0021, 0x0021, 0x0021, 0x0021, 0x0021, 0x0021,
    0x0021, 0x0021, 0x0021, 0x0021, 0x0021, 0x0021, 0x0021, 0x0021, 0x0021, 0x0021, 0x0021, 0x0021,
    0x0021, 0x0021, 0x0021, 0x0021, 0x0021, 0x0021, 0x0021, 0x0021, 0x0021, 0x0021, 0x0021, 0x1841,
    0x1841, 0x1841, 0x1841, 0x1841, 0x1841, 0x1841, 0x1841, 0x1841, 0x1841, 0x1841, 0x1841, 0x1841,
    0x1841, 0x1841, 0x1841, 0x2041, 0x0801, 0xB2C5, 0xFC48, 0xFC48, 0xAAC5, 0x0001, 0x0021, 0x0021,
    0x0021, 0x0021, 0x0021, 0x0001, 0x0001, 0x0001, 0x0001, 0x0001, 0x0001, 0x0001, 0x0001, 0x0001,
    0x0001, 0x0021, 0x0021, 0x0021, 0x0021, 0x0021, 0x0021, 0x0001, 0x0001, 0x0001, 0x0021, 0x0021,
    0x0041, 0x0001, 0x0001, 0x0001, 0x0021, 0x0041, 0x0021, 0x0021, 0x0021, 0x0021, 0x0021, 0x0001,
    0x0001, 0x0021, 0x0021, 0x0021, 0x0021, 0x0021, 0x0021, 0x0021, 0x0021, 0x0001, 0x0001, 0x0001,
    0x0001, 0x0001, 0x0001, 0x0001, 0x0041, 0x0021, 0x0021, 0x0021, 0x0021, 0x0021, 0x0041, 0x0021,
    0x0001, 0x0001, 0x0021, 0x0041, 0x0021, 0x0021, 0x0021, 0x0021, 0x0021, 0x0041, 0x0021, 0x0001,
    0x0001, 0x0021, 0x0042, 0x0021, 0x0021, 0x0021, 0x0021, 0x0021, 0x0021, 0x0001, 0x0001, 0x0021,
    0x0021, 0x0021, 0x0021, 0x0021, 0x0021, 0x0021, 0x0021, 0x0021, 0x0021, 0x0021, 0x0021, 0x0021,
    0x0021, 0x0021, 0x0021, 0x0021, 0x0021, 0x0021, 0x0021, 0x0021, 0x0021, 0x0021, 0x0021, 0x0021,
    0x0021, 0x0021, 0x0021, 0x0021, 0x0021, 0x0021, 0x0021, 0x0021, 0x0021, 0x0021, 0x0021, 0x0021,
    0x0021, 0x0021, 0x0021, 0x0021, 0x0021, 0x0021, 0x0021, 0x0021, 0x0021, 0x0021, 0x0021, 0x0021,
    0x0021, 0x0021, 0x0021, 0x1841, 0x1841, 0x1841, 0x1841, 0x1841, 0x1841, 0x1841, 0x1841, 0x1841,
    0x1841, 0x1841, 0x1841, 0x1841, 0x1841, 0x1841, 0x1841, 0x2041, 0x0801, 0xB2C5, 0xFC48, 0xFC48,
    0xAAC5, 0x0001, 0x0021, 0x0021, 0x0021, 0x0021, 0x0021, 0x0021, 0x0021, 0x0021, 0x0021, 0x0021,
    0x0021, 0x0021, 0x0021, 0x0021, 0x0021, 0x0021, 0x0021, 0x0021, 0x0021, 0x0021, 0x0021, 0x0021,
    0x0021, 0x0021, 0x0021, 0x0021, 0x0021, 0x0021, 0x0021, 0x0021, 0x0021, 0x0021, 0x0021, 0x0021,
    0x0021, 0x0021, 0x0021, 0x0021, 0x0021, 0x0021, 0x0021, 0x0021, 0x0021, 0x0021, 0x0021, 0x0021,
    0x0021, 0x0021, 0x0021, 0x0021, 0x0021, 0x0021, 0x0021, 0x0021, 0x0021, 0x0021, 0x0021, 0x0021,
    0x0021, 0x0021, 0x0021, 0x0021, 0x0021, 0x0021, 0x0021, 0x0021, 0x0021, 0x0021, 0x0021, 0x0021,
    0x0021, 0x0021, 0x0021, 0x0021, 0x0021, 0x0021, 0x0021, 0x0021, 0x0021, 0x0021, 0x0021, 0x0021,
    0x0021, 0x0021, 0x0021, 0x0021, 0x0021, 0x0021, 0x0021, 0x0021, 0x0021, 0x0021, 0x0021, 0x0021,
    0x0021, 0x0021, 0x0021, 0x0021, 0x0021, 0x0021, 0x0021, 0x0021, 0x0021, 0x0021, 0x0021, 0x0021,
    0x0021, 0x0021, 0x0021, 0x0021, 0x0021, 0x0021, 0x0021, 0x0021, 0x0021, 0x0021, 0x0021, 0x0021,
    0x0021, 0x0021, 0x0021, 0x0021, 0x0021, 0x0021, 0x0021, 0x0021, 0x0021, 0x0021, 0x0021, 0x0021,
    0x0021, 0x0021, 0x0021, 0x0021, 0x0021, 0x0021, 0x0021, 0x1841, 0x1841, 0x1841, 0x1841, 0x1841,
    0x1841, 0x1841, 0x1841, 0x1841, 0x1841, 0x1841, 0x1841, 0x1841, 0x1841, 0x1841, 0x1841, 0x2041,
    0x0801, 0xB2C5, 0xFC48, 0xFC48, 0xAAC5, 0x0001, 0x0021, 0x0021, 0x0021, 0x0021, 0x0021, 0x0021,
    0x0021, 0x0021, 0x0021, 0x0021, 0x0021, 0x0021, 0x0021, 0x0021, 0x0021, 0x0021, 0x0021, 0x0021,
    0x0021, 0x0021, 0x0021, 0x0021, 0x0021, 0x0021, 0x0021, 0x0021, 0x0021, 0x0021, 0x0021, 0x0021,
    0x0021, 0x0021, 0x0021, 0x0021, 0x0021, 0x0021, 0x0021, 0x0021, 0x0021, 0x0021, 0x0021, 0x0021,
    0x0021, 0x0021, 0x0021, 0x0021, 0x0021, 0x0021, 0x0021, 0x0021, 0x0021, 0x0021, 0x0021, 0x0021,
    0x0021, 0x0021, 0x0021, 0x0021, 0x0021, 0x0021, 0x0021, 0x0021, 0x0021, 0x0021, 0x0021, 0x0021,
    0x0021, 0x0021, 0x0021, 0x0021, 0x0021, 0x0021, 0x0021, 0x0021, 0x0021, 0x0021, 0x0021, 0x0021,
    0x0021, 0x0021, 0x0021, 0x0021, 0x0021, 0x0021, 0x0021, 0x0021, 0x0021, 0x0021, 0x0021, 0x0021,
    0x0021, 0x0021, 0x0021, 0x0021, 0x0021, 0x0021, 0x0021, 0x0021, 0x0021, 0x0021, 0x0021, 0x0021,
    0x0021, 0x0021, 0x0021, 0x0021, 0x0021, 0x0021, 0x0021, 0x0021, 0x0021, 0x0021, 0x0021, 0x0021,
    0x0021, 0x0021, 0x0021, 0x0021, 0x0021, 0x0021, 0x0021, 0x0021, 0x0021, 0x0021, 0x0021, 0x0021,
    0x0021, 0x0021, 0x0021, 0x0021, 0x0021, 0x0021, 0x0021, 0x0021, 0x0021, 0x0021, 0x0021, 0x1841,
    0x1841, 0x1841, 0x1841, 0x1841, 0x1841, 0x1841, 0x1841, 0x1841, 0x1841, 0x1841, 0x1841, 0x1841,
    0x1841, 0x1841, 0x1841, 0x2041, 0x0801, 0xB2C5, 0xFC48, 0xFC48, 0xAAC5, 0x0001, 0x0021, 0x0021,
    0x0021, 0x0021, 0x0021, 0x0021, 0x0021, 0x0021, 0x0021, 0x0021, 0x0021, 0x0021, 0x0021, 0x0021,
    0x0021, 0x0021, 0x0021, 0x0021, 0x0021, 0x0021, 0x0021, 0x0021, 0x0021, 0x0021, 0x0021, 0x0021,
    0x0021, 0x0021, 0x0021, 0x0021, 0x0021, 0x0021, 0x0021, 0x0021, 0x0021, 0x0021, 0x0021, 0x0021,
    0x0021, 0x0021, 0x0021, 0x0021, 0x0021, 0x0021, 0x0021, 0x0021, 0x0021, 0x0021, 0x0021, 0x0021,
    0x0021, 0x0021, 0x0021, 0x0021, 0x0021, 0x0021, 0x0021, 0x0021, 0x0021, 0x0021, 0x0021, 0x0021,
    0x0021, 0x0021, 0x0021, 0x0021, 0x0021, 0x0021, 0x0021, 0x0021, 0x0021, 0x0021, 0x0021, 0x0021,
    0x0021, 0x0021, 0x0021, 0x0021, 0x0021, 0x0021, 0x0021, 0x0021, 0x0021, 0x0021, 0x0021, 0x0021,
    0x0021, 0x0021, 0x0021, 0x0021, 0x0021, 0x0021, 0x0021, 0x0021, 0x0021, 0x0021, 0x0021, 0x0021,
    0x0021, 0x0021, 0x0021, 0x0021, 0x0021, 0x0021, 0x0021, 0x0021, 0x0021, 0x0021, 0x0021, 0x0021,
    0x0021, 0x0021, 0x0021, 0x0021, 0x0021, 0x0021, 0x0021, 0x0021, 0x0021, 0x0021, 0x0021, 0x0021,
    0x0021, 0x0021, 0x0021, 0x0021, 0x0021, 0x0021, 0x0021, 0x0021, 0x0021, 0x0021, 0x0021, 0x0021,
    0x0021, 0x0021, 0x0021, 0x1841, 0x1841, 0x1841, 0x1841, 0x1841, 0x1841, 0x1841, 0x1841, 0x1841,
    0x1841, 0x1841, 0x1841, 0x1841, 0x1841, 0x1841, 0x1841, 0x2041, 0x0801, 0xB2C5, 0xFC48, 0xFC48,
    0xAAC5, 0x0001, 0x0021, 0x0021, 0x0021, 0x0021, 0x0021, 0x0001, 0x0001, 0x0001, 0x0001, 0x0001,
    0x0021, 0x0001, 0x0001, 0x0001, 0x0001, 0x0001, 0x0001, 0x0021, 0x0021, 0x0001, 0x0001, 0x0001,
    0x0021, 0x0001, 0x0001, 0x0021, 0x0001, 0x0021, 0x0021, 0x0001, 0x0021, 0x0021, 0x0001, 0x0001,
    0x0001, 0x0001, 0x0021, 0x0001, 0x0001, 0x0001, 0x0021, 0x0021, 0x0021, 0x0001, 0x0001, 0x0001,
    0x0001, 0x0001, 0x0001, 0x0001, 0x0001, 0x0021, 0x0001, 0x0001, 0x0001, 0x0021, 0x0021, 0x0001,
    0x0001, 0x0001, 0x0001, 0x0001, 0x0001, 0x0001, 0x0001, 0x0001, 0x0001, 0x0021, 0x0001, 0x0001,
    0x0001, 0x0021, 0x0021, 0x0021, 0x0021, 0x0021, 0x0021, 0x0021, 0x0021, 0x0021, 0x0021, 0x0021,
    0x0021, 0x0021, 0x0021, 0x0021, 0x0021, 0x0021, 0x0021, 0x0021, 0x0021, 0x0021, 0x0021, 0x0021,
    0x0021, 0x0021, 0x0021, 0x0021, 0x0021, 0x0021, 0x0021, 0x0021, 0x0021, 0x0021, 0x0021, 0x0021,
    0x0021, 0x0021, 0x0021, 0x0021, 0x0021, 0x0021, 0x0021, 0x0021, 0x0021, 0x0021, 0x0021, 0x0021,
    0x0021, 0x0021, 0x0021, 0x0021, 0x0021, 0x0021, 0x0021, 0x0021, 0x0021, 0x0021, 0x0021, 0x0021,
    0x0021, 0x0021, 0x0021, 0x0021, 0x0021, 0x0021, 0x0021, 0x1841, 0x1841, 0x1841, 0x1841, 0x1841,
    0x1841, 0x1841, 0x1841, 0x1841, 0x1841, 0x1841, 0x1841, 0x1841, 0x1841, 0x1841, 0x1841, 0x2041,
    0x0801, 0xB2C5, 0xFC48, 0xFC48, 0xAAC5, 0x0001, 0x0021, 0x0021, 0x0021, 0x0021, 0x0021, 0x7A04,
    0x9265, 0x8A65, 0x3902, 0x5983, 0x1062, 0x7A04, 0x7A24, 0x8A44, 0x4943, 0x20A2, 0x9265, 0x0021,
    0x0001, 0x69C4, 0x5163, 0x5983, 0x0001, 0x4123, 0x7A04, 0x0000, 0x5983, 0x20A2, 0x0021, 0x8A45,
    0x0841, 0x0021, 0x7A04, 0x7A24, 0x8A44, 0x4943, 0x1882, 0x9A85, 0x8A44, 0x9265, 0x28C2, 0x0001,
    0x0001, 0x3902, 0x9265, 0x8A45, 0x28C2, 0x69C4, 0x9A85, 0x9A85, 0x7A04, 0x0021, 0x5983, 0x8224,
    0x69E4, 0x0821, 0x20A2, 0x9265, 0x7A04, 0x8A45, 0x1882, 0x4123, 0x30E2, 0x4143, 0x9A85, 0x8A45,
    0x8224, 0x0841, 0x5983, 0x9A85, 0x71E4, 0x0841, 0x0021, 0x0021, 0x0021, 0x0021, 0x0021, 0x0021,
    0x0021, 0x0021, 0x0021, 0x0021, 0x0021, 0x0021, 0x0021, 0x0021, 0x0021, 0x0021, 0x0021, 0x0021,
    0x0021, 0x0021, 0x0021, 0x0021, 0x0021, 0x0021, 0x0021, 0x0021, 0x0021, 0x0021, 0x0021, 0x0021,
    0x0021, 0x0021, 0x0021, 0x0021, 0x0021, 0x0021, 0x0021, 0x0021, 0x0021, 0x0021, 0x0021, 0x0021,
    0x0021, 0x0021, 0x0021, 0x0021, 0x0021, 0x0021, 0x0021, 0x0021, 0x0021, 0x0021, 0x0021, 0x0021,
    0x0021, 0x0021, 0x0021, 0x0021, 0x0021, 0x0021, 0x0021, 0x0021, 0x0021, 0x0021, 0x0021, 0x1841,
    0x1841, 0x1841, 0x1841, 0x1841, 0x1841, 0x1841, 0x1841, 0x1841, 0x1841, 0x1841, 0x1841, 0x1841,
    0x1841, 0x1841, 0x1841, 0x2041, 0x0801, 0xB2C5, 0xFC48, 0xFC48, 0xAAC5, 0x0001, 0x0021, 0x0021,
    0x0021, 0x0021, 0x0841, 0xA2A5, 0x1882, 0x1061, 0x0841, 0x9A85, 0x20A2, 0x9A85, 0x0841, 0x0821,
    0xA2A5, 0x5163, 0xE3A7, 0x28C2, 0x0001, 0xD366, 0x61A4, 0x8224, 0x1882, 0x71E4, 0xBB06, 0x0821,
    0x9265, 0x1061, 0x4123, 0xCB46, 0x4943, 0x0001, 0xA2A5, 0x0841, 0x0821, 0xA2A5, 0x5983, 0x8244,
    0x0821, 0x1062, 0x0841, 0x0021, 0x0821, 0xB2E5, 0x20A2, 0x30E2, 0x5983, 0x1041, 0x71E4, 0x8224,
    0x1041, 0x61A4, 0x7A04, 0x1041, 0x61A3, 0x71E4, 0x30E2, 0x8A44, 0x0000, 0x4123, 0x8A45, 0x61A4,
    0x4943, 0x71E4, 0x5983, 0x0821, 0x0841, 0x3903, 0xA2A5, 0x1041, 0x5983, 0x30E2, 0x0001, 0x0021,
    0x0021, 0x0021, 0x0021, 0x0021, 0x0021, 0x0021, 0x0021, 0x0021, 0x0021, 0x0021, 0x0021, 0x0021,
    0x0021, 0x0021, 0x0021, 0x0021, 0x0021, 0x0021, 0x0021, 0x0021, 0x0021, 0x0021, 0x0021, 0x0021,
    0x0021, 0x0021, 0x0021, 0x0021, 0x0021, 0x0021, 0x0021, 0x0021, 0x0021, 0x0021, 0x0021, 0x0021,
    0x0021, 0x0021, 0x0021, 0x0021, 0x0021, 0x0021, 0x0021, 0x0021, 0x0021, 0x0021, 0x0021, 0x0021,
    0x0021, 0x0021, 0x0021, 0x0021, 0x0021, 0x0021, 0x0021, 0x0021, 0x0021, 0x0021, 0x0021, 0x0021,
    0x0021, 0x0021, 0x0021, 0x1841, 0x1841, 0x1841, 0x1841, 0x1841, 0x1841, 0x1841, 0x1841, 0x1841,
    0x1841, 0x1841, 0x1841, 0x1841, 0x1841, 0x1841, 0x1841, 0x2041, 0x1001, 0xB2C5, 0xFC48, 0xFC48,
    0xAAC5, 0x0001, 0x0021, 0x0021, 0x0021, 0x0021, 0x0021, 0xAAC5, 0x8A65, 0x7A04, 0x0841, 0x8A45,
    0x1882, 0x9A85, 0x5983, 0x61A4, 0x7A04, 0x3903, 0xA2A5, 0x5983, 0x20A2, 0xAAC5, 0x4123, 0x5163,
    0x5983, 0x61A3, 0x69C4, 0x5163, 0x7A04, 0x0001, 0x8224, 0x3902, 0x8A44, 0x0021, 0xA2A5, 0x5983,
    0x61A4, 0x7A04, 0x3903, 0xBB06, 0x8224, 0x8244, 0x1882, 0x0021, 0x0001, 0x5983, 0x9A85, 0x69C4,
    0x0841, 0x0000, 0x5163, 0x61A4, 0x0000, 0x9A85, 0x1882, 0x0001, 0x0021, 0x8A45, 0x4123, 0xA2A5,
    0x5963, 0x8224, 0x5163, 0x61A3, 0x4943, 0x69C4, 0xAAE5, 0x8244, 0x69C4, 0x0821, 0x8224, 0x9265,
    0x4943, 0x0001, 0x0021, 0x0021, 0x0021, 0x0021, 0x0021, 0x0021, 0x0021, 0x0021, 0x0021, 0x0021,
    0x0021, 0x0021, 0x0021, 0x0021, 0x0021, 0x0021, 0x0021, 0x0021, 0x0021, 0x0021, 0x0021, 0x0021,
    0x0021, 0x0021, 0x0021, 0x0021, 0x0021, 0x0021, 0x0021, 0x0021, 0x0021, 0x0021, 0x0021, 0x0021,
    0x0021, 0x0021, 0x0021, 0x0021, 0x0021, 0x0021, 0x0021, 0x0021, 0x0021, 0x0021, 0x0021, 0x0021,
    0x0021, 0x0021, 0x0021, 0x0021, 0x0021, 0x0021, 0x0021, 0x0021, 0x0021, 0x0021, 0x0021, 0x0021,
    0x0021, 0x0021, 0x0021, 0x0021, 0x0021, 0x0021, 0x0021, 0x1841, 0x1841, 0x1841, 0x1841, 0x1841,
    0x1841, 0x1841, 0x1841, 0x1841, 0x1841, 0x1841, 0x1841, 0x1841, 0x1841, 0x1841, 0x1841, 0x2041,
    0x1001, 0xB2C5, 0xFC48, 0xFC48, 0xAAC5, 0x0001, 0x0021, 0x0021, 0x0021, 0x0021, 0x0021, 0x9265,
    0x28C2, 0x1882, 0x0021, 0x9265, 0x1882, 0x9A85, 0x4943, 0xB2E6, 0x3903, 0x28C2, 0x7A04, 0x69C4,
    0x61A4, 0x71E4, 0x5163, 0x1882, 0x9AA5, 0x5163, 0x28C2, 0xA2C5, 0x4943, 0x1041, 0xC326, 0x71E4,
    0xC326, 0x28C2, 0x9285, 0x4943, 0xB2E6, 0x3903, 0x28C2, 0x8224, 0x0821, 0x0841, 0x0021, 0x0001,
    0x0841, 0x28C2, 0x0021, 0x5983, 0x9A85, 0x0000, 0x5983, 0x69C4, 0x0000, 0x9265, 0x28C2, 0x0000,
    0x0841, 0x9265, 0x4123, 0x9285, 0x5163, 0xC326, 0x0001, 0x69C4, 0x4943, 0x61C4, 0x4943, 0x0821,
    0x0021, 0x20A2, 0x1882, 0x1861, 0x9265, 0x61A3, 0x0001, 0x0021, 0x0021, 0x0021, 0x0021, 0x0021,
    0x0021, 0x0021, 0x0021, 0x0021, 0x0021, 0x0021, 0x0021, 0x0021, 0x0021, 0x0021, 0x0021, 0x0021,
    0x0021, 0x0021, 0x0021, 0x0021, 0x0021, 0x0021, 0x0021, 0x0021, 0x0021, 0x0021, 0x0021, 0x0021,
    0x0021, 0x0021, 0x0021, 0x0021, 0x0021, 0x0021, 0x0021, 0x0021, 0x0021, 0x0021, 0x0021, 0x0021,
    0x0021, 0x0021, 0x0021, 0x0021, 0x0021, 0x0021, 0x0021, 0x0021, 0x0021, 0x0021, 0x0021, 0x0021,
    0x0021, 0x0021, 0x0021, 0x0021, 0x0021, 0x0021, 0x0021, 0x0021, 0x0021, 0x0021, 0x0021, 0x1841,
    0x1841, 0x1841, 0x1841, 0x1841, 0x1841, 0x1841, 0x1841, 0x1841, 0x1841, 0x1841, 0x1841, 0x1841,
    0x1841, 0x1841, 0x1841, 0x2041, 0x1001, 0xB2C5, 0xFC48, 0xFC48, 0xAAC5, 0x0001, 0x0021, 0x0021,
    0x0021, 0x0021, 0x0841, 0x9A85, 0x0841, 0x0001, 0x0001, 0x9A85, 0x20A2, 0x9285, 0x0001, 0x1041,
    0xAAC5, 0x61A4, 0x61A3, 0x69C4, 0x9A85, 0x4943, 0x71E4, 0x0001, 0xD366, 0x4123, 0x0001, 0xD386,
    0x20A2, 0x69C4, 0x69C4, 0x0841, 0x5983, 0x9265, 0x8A45, 0x0001, 0x1041, 0xAAC5, 0x5163, 0xAAC5,
    0x4943, 0x5183, 0x20A2, 0x0001, 0x0841, 0xA2A5, 0x61A3, 0x61A4, 0x8224, 0x0000, 0x61A4, 0x71E4,
    0x0000, 0x3902, 0x9265, 0x4942, 0x8A45, 0x5163, 0x30E2, 0x8224, 0x0000, 0x5983, 0x8A44, 0x69C4,
    0x4943, 0x71E4, 0x8A45, 0x4943, 0x4943, 0x4123, 0xAAC5, 0x5163, 0x8A45, 0x4943, 0x0001, 0x0021,
    0x0021, 0x0021, 0x0021, 0x0021, 0x0021, 0x0021, 0x0021, 0x0021, 0x0021, 0x0021, 0x0021, 0x0021,
    0x0021, 0x0021, 0x0021, 0x0021, 0x0021, 0x0021, 0x0021, 0x0021, 0x0021, 0x0021, 0x0021, 0x0021,
    0x0021, 0x0021, 0x0021, 0x0021, 0x0021, 0x0021, 0x0021, 0x0021, 0x0021, 0x0021, 0x0021, 0x0021,
    0x0021, 0x0021, 0x0021, 0x0021, 0x0021, 0x0021, 0x0021, 0x0021, 0x0021, 0x0021, 0x0021, 0x0021,
    0x0021, 0x0021, 0x0021, 0x0021, 0x0021, 0x0021, 0x0021, 0x0021, 0x0021, 0x0021, 0x0021, 0x0021,
    0x0021, 0x0021, 0x0021, 0x1841, 0x1841, 0x1841, 0x1841, 0x1841, 0x1841, 0x1841, 0x1841, 0x1841,
    0x1841, 0x1841, 0x1841, 0x1841, 0x1841, 0x1841, 0x1841, 0x2041, 0x1001, 0xB2C5, 0xFC48, 0xFC48,
    0xAAC5, 0x0001, 0x0021, 0x0021, 0x0021, 0x0021, 0x0021, 0x30E2, 0x0821, 0x0021, 0x0021, 0x30E2,
    0x0841, 0x30E2, 0x0841, 0x0001, 0x28C2, 0x3902, 0x1882, 0x1882, 0x28C2, 0x1062, 0x20A2, 0x0001,
    0x3902, 0x1061, 0x0001, 0x3902, 0x0021, 0x30E2, 0x0841, 0x0001, 0x0841, 0x3903, 0x30E2, 0x0841,
    0x0001, 0x30C2, 0x30E2, 0x5163, 0x61A3, 0x61A4, 0x28C2, 0x0001, 0x0001, 0x0841, 0x5983, 0x5163,
    0x0021, 0x0001, 0x20A2, 0x20A2, 0x0001, 0x0001, 0x20A2, 0x5983, 0x3102, 0x0001, 0x1882, 0x28C2,
    0x0021, 0x0021, 0x3903, 0x28C2, 0x1882, 0x20A2, 0x61A4, 0x59A3, 0x5983, 0x0021, 0x28C2, 0x61C4,
    0x3903, 0x0001, 0x0021, 0x0021, 0x0021, 0x0021, 0x0021, 0x0021, 0x0021, 0x0021, 0x0021, 0x0021,
    0x0021, 0x0021, 0x0021, 0x0021, 0x0021, 0x0021, 0x0021, 0x0021, 0x0021, 0x0021, 0x0021, 0x0021,
    0x0021, 0x0021, 0x0021, 0x0021, 0x0021, 0x0021, 0x0021, 0x0021, 0x0021, 0x0021, 0x0021, 0x0021,
    0x0021, 0x0021, 0x0021, 0x0021, 0x0021, 0x0021, 0x0021, 0x0021, 0x0021, 0x0021, 0x0021, 0x0021,
    0x0021, 0x0021, 0x0021, 0x0021, 0x0021, 0x0021, 0x0021, 0x0021, 0x0021, 0x0021, 0x0021, 0x0021,
    0x0021, 0x0021, 0x0021, 0x0021, 0x0021, 0x0021, 0x0021, 0x1841, 0x1841, 0x1841, 0x1841, 0x1841,
    0x1841, 0x1841, 0x1841, 0x1841, 0x1841, 0x1841, 0x1841, 0x1841, 0x1841, 0x1841, 0x1841, 0x2041,
    0x1001, 0xB2C5, 0xFC48, 0xFC48, 0xAAC5, 0x0001, 0x0021, 0x0021, 0x0021, 0x0021, 0x0021, 0x0001,
    0x0021, 0x0021, 0x0021, 0x0001, 0x0021, 0x0001, 0x0021, 0x0021, 0x0001, 0x0001, 0x0001, 0x0001,
    0x0001, 0x0001, 0x0001, 0x0021, 0x0001, 0x0021, 0x0021, 0x0001, 0x0021, 0x0001, 0x0021, 0x0021,
    0x0021, 0x0001, 0x0001, 0x0021, 0x0021, 0x0001, 0x0001, 0x0001, 0x0001, 0x0001, 0x0001, 0x0021,
    0x0021, 0x0001, 0x0001, 0x0001, 0x0021, 0x0021, 0x0001, 0x0001, 0x0021, 0x0021, 0x0001, 0x0001,
    0x0001, 0x0021, 0x0001, 0x0001, 0x0021, 0x0021, 0x0001, 0x0001, 0x0001, 0x0001, 0x0001, 0x0001,
    0x0001, 0x0021, 0x0001, 0x0001, 0x0001, 0x0021, 0x0021, 0x0021, 0x0021, 0x0021, 0x0021, 0x0021,
    0x0021, 0x0021, 0x0021, 0x0021, 0x0021, 0x0021, 0x0021, 0x0021, 0x0021, 0x0021, 0x0021, 0x0021,
    0x0021, 0x0021, 0x0021, 0x0021, 0x0021, 0x0021, 0x0021, 0x0021, 0x0021, 0x0021, 0x0021, 0x0021,
    0x0021, 0x0021, 0x0021, 0x0021, 0x0021, 0x0021, 0x0021, 0x0021, 0x0021, 0x0021, 0x0021, 0x0021,
    0x0021, 0x0021, 0x0021, 0x0021, 0x0021, 0x0021, 0x0021, 0x0021, 0x0021, 0x0021, 0x0021, 0x0021,
    0x0021, 0x0021, 0x0021, 0x0021, 0x0021, 0x0021, 0x0021, 0x0021, 0x0021, 0x0021, 0x0021, 0x1841,
    0x1841, 0x1841, 0x1841, 0x1841, 0x1841, 0x1841, 0x1841, 0x1841, 0x1841, 0x1841, 0x1841, 0x1841,
    0x1841, 0x1841, 0x1841, 0x2041, 0x1001, 0xB2C5, 0xFC48, 0xFC48, 0xAAC5, 0x0001, 0x0021, 0x0021,
    0x0021, 0x0021, 0x0021, 0x0021, 0x0021, 0x0021, 0x0021, 0x0021, 0x0021, 0x0021, 0x0021, 0x0021,
    0x0021, 0x0021, 0x0021, 0x0021, 0x0021, 0x0021, 0x0021, 0x0021, 0x0021, 0x0021, 0x0021, 0x0021,
    0x0021, 0x0021, 0x0021, 0x0021, 0x0021, 0x0021, 0x0021, 0x0021, 0x0021, 0x0021, 0x0021, 0x0021,
    0x0021, 0x0021, 0x0021, 0x0021, 0x0021, 0x0021, 0x0021, 0x0021, 0x0021, 0x0021, 0x0021, 0x0021,
    0x0021, 0x0021, 0x0021, 0x0021, 0x0021, 0x0021, 0x0021, 0x0021, 0x0021, 0x0021, 0x0021, 0x0021,
    0x0021, 0x0021, 0x0021, 0x0021, 0x0021, 0x0021, 0x0021, 0x0021, 0x0021, 0x0021, 0x0021, 0x0021,
    0x0021, 0x0021, 0x0021, 0x0021, 0x0021, 0x0021, 0x0021, 0x0021, 0x0021, 0x0021, 0x0021, 0x0021,
    0x0021, 0x0021, 0x0021, 0x0021, 0x0021, 0x0021, 0x0021, 0x0021, 0x0021, 0x0021, 0x0021, 0x0021,
    0x0021, 0x0021, 0x0021, 0x0021, 0x0021, 0x0021, 0x0021, 0x0021, 0x0021, 0x0021, 0x0021, 0x0021,
    0x0021, 0x0021, 0x0021, 0x0021, 0x0021, 0x0021, 0x0021, 0x0021, 0x0021, 0x0021, 0x0021, 0x0021,
    0x0021, 0x0021, 0x0021, 0x0021, 0x0021, 0x0021, 0x0021, 0x0021, 0x0021, 0x0021, 0x0021, 0x0021,
    0x0021, 0x0021, 0x0021, 0x1841, 0x1841, 0x1841, 0x1841, 0x1841, 0x1841, 0x1841, 0x1841, 0x1841,
    0x2041, 0x2041, 0x2041, 0x2041, 0x2041, 0x2041, 0x2041, 0x2041, 0x1000, 0xB2C5, 0xFC48, 0xFC48,
    0xAAC5, 0x0001, 0x0021, 0x0021, 0x0021, 0x0021, 0x0021, 0x0021, 0x0021, 0x0021, 0x0021, 0x0021,
    0x0021, 0x0021, 0x0021, 0x0021, 0x0021, 0x0021, 0x0021, 0x0021, 0x0021, 0x0021, 0x0021, 0x0021,
    0x0021, 0x0021, 0x0021, 0x0021, 0x0021, 0x0021, 0x0021, 0x0021, 0x0021, 0x0021, 0x0021, 0x0021,
    0x0021, 0x0021, 0x0021, 0x0021, 0x0021, 0x0021, 0x0021, 0x0021, 0x0021, 0x0021, 0x0021, 0x0021,
    0x0021, 0x0021, 0x0021, 0x0021, 0x0021, 0x0021, 0x0021, 0x0021, 0x0021, 0x0021, 0x0021, 0x0021,
    0x0021, 0x0021, 0x0021, 0x0021, 0x0021, 0x0021, 0x0021, 0x0021, 0x0021, 0x0021, 0x0021, 0x0021,
    0x0021, 0x0021, 0x0021, 0x0021, 0x0021, 0x0021, 0x0021, 0x0021, 0x0021, 0x0021, 0x0021, 0x0021,
    0x0021, 0x0021, 0x0021, 0x0021, 0x0021, 0x0021, 0x0021, 0x0021, 0x0021, 0x0021, 0x0021, 0x0021,
    0x0021, 0x0021, 0x0021, 0x0021, 0x0021, 0x0021, 0x0021, 0x0021, 0x0021, 0x0021, 0x0021, 0x0021,
    0x0021, 0x0021, 0x0021, 0x0021, 0x0021, 0x0021, 0x0021, 0x0021, 0x0021, 0x0021, 0x0021, 0x0021,
    0x0021, 0x0021, 0x0021, 0x0021, 0x0021, 0x0021, 0x0021, 0x0021, 0x0021, 0x0021, 0x0021, 0x0021,
    0x0021, 0x0021, 0x0021, 0x0021, 0x0021, 0x0021, 0x0021, 0x1841, 0x2041, 0x2041, 0x2041, 0x2041,
    0x2041, 0x2041, 0x2041, 0x2041, 0x2041, 0x2041, 0x2041, 0x2041, 0x2041, 0x2041, 0x2041, 0x2041,
    0x1000, 0xB2C5, 0xFC48, 0xFC48, 0xAAC5, 0x0001, 0x0021, 0x0021, 0x0021, 0x0021, 0x0021, 0x0021,
    0x0021, 0x0021, 0x0021, 0x0021, 0x0021, 0x0021, 0x0021, 0x0021, 0x0021, 0x0021, 0x0021, 0x0021,
    0x0021, 0x0021, 0x0021, 0x0021, 0x0021, 0x0021, 0x0021, 0x0021, 0x0021, 0x0021, 0x0021, 0x0021,
    0x0021, 0x0021, 0x0021, 0x0021, 0x0021, 0x0021, 0x0021, 0x0021, 0x0021, 0x0021, 0x0021, 0x0021,
    0x0021, 0x0021, 0x0021, 0x0021, 0x0021, 0x0021, 0x0021, 0x0021, 0x0021, 0x0021, 0x0021, 0x0021,
    0x0021, 0x0021, 0x0021, 0x0021, 0x0021, 0x0021, 0x0021, 0x0021, 0x0021, 0x0021, 0x0021, 0x0021,
    0x0021, 0x0021, 0x0021, 0x0021, 0x0021, 0x0021, 0x0021, 0x0021, 0x0021, 0x0021, 0x0021, 0x0021,
    0x0021, 0x0021, 0x0021, 0x0021, 0x0021, 0x0021, 0x0021, 0x0021, 0x0021, 0x0021, 0x0021, 0x0021,
    0x0021, 0x0021, 0x0021, 0x0021, 0x0021, 0x0021, 0x0021, 0x0021, 0x0021, 0x0021, 0x0021, 0x0021,
    0x0021, 0x0021, 0x0021, 0x0021, 0x0021, 0x0021, 0x0021, 0x0021, 0x0021, 0x0021, 0x0021, 0x0021,
    0x0021, 0x0021, 0x0021, 0x0021, 0x0021, 0x0021, 0x0021, 0x0021, 0x0021, 0x0021, 0x0021, 0x0021,
    0x0021, 0x0021, 0x0021, 0x0021, 0x0021, 0x0021, 0x0021, 0x0021, 0x0021, 0x0021, 0x0021, 0x1841,
    0x2041, 0x2041, 0x2041, 0x2041, 0x2041, 0x2041, 0x2041, 0x2041, 0x2041, 0x2041, 0x2041, 0x2041,
    0x2041, 0x2041, 0x2041, 0x2041, 0x1000, 0xB2C5, 0xFC48, 0xFC48, 0xAAC5, 0x0001, 0x0021, 0x0021,
    0x0021, 0x0021, 0x0021, 0x0021, 0x0021, 0x0021, 0x0021, 0x0021, 0x0021, 0x0021, 0x0021, 0x0021,
    0x0021, 0x0021, 0x0021, 0x0021, 0x0021, 0x0021, 0x0021, 0x0021, 0x0021, 0x0021, 0x0021, 0x0021,
    0x0021, 0x0021, 0x0021, 0x0021, 0x0021, 0x0021, 0x0021, 0x0021, 0x0021, 0x0021, 0x0021, 0x0021,
    0x0021, 0x0021, 0x0021, 0x0021, 0x0021, 0x0021, 0x0021, 0x0021, 0x0021, 0x0021, 0x0021, 0x0021,
    0x0021, 0x0021, 0x0021, 0x0021, 0x0021, 0x0021, 0x0021, 0x0021, 0x0021, 0x0021, 0x0021, 0x0021,
    0x0021, 0x0021, 0x0021, 0x0021, 0x0021, 0x0021, 0x0021, 0x0021, 0x0021, 0x0021, 0x0021, 0x0021,
    0x0021, 0x0021, 0x0021, 0x0021, 0x0021, 0x0021, 0x0021, 0x0021, 0x0021, 0x0021, 0x0021, 0x0021,
    0x0021, 0x0021, 0x0021, 0x0021, 0x0021, 0x0021, 0x0021, 0x0021, 0x0021, 0x0021, 0x0021, 0x0021,
    0x0021, 0x0021, 0x0021, 0x0021, 0x0021, 0x0021, 0x0021, 0x0021, 0x0021, 0x0021, 0x0021, 0x0021,
    0x0021, 0x0021, 0x0021, 0x0021, 0x0021, 0x0021, 0x0021, 0x0021, 0x0021, 0x0021, 0x0021, 0x0021,
    0x0021, 0x0021, 0x0021, 0x0021, 0x0021, 0x0021, 0x0021, 0x0021, 0x0021, 0x0021, 0x0021, 0x0021,
    0x0021, 0x0021, 0x0021, 0x1841, 0x2041, 0x2041, 0x2041, 0x2041, 0x2041, 0x2041, 0x2041, 0x2041,
    0x2041, 0x2041, 0x2041, 0x2041, 0x2041, 0x2041, 0x2041, 0x2041, 0x1000, 0xB2C5, 0xFC48, 0xFC48,
    0xAAC5, 0x0001, 0x0021, 0x0021, 0x0021, 0x0021, 0x0021, 0x0021, 0x0021, 0x0021, 0x0021, 0x0021,
    0x0021, 0x0021, 0x0021, 0x0021, 0x0021, 0x0021, 0x0021, 0x0021, 0x0021, 0x0021, 0x0021, 0x0021,
    0x0021, 0x0021, 0x0021, 0x0021, 0x0021, 0x0021, 0x0021, 0x0021, 0x0021, 0x0021, 0x0021, 0x0021,
    0x0021, 0x0021, 0x0021, 0x0021, 0x0021, 0x0021, 0x0021, 0x0021, 0x0021, 0x0021, 0x0021, 0x0021,
    0x0021, 0x0021, 0x0021, 0x0021, 0x0021, 0x0021, 0x0021, 0x0021, 0x0021, 0x0021, 0x0021, 0x0021,
    0x0021, 0x0021, 0x0021, 0x0021, 0x0021, 0x0021, 0x0021, 0x0021, 0x0021, 0x0021, 0x0021, 0x0021,
    0x0021, 0x0021, 0x0021, 0x0021, 0x0021, 0x0021, 0x0021, 0x0021, 0x0021, 0x0021, 0x0021, 0x0021,
    0x0021, 0x0021, 0x0021, 0x0021, 0x0021, 0x0021, 0x0021, 0x0021, 0x0021, 0x0021, 0x0021, 0x0021,
    0x0021, 0x0021, 0x0021, 0x0021, 0x0021, 0x0021, 0x0021, 0x0021, 0x0021, 0x0021, 0x0021, 0x0021,
    0x0021, 0x0021, 0x0021, 0x0021, 0x0021, 0x0021, 0x0021, 0x0021, 0x0021, 0x0021, 0x0021, 0x0021,
    0x0021, 0x0021, 0x0021, 0x0021, 0x0021, 0x0021, 0x0021, 0x0021, 0x0021, 0x0021, 0x0021, 0x0021,
    0x0021, 0x0021, 0x0021, 0x0021, 0x0021, 0x0021, 0x0021, 0x1841, 0x2041, 0x2041, 0x2041, 0x2041,
    0x2041, 0x2041, 0x2041, 0x2041, 0x2041, 0x2041, 0x2041, 0x2041, 0x2041, 0x2041, 0x2041, 0x2041,
    0x1000, 0xB2C5, 0xFC48, 0xFC48, 0xAAC5, 0x0001, 0x0021, 0x0021, 0x0021, 0x0021, 0x0021, 0x0021,
    0x0021, 0x0021, 0x0021, 0x0021, 0x0021, 0x0021, 0x0021, 0x0021, 0x0021, 0x0021, 0x0021, 0x0021,
    0x0021, 0x0021, 0x0021, 0x0021, 0x0021, 0x0021, 0x0021, 0x0021, 0x0021, 0x0021, 0x0021, 0x0021,
    0x0021, 0x0021, 0x0021, 0x0021, 0x0021, 0x0021, 0x0021, 0x0021, 0x0021, 0x0021, 0x0021, 0x0021,
    0x0021, 0x0021, 0x0021, 0x0021, 0x0021, 0x0021, 0x0021, 0x0021, 0x0021, 0x0021, 0x0021, 0x0021,
    0x0021, 0x0021, 0x0021, 0x0021, 0x0021, 0x0021, 0x0021, 0x0021, 0x0021, 0x0021, 0x0021, 0x0021,
    0x0021, 0x0021, 0x0021, 0x0021, 0x0021, 0x0021, 0x0021, 0x0021, 0x0021, 0x0021, 0x0021, 0x0021,
    0x0021, 0x0021, 0x0021, 0x0021, 0x0021, 0x0021, 0x0021, 0x0021, 0x0021, 0x0021, 0x0021, 0x0021,
    0x0021, 0x0021, 0x0021, 0x0021, 0x0021, 0x0021, 0x0021, 0x0021, 0x0021, 0x0021, 0x0021, 0x0021,
    0x0021, 0x0021, 0x0021, 0x0021, 0x0021, 0x0021, 0x0021, 0x0021, 0x0021, 0x0021, 0x0021, 0x0021,
    0x0021, 0x0021, 0x0021, 0x0021, 0x0021, 0x0021, 0x0021, 0x0021, 0x0021, 0x0021, 0x0021, 0x0021,
    0x0021, 0x0021, 0x0021, 0x0021, 0x0021, 0x0021, 0x0021, 0x0021, 0x0021, 0x0021, 0x0021, 0x1841,
    0x2041, 0x2041, 0x2041, 0x2041, 0x2041, 0x2041, 0x2041, 0x2041, 0x2041, 0x2041, 0x2041, 0x2041,
    0x2041, 0x2041, 0x2041, 0x2041, 0x1000, 0xBB05, 0xFC88, 0xFC88, 0xB2E6, 0x0001, 0x0021, 0x0021,
    0x0021, 0x0021, 0x0021, 0x0021, 0x0021, 0x0021, 0x0021, 0x0021, 0x0021, 0x0021, 0x0021, 0x0021,
    0x0021, 0x0021, 0x0021, 0x0021, 0x0021, 0x0021, 0x0021, 0x0021, 0x0021, 0x0021, 0x0021, 0x0021,
    0x0021, 0x0021, 0x0021, 0x0021, 0x0021, 0x0021, 0x0021, 0x0021, 0x0021, 0x0021, 0x0021, 0x0021,
    0x0021, 0x0021, 0x0021, 0x0021, 0x0021, 0x0021, 0x0021, 0x0021, 0x0021, 0x0021, 0x0021, 0x0021,
    0x0021, 0x0021, 0x0021, 0x0021, 0x0021, 0x0021, 0x0021, 0x0021, 0x0021, 0x0021, 0x0021, 0x0021,
    0x0021, 0x0021, 0x0021, 0x0021, 0x0021, 0x0021, 0x0021, 0x0021, 0x0021, 0x0021, 0x0021, 0x0021,
    0x0021, 0x0021, 0x0021, 0x0021, 0x0021, 0x0021, 0x0021, 0x0021, 0x0021, 0x0021, 0x0021, 0x0021,
    0x0021, 0x0021, 0x0021, 0x0021, 0x0021, 0x0021, 0x0021, 0x0021, 0x0021, 0x0021, 0x0021, 0x0021,
    0x0021, 0x0021, 0x0021, 0x0021, 0x0021, 0x0021, 0x0021, 0x0021, 0x0021, 0x0021, 0x0021, 0x0021,
    0x0021, 0x0021, 0x0021, 0x0021, 0x0021, 0x0021, 0x0021, 0x0021, 0x0021, 0x0021, 0x0021, 0x0021,
    0x0021, 0x0021, 0x0021, 0x0021, 0x0021, 0x0021, 0x0021, 0x0021, 0x0021, 0x0021, 0x0021, 0x0021,
    0x0021, 0x0021, 0x0021, 0x1841, 0x2041, 0x2041, 0x2041, 0x2041, 0x2041, 0x2041, 0x2041, 0x2041,
    0x2041, 0x2041, 0x2041, 0x2041, 0x2041, 0x2041, 0x2041, 0x2041, 0x1821, 0x5122, 0x6983, 0x6983,
    0x4902, 0x1021, 0x1841, 0x1021, 0x1021, 0x1021, 0x1021, 0x1021, 0x1021, 0x1021, 0x1021, 0x1021,
    0x1021, 0x1021, 0x1021, 0x1021, 0x1021, 0x1021, 0x1021, 0x1021, 0x1021, 0x1021, 0x1021, 0x1021,
    0x1021, 0x1021, 0x1021, 0x1021, 0x1021, 0x1021, 0x1021, 0x1021, 0x1021, 0x1021, 0x1021, 0x1021,
    0x1021, 0x1021, 0x1021, 0x1021, 0x1021, 0x1021, 0x1021, 0x1021, 0x1021, 0x1021, 0x1021, 0x1021,
    0x1021, 0x1021, 0x1021, 0x1021, 0x1021, 0x1021, 0x1021, 0x1021, 0x1021, 0x1021, 0x1021, 0x1021,
    0x1021, 0x1021, 0x1021, 0x1021, 0x1021, 0x1021, 0x1021, 0x1021, 0x1021, 0x1021, 0x1021, 0x1021,
    0x1021, 0x1021, 0x1021, 0x1021, 0x1021, 0x1021, 0x1021, 0x1021, 0x1021, 0x1021, 0x1021, 0x1021,
    0x1021, 0x1021, 0x1021, 0x1021, 0x1021, 0x1021, 0x1021, 0x1021, 0x1021, 0x1021, 0x1021, 0x1021,
    0x1021, 0x1021, 0x1021, 0x1021, 0x1021, 0x1021, 0x1021, 0x1021, 0x1021, 0x1021, 0x1021, 0x1021,
    0x1021, 0x1021, 0x1021, 0x1021, 0x1021, 0x1021, 0x1021, 0x1021, 0x1021, 0x1021, 0x1021, 0x1021,
    0x1021, 0x1021, 0x1021, 0x1021, 0x1021, 0x1021, 0x1021, 0x1021, 0x1021, 0x1021, 0x1021, 0x1021,
    0x1021, 0x1021, 0x1021, 0x1021, 0x1021, 0x1021, 0x1021, 0x2041, 0x2041, 0x2041, 0x2041, 0x2041,
    0x2041, 0x2041, 0x2041, 0x2041, 0x2041, 0x2041, 0x2041, 0x2041, 0x2041, 0x2041, 0x2041, 0x2041,
    0x2041, 0x1000, 0x1000, 0x1000, 0x1800, 0x2041, 0x2041, 0x2041, 0x2041, 0x2041, 0x2041, 0x2041,
    0x2041, 0x2041, 0x2041, 0x2041, 0x2041, 0x2041, 0x2041, 0x2041, 0x2041, 0x2041, 0x2041, 0x2041,
    0x2041, 0x2041, 0x2041, 0x2041, 0x2041, 0x2041, 0x2041, 0x2041, 0x2041, 0x2041, 0x2041, 0x2041,
    0x2041, 0x2041, 0x2041, 0x2041, 0x2041, 0x2041, 0x2041, 0x2041, 0x2041, 0x2041, 0x2041, 0x2041,
    0x2041, 0x2041, 0x2041, 0x2041, 0x2041, 0x2041, 0x2041, 0x2041, 0x2041, 0x2041, 0x2041, 0x2041,
    0x2041, 0x2041, 0x2041, 0x2041, 0x2041, 0x2041, 0x2041, 0x2041, 0x2041, 0x2041, 0x2041, 0x2041,
    0x2041, 0x2041, 0x2041, 0x2041, 0x2041, 0x2041, 0x2041, 0x2041, 0x2041, 0x2041, 0x2041, 0x2041,
    0x2041, 0x2041, 0x2041, 0x2041, 0x2041, 0x2041, 0x2041, 0x2041, 0x2041, 0x2041, 0x2041, 0x2041,
    0x2041, 0x2041, 0x2041, 0x2041, 0x2041, 0x2041, 0x2041, 0x2041, 0x2041, 0x2041, 0x2041, 0x2041,
    0x2041, 0x2041, 0x2041, 0x2041, 0x2041, 0x2041, 0x2041, 0x2041, 0x2041, 0x2041, 0x2041, 0x2041,
    0x2041, 0x2041, 0x2041, 0x2041, 0x2041, 0x2041, 0x2041, 0x2041, 0x2041, 0x2041, 0x2041, 0x2041,
    0x2041, 0x2041, 0x2041, 0x2041, 0x2041, 0x2041, 0x2041, 0x2041, 0x2041, 0x2041, 0x2041, 0x2041,
    0x2041, 0x2041, 0x2041, 0x2041, 0x2041, 0x2041, 0x2041, 0x2041, 0x2041, 0x2041, 0x2041, 0x2041,
    0x2041, 0x2041, 0x2041, 0x2041, 0x2041, 0x2041, 0x2041, 0x2041, 0x2041, 0x2041, 0x2041, 0x2041,
    0x2041, 0x2041, 0x2041, 0x2041, 0x2041, 0x2041, 0x2041, 0x2041, 0x2041, 0x2041, 0x2041, 0x2041,
    0x2041, 0x2041, 0x2041, 0x2041, 0x2041, 0x2041, 0x2041, 0x2041, 0x2041, 0x2041, 0x2041, 0x2041,
    0x2041, 0x2041, 0x2041, 0x2041, 0x2041, 0x2041, 0x2041, 0x2041, 0x2041, 0x2041, 0x2041, 0x2041,
    0x2041, 0x2041, 0x2041, 0x2041, 0x2041, 0x2041, 0x2041, 0x2041, 0x2041, 0x2041, 0x2041, 0x2041,
    0x2041, 0x2041, 0x2041, 0x2041, 0x2041, 0x2041, 0x2041, 0x2041, 0x2041, 0x2041, 0x2041, 0x2041,
    0x2041, 0x2041, 0x2041, 0x2041, 0x2041, 0x2041, 0x2041, 0x2041, 0x2041, 0x2041, 0x2041, 0x2041,
    0x2041, 0x2041, 0x2041, 0x2041, 0x2041, 0x2041, 0x2041, 0x2041, 0x2041, 0x2041, 0x2041, 0x2041,
    0x2041, 0x2041, 0x2041, 0x2041, 0x2041, 0x2041, 0x2041, 0x2041, 0x2041, 0x2041, 0x2041, 0x2041,
    0x2041, 0x2041, 0x2041, 0x2041, 0x2041, 0x2041, 0x2041, 0x2041, 0x2041, 0x2041, 0x2041, 0x2041,
    0x2041, 0x2041, 0x2041, 0x2041, 0x2041, 0x2041, 0x2041, 0x2041, 0x2041, 0x2041, 0x2041, 0x2041,
    0x2041, 0x2041, 0x2041, 0x2041, 0x2041, 0x2041, 0x2041, 0x2041, 0x2041, 0x2041, 0x2041, 0x2041,
    0x2041, 0x2041, 0x2041, 0x2041, 0x2041, 0x2041, 0x2041, 0x2041, 0x2041, 0x2041, 0x2041, 0x2041,
    0x2041, 0x2041, 0x2041, 0x2041, 0x2041, 0x2041, 0x2041, 0x2041, 0x2041, 0x2041, 0x2041, 0x2041,
    0x2041, 0x2041, 0x2041, 0x2041, 0x2041, 0x2041, 0x2041, 0x2041, 0x2041, 0x2041, 0x2041, 0x2041,
    0x2041, 0x2041, 0x2041, 0x2041, 0x2041, 0x2041, 0x2041, 0x2041, 0x2041, 0x2041, 0x2041, 0x2041,
    0x2041, 0x2041, 0x2041, 0x2041, 0x2041, 0x2041, 0x2041, 0x2041, 0x2041, 0x2041, 0x2041, 0x2041,
    0x2041, 0x2041, 0x2041, 0x2041, 0x2041, 0x2041, 0x2041, 0x2041, 0x2041, 0x2041, 0x2041, 0x2041,
    0x2041, 0x2041, 0x2041, 0x2041, 0x2041, 0x2041, 0x2041, 0x2041, 0x2041, 0x2041, 0x2041, 0x2041,
    0x2041, 0x2041, 0x2041, 0x2041, 0x2041, 0x2041, 0x2041, 0x2041, 0x2041, 0x2041, 0x2041, 0x2041,
    0x2041, 0x2041, 0x2041, 0x2041, 0x2041, 0x2041, 0x2041, 0x2041, 0x2041, 0x2041, 0x2041, 0x2041,
    0x2041, 0x2041, 0x2041, 0x2041, 0x2041, 0x2041, 0x2041, 0x2041, 0x2041, 0x2041, 0x2041, 0x2041,
    0x2041, 0x2041, 0x2041, 0x2041, 0x2041, 0x2041, 0x2041, 0x2041, 0x2041, 0x2041, 0x2041, 0x2041,
    0x2041, 0x2041, 0x2041, 0x2041, 0x2041, 0x2041, 0x2041, 0x2041, 0x2041, 0x2041, 0x2041, 0x2041,
    0x2041, 0x2041, 0x2041, 0x2041, 0x2041, 0x2041, 0x2041, 0x2041, 0x2041, 0x2041, 0x2041, 0x2041,
    0x2041, 0x2041, 0x2041, 0x2041, 0x2041, 0x2041, 0x2041, 0x2041, 0x2041, 0x2041, 0x2041, 0x2041,
    0x2041, 0x2041, 0x2041, 0x2041, 0x2041, 0x2041, 0x2041, 0x2041, 0x2041, 0x2041, 0x2041, 0x2041,
    0x2041, 0x2041, 0x2041, 0x2041, 0x2041, 0x2041, 0x2041, 0x2041, 0x2041, 0x2041, 0x2041, 0x2041,
    0x2041, 0x2041, 0x2041, 0x2041, 0x2041, 0x2041, 0x2041, 0x2041, 0x2041, 0x2041, 0x2041, 0x2041,
    0x2041, 0x2041, 0x2041, 0x2041, 0x2041, 0x2041, 0x2041, 0x2041, 0x2041, 0x2041, 0x2041, 0x2041,
    0x2041, 0x2041, 0x2041, 0x2041, 0x2041, 0x2041, 0x2041, 0x2041, 0x2041, 0x2041, 0x2041, 0x2041,
    0x2041, 0x2041, 0x2041, 0x2041, 0x2041, 0x2041, 0x2041, 0x2041, 0x2041, 0x2041, 0x2041, 0x2041,
    0x2041, 0x2041, 0x2041, 0x2041, 0x2041, 0x2041, 0x2041, 0x2041, 0x2041, 0x2041, 0x2041, 0x2041,
    0x2041, 0x2041, 0x2041, 0x2041, 0x2041, 0x2041, 0x2041, 0x2041, 0x2041, 0x2041, 0x2041, 0x2041,
    0x2041, 0x2041, 0x2041, 0x2041, 0x2041, 0x2041, 0x2041, 0x2041, 0x2041, 0x2041, 0x2041, 0x2041,
    0x2041, 0x2041, 0x2041, 0x2041, 0x2041, 0x2041, 0x2041, 0x2041, 0x2041, 0x2041, 0x2041, 0x2041,
    0x2041, 0x2041, 0x2041, 0x2041, 0x2041, 0x2041, 0x2041, 0x2041, 0x2041, 0x2041, 0x2041, 0x2041,
    0x2041, 0x2041, 0x2041, 0x2041, 0x2041, 0x2041, 0x2041, 0x2041, 0x2041, 0x2041, 0x2041, 0x2041,
    0x2041, 0x2041, 0x2041, 0x2041, 0x2041, 0x2041, 0x2041, 0x2041, 0x2041, 0x2041, 0x2041, 0x2041,
    0x2041, 0x2041, 0x2041, 0x2041, 0x2041, 0x2041, 0x2041, 0x2041, 0x2041, 0x2041, 0x2041, 0x2041,
    0x2041, 0x2041, 0x2041, 0x2041, 0x2041, 0x2041, 0x2041, 0x2041, 0x2041, 0x2041, 0x2041, 0x2041,
    0x2041, 0x2041, 0x2041, 0x2041, 0x2041, 0x2041, 0x2041, 0x2041, 0x2041, 0x2041, 0x2041, 0x2041,
    0x2041, 0x2041, 0x2041, 0x2041, 0x2041, 0x2041, 0x2041, 0x2041, 0x2041, 0x2041, 0x2041, 0x2041,
    0x2041, 0x2041, 0x2041, 0x2041, 0x2041, 0x2041, 0x2041, 0x2041, 0x2041, 0x2041, 0x2041, 0x2041,
    0x2041, 0x2041, 0x2041, 0x2041, 0x2041, 0x2041, 0x2041, 0x2041, 0x2041, 0x2041, 0x2041, 0x2041,
    0x2041, 0x2041, 0x2041, 0x2041, 0x2041, 0x2041, 0x2041, 0x2041, 0x2041, 0x2041, 0x2041, 0x2041,
    0x2041, 0x2041, 0x2041, 0x2041, 0x2041, 0x2041, 0x2041, 0x2041, 0x2041, 0x2041, 0x2041, 0x2041,
    0x2041, 0x2041, 0x2041, 0x2041, 0x2041, 0x2041, 0x2041, 0x2041, 0x2041, 0x2041, 0x2041, 0x2041,
    0x2041, 0x2041, 0x2041, 0x2041, 0x2041, 0x2041, 0x2041, 0x2041, 0x2041, 0x2041, 0x2041, 0x2041,
    0x2041, 0x2041, 0x2041, 0x2041, 0x2041, 0x2041, 0x2041, 0x2041, 0x2041, 0x2041, 0x2041, 0x2041,
    0x2041, 0x2041, 0x2041, 0x2041, 0x2041, 0x2041, 0x2041, 0x2041, 0x2041, 0x2041, 0x2041, 0x2041,
    0x2041, 0x2041, 0x2041, 0x2041, 0x2041, 0x2041, 0x2041, 0x2041, 0x2041, 0x2041, 0x2041, 0x2041,
    0x2041, 0x2041, 0x2041, 0x2041, 0x2041, 0x2041, 0x2041, 0x2041, 0x2041, 0x2041, 0x2041, 0x2041,
    0x2041, 0x2041, 0x2041, 0x2041, 0x2041, 0x2041, 0x2041, 0x2041, 0x2041, 0x2041, 0x2041, 0x2041,
    0x2041, 0x2041, 0x2041, 0x2041, 0x2041, 0x2041, 0x2041, 0x2041, 0x2041, 0x2041, 0x2041, 0x2041,
    0x2041, 0x2041, 0x2041, 0x2041, 0x2041, 0x2041, 0x2041, 0x2041, 0x2041, 0x2041, 0x2041, 0x2041,
    0x2041, 0x2041, 0x2041, 0x2041, 0x2041, 0x2041, 0x2041, 0x2041, 0x2041, 0x2041, 0x2041, 0x2041,
    0x2041, 0x2041, 0x2041, 0x2041, 0x2041, 0x2041, 0x2041, 0x2041, 0x2041, 0x2041, 0x2041, 0x2041,
    0x2041, 0x2041, 0x2041, 0x2041, 0x2041, 0x2041, 0x2041, 0x2041, 0x2041, 0x2041, 0x2041, 0x2041,
    0x2041, 0x2041, 0x2041, 0x2041, 0x2041, 0x2041, 0x2041, 0x2041, 0x2041, 0x2041, 0x2041, 0x2041,
    0x2041, 0x2041, 0x2041, 0x2041, 0x2041, 0x2041, 0x2041, 0x2041, 0x2041, 0x2041, 0x2041, 0x2041,
    0x2041, 0x2041, 0x2041, 0x2041, 0x2041, 0x2041, 0x2041, 0x2041, 0x2041, 0x2041, 0x2041, 0x2041,
    0x2041, 0x2041, 0x2041, 0x2041, 0x2041, 0x2041, 0x2041, 0x2041, 0x2041, 0x2041, 0x2041, 0x2041,
    0x2041, 0x2041, 0x2041, 0x2041, 0x2041, 0x2041, 0x2041, 0x2041, 0x2041, 0x2041, 0x2041, 0x2041,
    0x2041, 0x2041, 0x2041, 0x2041, 0x2041, 0x2041, 0x2041, 0x2041, 0x2041, 0x2041, 0x2041, 0x2041,
    0x2041, 0x2041, 0x2041, 0x2041, 0x2041, 0x2041, 0x2041, 0x2041, 0x2041, 0x2041, 0x2041, 0x2041,
    0x2041, 0x2041, 0x2041, 0x2041, 0x2041, 0x2041, 0x2041, 0x2041, 0x2041, 0x2041, 0x2041, 0x2041,
    0x2041, 0x2041, 0x2041, 0x2041, 0x2041, 0x2041, 0x2041, 0x2041, 0x2041, 0x2041, 0x2041, 0x2041,
    0x2041, 0x2041, 0x2041, 0x2041, 0x2041, 0x2041, 0x2041, 0x2041, 0x2041, 0x2041, 0x2041, 0x2041,
    0x2041, 0x2041, 0x2041, 0x2041, 0x2041, 0x2041, 0x2041, 0x2041, 0x2041, 0x2041, 0x2041, 0x2041,
    0x2041, 0x2041, 0x2041, 0x2041, 0x2041, 0x2041, 0x2041, 0x2041, 0x2041, 0x2041, 0x2041, 0x2041,
    0x2041, 0x2041, 0x2041, 0x2041, 0x2041, 0x2041, 0x2041, 0x2041, 0x2041, 0x2041, 0x2041, 0x2041,
    0x2041, 0x2041, 0x2041, 0x2041, 0x2041, 0x2041, 0x2041, 0x2041, 0x2041, 0x2041, 0x2041, 0x2041,
    0x2041, 0x2041, 0x2041, 0x2041, 0x2041, 0x2041, 0x2041, 0x2041, 0x2041, 0x2041, 0x2041, 0x2041,
    0x2041, 0x2041, 0x2041, 0x2041, 0x2041, 0x2041, 0x2041, 0x2041, 0x2041, 0x2041, 0x2041, 0x2041,
    0x2041, 0x2041, 0x2041, 0x2041, 0x2041, 0x2041, 0x2041, 0x2041, 0x2041, 0x2041, 0x2041, 0x2041,
    0x2041, 0x2041, 0x2041, 0x2041, 0x2041, 0x2041, 0x2041, 0x2041, 0x2041, 0x2041, 0x2041, 0x2041,
    0x2041, 0x2041, 0x2041, 0x2041, 0x2041, 0x2041, 0x2041, 0x2041, 0x2041, 0x2041, 0x2041, 0x2041,
    0x2041, 0x2041, 0x2041, 0x2041, 0x2041, 0x2041, 0x2041, 0x2041, 0x2041, 0x2041, 0x2041, 0x2041,
    0x2041, 0x2041, 0x2041, 0x2041, 0x2041, 0x2041, 0x2041, 0x2041, 0x2041, 0x2041, 0x2041, 0x2041,
    0x2041, 0x2041, 0x2041, 0x2041, 0x2041, 0x2041, 0x2041, 0x2041, 0x2041, 0x2041, 0x2041, 0x2041,
    0x2041, 0x2041, 0x2041, 0x2041, 0x2041, 0x2041, 0x2041, 0x2041, 0x2041, 0x2041, 0x2041, 0x2041,
    0x2041, 0x2041, 0x2041, 0x2041, 0x2041, 0x2041, 0x2041, 0x2041, 0x2041, 0x2041, 0x2041, 0x2041,
    0x2041, 0x2041, 0x2041, 0x2041, 0x2041, 0x2041, 0x2041, 0x2041, 0x2041, 0x2041, 0x2041, 0x2041,
    0x2041, 0x2041, 0x2041, 0x2041, 0x2041, 0x2041, 0x2041, 0x2041, 0x2041, 0x2041, 0x2041, 0x2041,
    0x2041, 0x2041, 0x2041, 0x2041, 0x2041, 0x2041, 0x2041, 0x2041, 0x2041, 0x2041, 0x2041, 0x2041,
    0x2041, 0x2041, 0x2041, 0x2041, 0x2041, 0x2041, 0x2041, 0x2041, 0x2041, 0x2041, 0x2041, 0x2041,
    0x2041, 0x2041, 0x2041, 0x2041, 0x2041, 0x2041, 0x2041, 0x2041, 0x2041, 0x2041, 0x2041, 0x2041,
    0x2041, 0x2041, 0x2041, 0x2041, 0x2041, 0x2041, 0x2041, 0x2041, 0x2041, 0x2041, 0x2041, 0x2041,
    0x2041, 0x2041, 0x2041, 0x2041, 0x2041, 0x2041, 0x2041, 0x2041, 0x2041, 0x2041, 0x2041, 0x2041,
    0x2041, 0x2041, 0x2041, 0x2041, 0x2041, 0x2041, 0x2041, 0x2041, 0x2041, 0x2041, 0x2041, 0x2041,
    0x2041, 0x2041, 0x2041, 0x2041, 0x2041, 0x2041, 0x2041, 0x2041, 0x2041, 0x2041, 0x2041, 0x2041,
    0x2041, 0x2041, 0x2041, 0x2041, 0x2041, 0x2041, 0x2041, 0x2041, 0x2041, 0x2041, 0x2041, 0x2041,
    0x2041, 0x2041, 0x2041, 0x2041, 0x2041, 0x2041, 0x2041, 0x2041, 0x2041, 0x2041, 0x2041, 0x2041,
    0x2041, 0x2041, 0x2041, 0x2041, 0x2041, 0x2041, 0x2041, 0x2041, 0x2041, 0x2041, 0x2041, 0x2041,
    0x2041, 0x2041, 0x2041, 0x2041, 0x2041, 0x2041, 0x2041, 0x2041, 0x2041, 0x2041, 0x2041, 0x2041,
    0x2041, 0x2041, 0x2041, 0x2041, 0x2041, 0x2041, 0x2041, 0x2041, 0x2041, 0x2041, 0x2041, 0x2041,
    0x2041, 0x2041, 0x2041, 0x2041, 0x2041, 0x2041, 0x2041, 0x2041, 0x2041, 0x2041, 0x2041, 0x2041,
    0x2041, 0x2041, 0x2041, 0x2041, 0x2041, 0x2041, 0x2041, 0x2041, 0x2041, 0x2041, 0x2041, 0x2041,
    0x2041, 0x2041, 0x2041, 0x2041, 0x2041, 0x2041, 0x2041, 0x2041, 0x2041, 0x2041, 0x2041, 0x2041,
    0x2041, 0x2041, 0x2041, 0x2041, 0x2041, 0x2041, 0x2041, 0x2041, 0x2041, 0x2041, 0x2041, 0x2041,
    0x2041, 0x2041, 0x2041, 0x2041, 0x2041, 0x2041, 0x2041, 0x2041, 0x2041, 0x2041, 0x2041, 0x2041,
    0x2041, 0x2041, 0x2041, 0x2041, 0x2041, 0x2041, 0x2041, 0x2041, 0x2041, 0x2041, 0x2041, 0x2041,
    0x2041, 0x2041, 0x2041, 0x2041, 0x2041, 0x2041, 0x2041, 0x2041, 0x2041, 0x2041, 0x2041, 0x2041,
    0x2041, 0x2041, 0x2041, 0x2041, 0x2041, 0x2041, 0x2041, 0x2041, 0x2041, 0x2041, 0x2041, 0x2041,
    0x2041, 0x2041, 0x2041, 0x2041, 0x2041, 0x2041, 0x2041, 0x2041, 0x2041, 0x2041, 0x2041, 0x2041,
    0x2041, 0x2041, 0x2041, 0x2041,
};

}  // namespace DemoCoverData
