#pragma once

#include <cstdint>

namespace DemoCoverData {

constexpr std::uint16_t NeonSignalPixelsWidth = 160;
constexpr std::uint16_t NeonSignalPixelsHeight = 160;
alignas(4) constexpr std::uint16_t NeonSignalPixels[25600] = {
    0x0023, 0x0023, 0x0023, 0x0023, 0x0023, 0x0023, 0x0023, 0x0023, 0x0023, 0x0023, 0x0023, 0x0023,
    0x0023, 0x0023, 0x0023, 0x0023, 0x0023, 0x0023, 0x0023, 0x0023, 0x0023, 0x0023, 0x0023, 0x0023,
    0x0023, 0x0023, 0x0023, 0x0023, 0x0023, 0x0023, 0x0023, 0x0023, 0x0023, 0x0023, 0x0023, 0x0023,
    0x0023, 0x0023, 0x0023, 0x0023, 0x0023, 0x0023, 0x0023, 0x0023, 0x0023, 0x0023, 0x0023, 0x0023,
    0x0023, 0x0023, 0x0023, 0x0023, 0x0023, 0x0023, 0x0023, 0x0023, 0x0023, 0x0023, 0x0023, 0x0023,
    0x0023, 0x0023, 0x0023, 0x0023, 0x0023, 0x0023, 0x0023, 0x0023, 0x0023, 0x0023, 0x0023, 0x0023,
    0x0023, 0x0023, 0x0023, 0x0023, 0x0023, 0x0023, 0x0023, 0x0023, 0x0023, 0x0023, 0x0023, 0x0023,
    0x0023, 0x0023, 0x0023, 0x0023, 0x0023, 0x0023, 0x0023, 0x0023, 0x0023, 0x0023, 0x0023, 0x0023,
    0x0023, 0x0023, 0x0023, 0x0023, 0x0023, 0x0023, 0x0023, 0x0023, 0x0023, 0x0023, 0x0023, 0x0023,
    0x0023, 0x0023, 0x0023, 0x0023, 0x0023, 0x0023, 0x0023, 0x0023, 0x0023, 0x0023, 0x0023, 0x0023,
    0x0023, 0x0023, 0x0023, 0x0023, 0x0023, 0x0023, 0x0023, 0x0023, 0x0023, 0x0023, 0x0023, 0x0023,
    0x0023, 0x0023, 0x0023, 0x0023, 0x0023, 0x0023, 0x0023, 0x0023, 0x0023, 0x0023, 0x0023, 0x0023,
    0x0023, 0x0023, 0x0023, 0x0023, 0x0023, 0x0023, 0x0023, 0x0023, 0x0023, 0x0023, 0x0023, 0x0023,
    0x0023, 0x0023, 0x0023, 0x0023, 0x0023, 0x0023, 0x0023, 0x0023, 0x0023, 0x0023, 0x0023, 0x0023,
    0x0023, 0x0023, 0x0023, 0x0023, 0x0023, 0x0023, 0x0023, 0x0023, 0x0023, 0x0023, 0x0023, 0x0023,
    0x0023, 0x0023, 0x0023, 0x0023, 0x0023, 0x0023, 0x0023, 0x0023, 0x0023, 0x0023, 0x0023, 0x0023,
    0x0023, 0x0023, 0x0023, 0x0023, 0x0023, 0x0023, 0x0023, 0x0023, 0x0023, 0x0023, 0x0023, 0x0023,
    0x0023, 0x0023, 0x0023, 0x0023, 0x0023, 0x0023, 0x0023, 0x0023, 0x0023, 0x0023, 0x0023, 0x0023,
    0x0023, 0x0023, 0x0023, 0x0023, 0x0023, 0x0023, 0x0023, 0x0023, 0x0023, 0x0023, 0x0023, 0x0023,
    0x0023, 0x0023, 0x0023, 0x0023, 0x0023, 0x0023, 0x0023, 0x0023, 0x0023, 0x0023, 0x0023, 0x0023,
    0x0023, 0x0023, 0x0023, 0x0023, 0x0023, 0x0023, 0x0023, 0x0023, 0x0023, 0x0023, 0x0023, 0x0023,
    0x0023, 0x0023, 0x0023, 0x0023, 0x0023, 0x0023, 0x0023, 0x0023, 0x0023, 0x0023, 0x0023, 0x0023,
    0x0023, 0x0023, 0x0023, 0x0023, 0x0023, 0x0023, 0x0023, 0x0023, 0x0023, 0x0023, 0x0023, 0x0023,
    0x0023, 0x0023, 0x0023, 0x0023, 0x0023, 0x0023, 0x0023, 0x0023, 0x0023, 0x0023, 0x0023, 0x0023,
    0x0023, 0x0023, 0x0023, 0x0023, 0x0023, 0x0023, 0x0023, 0x0023, 0x0023, 0x0023, 0x0023, 0x0023,
    0x0023, 0x0023, 0x0023, 0x0023, 0x0023, 0x0023, 0x0023, 0x0023, 0x0023, 0x0023, 0x0023, 0x0023,
    0x0023, 0x0023, 0x0023, 0x0023, 0x0023, 0x0023, 0x0023, 0x0023, 0x0023, 0x0023, 0x0023, 0x0023,
    0x0023, 0x0023, 0x0023, 0x0023, 0x0023, 0x0023, 0x0023, 0x0023, 0x0023, 0x0023, 0x0023, 0x0023,
    0x0023, 0x0023, 0x0023, 0x0023, 0x0023, 0x0023, 0x0023, 0x0023, 0x0023, 0x0023, 0x0023, 0x0023,
    0x0023, 0x0023, 0x0023, 0x0023, 0x0023, 0x0023, 0x0023, 0x0023, 0x0023, 0x0023, 0x0023, 0x0023,
    0x0023, 0x0023, 0x0023, 0x0023, 0x0023, 0x0023, 0x0023, 0x0023, 0x0023, 0x0023, 0x0023, 0x0023,
    0x0023, 0x0023, 0x0023, 0x0023, 0x0023, 0x0023, 0x0023, 0x0023, 0x0023, 0x0023, 0x0023, 0x0023,
    0x0023, 0x0023, 0x0023, 0x0023, 0x0023, 0x0023, 0x0023, 0x0023, 0x0023, 0x0023, 0x0023, 0x0023,
    0x0023, 0x0023, 0x0023, 0x0023, 0x0023, 0x0023, 0x0023, 0x0023, 0x0023, 0x0023, 0x0023, 0x0023,
    0x0023, 0x0023, 0x0023, 0x0023, 0x0023, 0x0023, 0x0023, 0x0023, 0x0023, 0x0023, 0x0023, 0x0023,
    0x0023, 0x0023, 0x0023, 0x0023, 0x0023, 0x0023, 0x0023, 0x0023, 0x0023, 0x0023, 0x0023, 0x0023,
    0x0023, 0x0023, 0x0023, 0x0023, 0x0023, 0x0023, 0x0023, 0x0023, 0x0023, 0x0023, 0x0023, 0x0023,
    0x0023, 0x0023, 0x0023, 0x0023, 0x0023, 0x0023, 0x0023, 0x0023, 0x0023, 0x0023, 0x0023, 0x0023,
    0x0023, 0x0023, 0x0023, 0x0023, 0x0023, 0x0023, 0x0023, 0x0023, 0x0023, 0x0023, 0x0023, 0x0023,
    0x0023, 0x0023, 0x0023, 0x0023, 0x0023, 0x0023, 0x0023, 0x0023, 0x0023, 0x0023, 0x0023, 0x0023,
    0x0023, 0x0023, 0x0023, 0x0023, 0x0023, 0x0023, 0x0023, 0x0023, 0x0023, 0x0023, 0x0023, 0x0023,
    0x0023, 0x0023, 0x0023, 0x0023, 0x0023, 0x0023, 0x0023, 0x0023, 0x0023, 0x0023, 0x0023, 0x0023,
    0x0023, 0x0023, 0x0023, 0x0023, 0x0023, 0x0023, 0x0023, 0x0023, 0x0023, 0x0023, 0x0023, 0x0023,
    0x0023, 0x0023, 0x0023, 0x0023, 0x0023, 0x0023, 0x0023, 0x0023, 0x0023, 0x0023, 0x0023, 0x0023,
    0x0023, 0x0023, 0x0023, 0x0023, 0x0023, 0x0023, 0x0023, 0x0023, 0x0023, 0x0023, 0x0023, 0x0023,
    0x0023, 0x0023, 0x0023, 0x0023, 0x0023, 0x0023, 0x0023, 0x0023, 0x0023, 0x0023, 0x0023, 0x0023,
    0x0023, 0x0023, 0x0023, 0x0023, 0x0023, 0x0023, 0x0023, 0x0023, 0x0023, 0x0023, 0x0023, 0x0023,
    0x0023, 0x0023, 0x0023, 0x0023, 0x0023, 0x0023, 0x0023, 0x0023, 0x0023, 0x0023, 0x0023, 0x0023,
    0x0023, 0x0023, 0x0023, 0x0023, 0x0023, 0x0023, 0x0023, 0x0023, 0x0023, 0x0023, 0x0023, 0x0023,
    0x0023, 0x0023, 0x0023, 0x0023, 0x0023, 0x0023, 0x0023, 0x0023, 0x0023, 0x0023, 0x0023, 0x0023,
    0x0023, 0x0023, 0x0023, 0x0023, 0x0023, 0x0023, 0x0023, 0x0023, 0x0023, 0x0023, 0x0023, 0x0023,
    0x0023, 0x0023, 0x0023, 0x0023, 0x0023, 0x0023, 0x0023, 0x0023, 0x0023, 0x0023, 0x0023, 0x0023,
    0x0023, 0x0023, 0x0023, 0x0023, 0x0023, 0x0023, 0x0023, 0x0023, 0x0023, 0x0023, 0x0023, 0x0023,
    0x0023, 0x0023, 0x0023, 0x0023, 0x0023, 0x0023, 0x0023, 0x0023, 0x0023, 0x0023, 0x0023, 0x0023,
    0x0023, 0x0023, 0x0023, 0x0023, 0x0023, 0x0023, 0x0023, 0x0023, 0x0023, 0x0023, 0x0023, 0x0023,
    0x0023, 0x0023, 0x0023, 0x0023, 0x0023, 0x0023, 0x0023, 0x0023, 0x0023, 0x0023, 0x0023, 0x0023,
    0x0023, 0x0023, 0x0023, 0x0023, 0x0023, 0x0023, 0x0023, 0x0023, 0x0023, 0x0023, 0x0023, 0x0023,
    0x0023, 0x0023, 0x0023, 0x0023, 0x0023, 0x0023, 0x0023, 0x0023, 0x0023, 0x0023, 0x0023, 0x0023,
    0x0023, 0x0023, 0x0023, 0x0023, 0x0023, 0x0023, 0x0023, 0x0023, 0x0023, 0x0023, 0x0023, 0x0023,
    0x0023, 0x0023, 0x0023, 0x0023, 0x0023, 0x0023, 0x0023, 0x0023, 0x0023, 0x0023, 0x0023, 0x0023,
    0x0023, 0x0023, 0x0023, 0x0023, 0x0023, 0x0023, 0x0023, 0x0023, 0x0023, 0x0023, 0x0023, 0x0023,
    0x0023, 0x0023, 0x0023, 0x0023, 0x0023, 0x0023, 0x0023, 0x0023, 0x0023, 0x0023, 0x0023, 0x0023,
    0x0023, 0x0023, 0x0023, 0x0023, 0x0023, 0x0023, 0x0023, 0x0023, 0x0023, 0x0023, 0x0023, 0x0023,
    0x0023, 0x0023, 0x0023, 0x0023, 0x0023, 0x0023, 0x0023, 0x0023, 0x0023, 0x0023, 0x0023, 0x0023,
    0x0023, 0x0023, 0x0023, 0x0023, 0x0023, 0x0023, 0x0023, 0x0023, 0x0023, 0x0023, 0x0023, 0x0023,
    0x0023, 0x0023, 0x0023, 0x0023, 0x0023, 0x0023, 0x0023, 0x0023, 0x0023, 0x0023, 0x0023, 0x0023,
    0x0023, 0x0023, 0x0023, 0x0023, 0x0023, 0x0023, 0x0023, 0x0023, 0x0023, 0x0023, 0x0023, 0x0023,
    0x0023, 0x0023, 0x0023, 0x0023, 0x0023, 0x0023, 0x0023, 0x0023, 0x0023, 0x0023, 0x0023, 0x0023,
    0x0023, 0x0023, 0x0023, 0x0023, 0x0023, 0x0023, 0x0023, 0x0023, 0x0023, 0x0023, 0x0023, 0x0023,
    0x0023, 0x0023, 0x0023, 0x0023, 0x0023, 0x0023, 0x0023, 0x0023, 0x0023, 0x0023, 0x0023, 0x0023,
    0x0023, 0x0023, 0x0023, 0x0023, 0x0023, 0x0023, 0x0023, 0x0023, 0x0023, 0x0023, 0x0023, 0x0023,
    0x0023, 0x0023, 0x0023, 0x0023, 0x0023, 0x0023, 0x0023, 0x0023, 0x0023, 0x0023, 0x0023, 0x0023,
    0x0023, 0x0023, 0x0023, 0x0023, 0x0023, 0x0023, 0x0023, 0x0023, 0x0023, 0x0023, 0x0023, 0x0023,
    0x0023, 0x0023, 0x0023, 0x0023, 0x0023, 0x0023, 0x0023, 0x0023, 0x0023, 0x0023, 0x0023, 0x0023,
    0x0023, 0x0023, 0x0023, 0x0023, 0x0023, 0x0023, 0x0023, 0x0023, 0x0023, 0x0023, 0x0023, 0x0023,
    0x0023, 0x0023, 0x0023, 0x0023, 0x0023, 0x0023, 0x0023, 0x0023, 0x0023, 0x0023, 0x0023, 0x0023,
    0x0023, 0x0023, 0x0023, 0x0023, 0x0023, 0x0023, 0x0023, 0x0023, 0x0023, 0x0023, 0x0023, 0x0023,
    0x0023, 0x0023, 0x0023, 0x0023, 0x0023, 0x0023, 0x0023, 0x0023, 0x0023, 0x0023, 0x0023, 0x0023,
    0x0023, 0x0023, 0x0023, 0x0023, 0x0023, 0x0023, 0x0023, 0x0023, 0x0023, 0x0023, 0x0023, 0x0023,
    0x0023, 0x0023, 0x0023, 0x0023, 0x0023, 0x0023, 0x0023, 0x0023, 0x0023, 0x0023, 0x0023, 0x0023,
    0x0023, 0x0023, 0x0023, 0x0023, 0x0023, 0x0023, 0x0023, 0x0023, 0x0023, 0x0023, 0x0023, 0x0023,
    0x0023, 0x0023, 0x0023, 0x0023, 0x0023, 0x0023, 0x0023, 0x0023, 0x0023, 0x0023, 0x0023, 0x0023,
    0x0023, 0x0023, 0x0023, 0x0023, 0x0023, 0x0023, 0x0023, 0x0023, 0x0023, 0x0023, 0x0023, 0x0023,
    0x0023, 0x0023, 0x0023, 0x0023, 0x0023, 0x0023, 0x0023, 0x0023, 0x0023, 0x0023, 0x0023, 0x0023,
    0x0023, 0x0023, 0x0023, 0x0023, 0x0023, 0x0023, 0x0023, 0x0023, 0x0023, 0x0023, 0x0023, 0x0023,
    0x0023, 0x0023, 0x0023, 0x0023, 0x0023, 0x0023, 0x0023, 0x0023, 0x0023, 0x0023, 0x0023, 0x0023,
    0x0023, 0x0023, 0x0023, 0x0023, 0x0023, 0x0023, 0x0023, 0x0023, 0x0023, 0x0023, 0x0023, 0x0023,
    0x0023, 0x0023, 0x0023, 0x0023, 0x0023, 0x0023, 0x0023, 0x0023, 0x0023, 0x0023, 0x0023, 0x0023,
    0x0023, 0x0023, 0x0023, 0x0023, 0x0023, 0x0023, 0x0023, 0x0023, 0x0023, 0x0023, 0x0023, 0x0023,
    0x0023, 0x0023, 0x0023, 0x0023, 0x0023, 0x0023, 0x0023, 0x0023, 0x0023, 0x0023, 0x0023, 0x0023,
    0x0023, 0x0023, 0x0023, 0x0023, 0x0023, 0x0023, 0x0023, 0x0023, 0x0023, 0x0023, 0x0023, 0x0023,
    0x0023, 0x0023, 0x0023, 0x0023, 0x0023, 0x0023, 0x0023, 0x0023, 0x0023, 0x0023, 0x0023, 0x0023,
    0x0023, 0x0023, 0x0023, 0x0023, 0x0023, 0x0023, 0x0023, 0x0023, 0x0023, 0x0023, 0x0023, 0x0023,
    0x0023, 0x0023, 0x0023, 0x0023, 0x0023, 0x0023, 0x0023, 0x0023, 0x0023, 0x0023, 0x0023, 0x0023,
    0x0023, 0x0023, 0x0023, 0x0023, 0x0023, 0x0023, 0x0023, 0x0023, 0x0023, 0x0023, 0x0023, 0x0023,
    0x0023, 0x0023, 0x0023, 0x0023, 0x0023, 0x0023, 0x0023, 0x0023, 0x0023, 0x0023, 0x0023, 0x0023,
    0x0023, 0x0023, 0x0023, 0x0023, 0x0023, 0x0023, 0x0023, 0x0023, 0x0023, 0x0023, 0x0023, 0x0023,
    0x0023, 0x0023, 0x0023, 0x0023, 0x0023, 0x0023, 0x0023, 0x0023, 0x0023, 0x0023, 0x0023, 0x0023,
    0x0023, 0x0023, 0x0023, 0x0023, 0x0023, 0x0023, 0x0023, 0x0023, 0x0023, 0x0023, 0x0023, 0x0023,
    0x0023, 0x0023, 0x0023, 0x0023, 0x0023, 0x0023, 0x0023, 0x0023, 0x0023, 0x0023, 0x0023, 0x0023,
    0x0023, 0x0023, 0x0023, 0x0023, 0x0023, 0x0023, 0x0023, 0x0023, 0x0023, 0x0023, 0x0023, 0x0023,
    0x0023, 0x0023, 0x0023, 0x0023, 0x0023, 0x0023, 0x0023, 0x0023, 0x0023, 0x0023, 0x0023, 0x0023,
    0x0023, 0x0023, 0x0023, 0x0023, 0x0023, 0x0023, 0x0023, 0x0023, 0x0023, 0x0023, 0x0023, 0x0023,
    0x0023, 0x0023, 0x0023, 0x0023, 0x0023, 0x0023, 0x0023, 0x0023, 0x0023, 0x0023, 0x0023, 0x0023,
    0x0023, 0x0023, 0x0023, 0x0023, 0x0023, 0x0023, 0x0023, 0x0023, 0x0023, 0x0023, 0x0023, 0x0023,
    0x0023, 0x0023, 0x0023, 0x0023, 0x0023, 0x0023, 0x0023, 0x0023, 0x0023, 0x0023, 0x0023, 0x0023,
    0x0023, 0x0023, 0x0023, 0x0023, 0x0023, 0x0023, 0x0023, 0x0023, 0x0023, 0x0023, 0x0023, 0x0023,
    0x0023, 0x0023, 0x0023, 0x0023, 0x0023, 0x0023, 0x0023, 0x0023, 0x0023, 0x0023, 0x0023, 0x0023,
    0x0023, 0x0023, 0x0023, 0x0023, 0x0023, 0x0023, 0x0023, 0x0023, 0x0023, 0x0023, 0x0023, 0x0023,
    0x0023, 0x0023, 0x0023, 0x0023, 0x0023, 0x0023, 0x0023, 0x0023, 0x0023, 0x0023, 0x0023, 0x0023,
    0x0023, 0x0023, 0x0023, 0x0023, 0x0023, 0x0023, 0x0023, 0x0023, 0x0023, 0x0023, 0x0023, 0x0023,
    0x0023, 0x0023, 0x0023, 0x0023, 0x0023, 0x0023, 0x0023, 0x0023, 0x0023, 0x0023, 0x0023, 0x0023,
    0x0023, 0x0023, 0x0023, 0x0023, 0x0023, 0x0023, 0x0023, 0x0023, 0x0023, 0x0023, 0x0023, 0x0023,
    0x0023, 0x0023, 0x0023, 0x0023, 0x0023, 0x0023, 0x0023, 0x0023, 0x0023, 0x0023, 0x0023, 0x0023,
    0x0023, 0x0023, 0x0023, 0x0023, 0x0023, 0x0023, 0x0023, 0x0023, 0x0023, 0x0023, 0x0023, 0x0023,
    0x0023, 0x0023, 0x0023, 0x0023, 0x0023, 0x0023, 0x0023, 0x0023, 0x0023, 0x0023, 0x0023, 0x0023,
    0x0023, 0x0023, 0x0023, 0x0023, 0x0023, 0x0023, 0x0023, 0x0023, 0x0023, 0x0023, 0x0023, 0x0023,
    0x0023, 0x0023, 0x0023, 0x0023, 0x0023, 0x0023, 0x0023, 0x0023, 0x0023, 0x0023, 0x0023, 0x0023,
    0x0023, 0x0023, 0x0023, 0x0023, 0x0023, 0x0023, 0x0023, 0x0023, 0x0023, 0x0023, 0x0023, 0x0023,
    0x0023, 0x0023, 0x0023, 0x0023, 0x0023, 0x0023, 0x0023, 0x0023, 0x0023, 0x0023, 0x0023, 0x0023,
    0x0023, 0x0023, 0x0023, 0x0023, 0x0023, 0x0023, 0x0023, 0x0023, 0x0023, 0x0023, 0x0023, 0x0023,
    0x0023, 0x0023, 0x0023, 0x0023, 0x0023, 0x0023, 0x0023, 0x0023, 0x0023, 0x0023, 0x0023, 0x0023,
    0x0023, 0x0023, 0x0023, 0x0023, 0x0023, 0x0023, 0x0023, 0x0023, 0x0023, 0x0023, 0x0023, 0x0023,
    0x0023, 0x0023, 0x0023, 0x0023, 0x0023, 0x0023, 0x0023, 0x0023, 0x0023, 0x0023, 0x0023, 0x0023,
    0x0023, 0x0023, 0x0023, 0x0023, 0x0023, 0x0023, 0x0023, 0x0023, 0x0023, 0x0023, 0x0023, 0x0023,
    0x0023, 0x0023, 0x0023, 0x0023, 0x0023, 0x0023, 0x0023, 0x0023, 0x0023, 0x0023, 0x0023, 0x0023,
    0x0023, 0x0023, 0x0023, 0x0023, 0x0023, 0x0023, 0x0023, 0x0023, 0x0023, 0x0023, 0x0023, 0x0023,
    0x0023, 0x0023, 0x0023, 0x0023, 0x0023, 0x0023, 0x0023, 0x0023, 0x0023, 0x0023, 0x0023, 0x0023,
    0x0023, 0x0023, 0x0023, 0x0023, 0x0023, 0x0023, 0x0023, 0x0023, 0x0023, 0x0023, 0x0023, 0x0023,
    0x0023, 0x0023, 0x0023, 0x0023, 0x0023, 0x0023, 0x0023, 0x0023, 0x0023, 0x0023, 0x0023, 0x0023,
    0x0023, 0x0023, 0x0023, 0x0023, 0x0023, 0x0023, 0x0023, 0x0023, 0x0023, 0x0023, 0x0023, 0x0023,
    0x0023, 0x0023, 0x0023, 0x0023, 0x0023, 0x0023, 0x0023, 0x0023, 0x0023, 0x0023, 0x0023, 0x0023,
    0x0023, 0x0023, 0x0023, 0x0023, 0x0023, 0x0023, 0x0023, 0x0023, 0x0023, 0x0023, 0x0023, 0x0023,
    0x0023, 0x0023, 0x0023, 0x0023, 0x0023, 0x0023, 0x0023, 0x0023, 0x0023, 0x0023, 0x0023, 0x0023,
    0x0023, 0x0023, 0x0023, 0x0023, 0x0023, 0x0023, 0x0023, 0x0023, 0x0023, 0x0023, 0x0023, 0x0023,
    0x0023, 0x0023, 0x0023, 0x0023, 0x0023, 0x0023, 0x0023, 0x0023, 0x0023, 0x0023, 0x0023, 0x0023,
    0x0023, 0x0023, 0x0023, 0x0023, 0x0023, 0x0023, 0x0023, 0x0023, 0x0023, 0x0023, 0x0023, 0x0023,
    0x0023, 0x0023, 0x0023, 0x0023, 0x0023, 0x0023, 0x0023, 0x0023, 0x0023, 0x0023, 0x0023, 0x0023,
    0x0023, 0x0023, 0x0023, 0x0023, 0x0023, 0x0023, 0x0023, 0x0023, 0x0023, 0x0023, 0x0023, 0x0023,
    0x0023, 0x0023, 0x0023, 0x0023, 0x0823, 0x0823, 0x0823, 0x0823, 0x0823, 0x0823, 0x0823, 0x0823,
    0x0823, 0x0823, 0x0823, 0x0823, 0x0823, 0x0823, 0x0823, 0x0823, 0x0023, 0x0023, 0x0023, 0x0023,
    0x0023, 0x0023, 0x0023, 0x0023, 0x0023, 0x0023, 0x0023, 0x0023, 0x0023, 0x0023, 0x0023, 0x0023,
    0x0023, 0x0023, 0x0023, 0x0023, 0x0023, 0x0023, 0x0023, 0x0023, 0x0023, 0x0023, 0x0023, 0x0023,
    0x0023, 0x0023, 0x0023, 0x0023, 0x0023, 0x0023, 0x0023, 0x0023, 0x0023, 0x0023, 0x0023, 0x0023,
    0x0023, 0x0023, 0x0023, 0x0023, 0x0023, 0x0023, 0x0023, 0x0023, 0x0023, 0x0023, 0x0023, 0x0023,
    0x0023, 0x0023, 0x0023, 0x0023, 0x0023, 0x0023, 0x0023, 0x0023, 0x0023, 0x0023, 0x0023, 0x0023,
    0x0023, 0x0023, 0x0023, 0x0023, 0x0023, 0x0023, 0x0023, 0x0023, 0x0023, 0x0023, 0x0023, 0x0023,
    0x0023, 0x0023, 0x0023, 0x0023, 0x0023, 0x0023, 0x0023, 0x0023, 0x0023, 0x0023, 0x0023, 0x0023,
    0x0023, 0x0023, 0x0023, 0x0023, 0x0023, 0x0023, 0x0023, 0x0023, 0x0023, 0x0023, 0x0023, 0x0023,
    0x0023, 0x0023, 0x0023, 0x0023, 0x0023, 0x0023, 0x0023, 0x0023, 0x0023, 0x0023, 0x0023, 0x0023,
    0x0023, 0x0023, 0x0023, 0x0023, 0x0023, 0x0023, 0x0023, 0x0023, 0x0023, 0x0023, 0x0023, 0x0023,
    0x0023, 0x0023, 0x0023, 0x0023, 0x0023, 0x0023, 0x0023, 0x0023, 0x0023, 0x0023, 0x0023, 0x0023,
    0x0023, 0x0023, 0x0023, 0x0823, 0x0823, 0x0823, 0x0823, 0x0823, 0x0823, 0x0823, 0x0823, 0x0823,
    0x0823, 0x0823, 0x0823, 0x0823, 0x0823, 0x0823, 0x0823, 0x0823, 0x0823, 0x0823, 0x0823, 0x0823,
    0x0823, 0x0823, 0x0823, 0x0823, 0x0823, 0x0023, 0x0023, 0x0023, 0x0023, 0x0023, 0x0023, 0x0023,
    0x0023, 0x0023, 0x0023, 0x0023, 0x0023, 0x0023, 0x0023, 0x0023, 0x0023, 0x0023, 0x0023, 0x0023,
    0x0023, 0x0023, 0x0023, 0x0023, 0x0023, 0x0023, 0x0023, 0x0023, 0x0023, 0x0023, 0x0023, 0x0023,
    0x0023, 0x0023, 0x0023, 0x0023, 0x0023, 0x0023, 0x0023, 0x0023, 0x0023, 0x0023, 0x0023, 0x0023,
    0x0023, 0x0023, 0x0023, 0x0023, 0x0023, 0x0023, 0x0023, 0x0023, 0x0023, 0x0023, 0x0023, 0x0023,
    0x0023, 0x0023, 0x0023, 0x0023, 0x0023, 0x0023, 0x0023, 0x0023, 0x0023, 0x0023, 0x0023, 0x0023,
    0x0023, 0x0023, 0x0023, 0x0023, 0x0023, 0x0023, 0x0023, 0x0023, 0x0023, 0x0023, 0x0023, 0x0023,
    0x0023, 0x0023, 0x0023, 0x0023, 0x0023, 0x0023, 0x0023, 0x0023, 0x0023, 0x0023, 0x0023, 0x0023,
    0x0023, 0x0023, 0x0023, 0x0023, 0x0023, 0x0023, 0x0023, 0x0023, 0x0023, 0x0023, 0x0023, 0x0023,
    0x0023, 0x0023, 0x0023, 0x0023, 0x0023, 0x0023, 0x0023, 0x0023, 0x0023, 0x0023, 0x0023, 0x0023,
    0x0023, 0x0023, 0x0023, 0x0023, 0x0023, 0x0023, 0x0023, 0x0023, 0x0023, 0x0023, 0x0023, 0x0023,
    0x0023, 0x0023, 0x0023, 0x0023, 0x0823, 0x0823, 0x0823, 0x0823, 0x0823, 0x0823, 0x0823, 0x0823,
    0x0823, 0x0823, 0x0823, 0x0823, 0x0823, 0x0823, 0x0823, 0x0823, 0x0823, 0x0823, 0x0823, 0x0823,
    0x0823, 0x0823, 0x0823, 0x0823, 0x0823, 0x0823, 0x0823, 0x0823, 0x0823, 0x0823, 0x0823, 0x0823,
    0x0023, 0x0023, 0x0023, 0x0023, 0x0023, 0x0023, 0x0023, 0x0023, 0x0023, 0x0023, 0x0023, 0x0023,
    0x0023, 0x0023, 0x0023, 0x0023, 0x0023, 0x0023, 0x0023, 0x0023, 0x0023, 0x0023, 0x0023, 0x0023,
    0x0023, 0x0023, 0x0023, 0x0023, 0x0023, 0x0023, 0x0023, 0x0023, 0x0023, 0x0023, 0x0023, 0x0023,
    0x0023, 0x0023, 0x0023, 0x0023, 0x0023, 0x0023, 0x0023, 0x0023, 0x0023, 0x0023, 0x0023, 0x0023,
    0x0023, 0x0023, 0x0023, 0x0023, 0x0023, 0x0023, 0x0023, 0x0023, 0x0023, 0x0023, 0x0023, 0x0023,
    0x0023, 0x0023, 0x0023, 0x0023, 0x0023, 0x0023, 0x0023, 0x0023, 0x0023, 0x0023, 0x0023, 0x0023,
    0x0023, 0x0023, 0x0023, 0x0023, 0x0023, 0x0023, 0x0023, 0x0023, 0x0023, 0x0023, 0x0023, 0x0023,
    0x0023, 0x0023, 0x0023, 0x0023, 0x0023, 0x0023, 0x0023, 0x0023, 0x0023, 0x0023, 0x0023, 0x0023,
    0x0023, 0x0023, 0x0023, 0x0023, 0x0023, 0x0023, 0x0023, 0x0023, 0x0023, 0x0023, 0x0023, 0x0023,
    0x0023, 0x0023, 0x0023, 0x0023, 0x0023, 0x0023, 0x0023, 0x0023, 0x0023, 0x0023, 0x0023, 0x0023,
    0x0023, 0x0023, 0x0023, 0x0023, 0x0023, 0x0823, 0x0823, 0x0823, 0x0823, 0x0823, 0x0823, 0x0823,
    0x0823, 0x0823, 0x0823, 0x0823, 0x0823, 0x0823, 0x0823, 0x0823, 0x0823, 0x0823, 0x0823, 0x0823,
    0x0823, 0x0823, 0x0823, 0x0823, 0x0823, 0x0823, 0x0823, 0x0823, 0x0823, 0x0823, 0x0823, 0x0823,
    0x0823, 0x0823, 0x0823, 0x0823, 0x0823, 0x0823, 0x0823, 0x0023, 0x0023, 0x0023, 0x0023, 0x0023,
    0x0023, 0x0023, 0x0023, 0x0023, 0x0023, 0x0023, 0x0023, 0x0023, 0x0023, 0x0023, 0x0023, 0x0023,
    0x0023, 0x0023, 0x0023, 0x0023, 0x0023, 0x0023, 0x0023, 0x0023, 0x0023, 0x0023, 0x0023, 0x0023,
    0x0023, 0x0023, 0x0023, 0x0023, 0x0023, 0x0023, 0x0023, 0x0023, 0x0023, 0x0023, 0x0023, 0x0023,
    0x0023, 0x0023, 0x0023, 0x0023, 0x0023, 0x0023, 0x0023, 0x0023, 0x0023, 0x0023, 0x0023, 0x0023,
    0x0023, 0x0023, 0x0023, 0x0023, 0x0023, 0x0023, 0x0023, 0x0023, 0x0023, 0x0023, 0x0023, 0x0023,
    0x0023, 0x0023, 0x0023, 0x0023, 0x0023, 0x0023, 0x0023, 0x0023, 0x0023, 0x0023, 0x0023, 0x0023,
    0x0023, 0x0023, 0x0023, 0x0023, 0x0023, 0x0023, 0x0023, 0x0023, 0x0023, 0x0023, 0x0023, 0x0023,
    0x0023, 0x0023, 0x0023, 0x0023, 0x0023, 0x0023, 0x0023, 0x0023, 0x0023, 0x0023, 0x0023, 0x0023,
    0x0023, 0x0023, 0x0023, 0x0023, 0x0023, 0x0023, 0x0023, 0x0023, 0x0023, 0x0023, 0x0023, 0x0023,
    0x0023, 0x0023, 0x0023, 0x0023, 0x0023, 0x0023, 0x0023, 0x0823, 0x0823, 0x0823, 0x0823, 0x0823,
    0x0823, 0x0823, 0x0823, 0x0823, 0x0823, 0x0823, 0x0823, 0x0823, 0x0823, 0x0823, 0x0823, 0x0823,
    0x0823, 0x0823, 0x0823, 0x0823, 0x0823, 0x0823, 0x0823, 0x0823, 0x0823, 0x0823, 0x0823, 0x0823,
    0x0823, 0x0823, 0x0823, 0x0823, 0x0823, 0x0823, 0x0823, 0x0823, 0x0823, 0x0823, 0x0823, 0x0823,
    0x0823, 0x0823, 0x0023, 0x0023, 0x0023, 0x0023, 0x0023, 0x0023, 0x0023, 0x0023, 0x0023, 0x0023,
    0x0023, 0x0023, 0x0023, 0x0023, 0x0023, 0x0023, 0x0023, 0x0023, 0x0023, 0x0023, 0x0023, 0x0023,
    0x0023, 0x0023, 0x0023, 0x0023, 0x0023, 0x0023, 0x0023, 0x0023, 0x0023, 0x0023, 0x0023, 0x0023,
    0x0023, 0x0023, 0x0023, 0x0023, 0x0023, 0x0023, 0x0023, 0x0023, 0x0023, 0x0023, 0x0023, 0x0023,
    0x0023, 0x0023, 0x0023, 0x0023, 0x0023, 0x0023, 0x0023, 0x0023, 0x0023, 0x0023, 0x0023, 0x0023,
    0x0023, 0x0023, 0x0023, 0x0023, 0x0023, 0x0023, 0x0023, 0x0023, 0x0023, 0x0023, 0x0023, 0x0023,
    0x0023, 0x0023, 0x0023, 0x0023, 0x0023, 0x0023, 0x0023, 0x0023, 0x0023, 0x0023, 0x0023, 0x0023,
    0x0023, 0x0023, 0x0023, 0x0023, 0x0023, 0x0023, 0x0023, 0x0023, 0x0023, 0x0023, 0x0023, 0x0023,
    0x0023, 0x0023, 0x0023, 0x0023, 0x0023, 0x0023, 0x0023, 0x0023, 0x0023, 0x0023, 0x0023, 0x0023,
    0x0023, 0x0023, 0x0023, 0x0023, 0x0023, 0x0023, 0x0023, 0x0023, 0x0023, 0x0823, 0x0823, 0x0823,
    0x0823, 0x0823, 0x0823, 0x0823, 0x0823, 0x0823, 0x0823, 0x0823, 0x0823, 0x0823, 0x0823, 0x0823,
    0x0823, 0x0823, 0x0823, 0x0823, 0x0823, 0x0823, 0x0823, 0x0823, 0x0823, 0x0823, 0x0823, 0x0823,
    0x0823, 0x0823, 0x0823, 0x0823, 0x0823, 0x0823, 0x0823, 0x0823, 0x0823, 0x0823, 0x0823, 0x0823,
    0x0823, 0x0823, 0x0823, 0x0823, 0x0823, 0x0823, 0x0823, 0x0823, 0x0023, 0x0023, 0x0023, 0x0023,
    0x0023, 0x0023, 0x0023, 0x0023, 0x0023, 0x0023, 0x0023, 0x0023, 0x0023, 0x0023, 0x0023, 0x0023,
    0x0023, 0x0023, 0x0023, 0x0023, 0x0023, 0x0023, 0x0023, 0x0023, 0x0023, 0x0023, 0x0023, 0x0023,
    0x0023, 0x0023, 0x0023, 0x0023, 0x0023, 0x0023, 0x0023, 0x0023, 0x0023, 0x0023, 0x0023, 0x0023,
    0x0023, 0x0023, 0x0023, 0x0023, 0x0023, 0x0023, 0x0023, 0x0023, 0x0023, 0x0023, 0x0023, 0x0023,
    0x0023, 0x0023, 0x0023, 0x0023, 0x0023, 0x0023, 0x0023, 0x0023, 0x0023, 0x0023, 0x0023, 0x0023,
    0x0023, 0x0023, 0x0023, 0x0023, 0x0023, 0x0023, 0x0023, 0x0023, 0x0023, 0x0023, 0x0023, 0x0023,
    0x0023, 0x0023, 0x0023, 0x0023, 0x0023, 0x0023, 0x0023, 0x0023, 0x0023, 0x0023, 0x0023, 0x0023,
    0x0023, 0x0023, 0x0023, 0x0023, 0x0023, 0x0023, 0x0023, 0x0023, 0x0023, 0x0023, 0x0023, 0x0023,
    0x0023, 0x0023, 0x0023, 0x0023, 0x0023, 0x0023, 0x0023, 0x0023, 0x0023, 0x0023, 0x0023, 0x0823,
    0x0823, 0x0823, 0x0823, 0x0823, 0x0823, 0x0823, 0x0823, 0x0823, 0x0823, 0x0823, 0x0823, 0x0823,
    0x0823, 0x0823, 0x0823, 0x0823, 0x1024, 0x1024, 0x1024, 0x1024, 0x0823, 0x0803, 0x0803, 0x0803,
    0x0803, 0x0803, 0x0803, 0x0803, 0x1024, 0x1024, 0x1024, 0x1024, 0x0824, 0x0823, 0x0823, 0x0823,
    0x0823, 0x0823, 0x0823, 0x0823, 0x0823, 0x0823, 0x0823, 0x0823, 0x0823, 0x0823, 0x0823, 0x0823,
    0x0823, 0x0823, 0x0023, 0x0023, 0x0023, 0x0023, 0x0023, 0x0023, 0x0023, 0x0023, 0x0023, 0x0023,
    0x0023, 0x0023, 0x0023, 0x0023, 0x0023, 0x0023, 0x0023, 0x0023, 0x0023, 0x0023, 0x0023, 0x0023,
    0x0023, 0x0023, 0x0023, 0x0023, 0x0023, 0x0023, 0x0023, 0x0023, 0x0023, 0x0023, 0x0023, 0x0023,
    0x0023, 0x0023, 0x0023, 0x0023, 0x0023, 0x0023, 0x0023, 0x0023, 0x0023, 0x0023, 0x0023, 0x0023,
    0x0023, 0x0023, 0x0023, 0x0023, 0x0023, 0x0023, 0x0023, 0x0023, 0x0023, 0x0023, 0x0023, 0x0023,
    0x0023, 0x0023, 0x0023, 0x0023, 0x0023, 0x0023, 0x0023, 0x0023, 0x0023, 0x0023, 0x0023, 0x0023,
    0x0023, 0x0023, 0x0023, 0x0023, 0x0023, 0x0023, 0x0023, 0x0023, 0x0023, 0x0023, 0x0023, 0x0023,
    0x0023, 0x0023, 0x0023, 0x0023, 0x0023, 0x0023, 0x0023, 0x0023, 0x0023, 0x0023, 0x0023, 0x0023,
    0x0023, 0x0023, 0x0023, 0x0023, 0x0023, 0x0023, 0x0023, 0x0023, 0x0023, 0x0023, 0x0023, 0x0023,
    0x0023, 0x0823, 0x0823, 0x0823, 0x0823, 0x0823, 0x0823, 0x0823, 0x0823, 0x0823, 0x0823, 0x0823,
    0x0823, 0x0823, 0x0823, 0x0824, 0x1024, 0x1024, 0x0803, 0x0003, 0x0002, 0x0002, 0x0002, 0x0002,
    0x1024, 0x1845, 0x1825, 0x1825, 0x1825, 0x1825, 0x1825, 0x1825, 0x0002, 0x0002, 0x0002, 0x0002,
    0x0002, 0x0803, 0x0823, 0x1024, 0x1024, 0x0824, 0x0823, 0x0823, 0x0823, 0x0823, 0x0823, 0x0823,
    0x0823, 0x0823, 0x0823, 0x0823, 0x0823, 0x0823, 0x0823, 0x0023, 0x0023, 0x0023, 0x0023, 0x0023,
    0x0023, 0x0023, 0x0023, 0x0023, 0x0023, 0x0023, 0x0023, 0x0023, 0x0023, 0x0023, 0x0023, 0x0023,
    0x0023, 0x0023, 0x0023, 0x0023, 0x0023, 0x0023, 0x0023, 0x0023, 0x0023, 0x0023, 0x0023, 0x0023,
    0x0023, 0x0023, 0x0023, 0x0023, 0x0023, 0x0023, 0x0023, 0x0023, 0x0023, 0x0023, 0x0023, 0x0023,
    0x0023, 0x0023, 0x0023, 0x0023, 0x0023, 0x0023, 0x0023, 0x0023, 0x0023, 0x0023, 0x0023, 0x0023,
    0x0023, 0x0023, 0x0023, 0x0023, 0x0023, 0x0023, 0x0023, 0x0023, 0x0023, 0x0023, 0x0023, 0x0023,
    0x0023, 0x0023, 0x0023, 0x0023, 0x0023, 0x0023, 0x0023, 0x0023, 0x0023, 0x0023, 0x0023, 0x0023,
    0x0023, 0x0023, 0x0023, 0x0023, 0x0023, 0x0023, 0x0023, 0x0023, 0x0023, 0x0023, 0x0023, 0x0023,
    0x0023, 0x0023, 0x0023, 0x0023, 0x0023, 0x0023, 0x0023, 0x0023, 0x0023, 0x0023, 0x0023, 0x0023,
    0x0023, 0x0023, 0x0023, 0x0823, 0x0823, 0x0823, 0x0823, 0x0823, 0x0823, 0x0823, 0x0823, 0x0823,
    0x0823, 0x0823, 0x0823, 0x0823, 0x0824, 0x1024, 0x0823, 0x0002, 0x0002, 0x0002, 0x1024, 0x3067,
    0x58AB, 0x910F, 0xA952, 0xA931, 0xD996, 0xE9B8, 0xE9B7, 0xE9B7, 0xE9B7, 0xE9B7, 0xE9B8, 0xE9B7,
    0xB152, 0xA952, 0xA931, 0x60CC, 0x4089, 0x1825, 0x0803, 0x0002, 0x0002, 0x0803, 0x1024, 0x1024,
    0x0824, 0x0823, 0x0823, 0x0823, 0x0823, 0x0823, 0x0823, 0x0823, 0x0823, 0x0823, 0x0823, 0x0823,
    0x0823, 0x0023, 0x0023, 0x0023, 0x0023, 0x0023, 0x0023, 0x0023, 0x0023, 0x0023, 0x0023, 0x0023,
    0x0023, 0x0023, 0x0023, 0x0023, 0x0023, 0x0023, 0x0023, 0x0023, 0x0023, 0x0023, 0x0023, 0x0023,
    0x0023, 0x0023, 0x0023, 0x0023, 0x0023, 0x0023, 0x0023, 0x0023, 0x0023, 0x0023, 0x0023, 0x0023,
    0x0023, 0x0023, 0x0023, 0x0023, 0x0023, 0x0023, 0x0023, 0x0023, 0x0023, 0x0023, 0x0023, 0x0023,
    0x0023, 0x0023, 0x0023, 0x0023, 0x0023, 0x0023, 0x0023, 0x0023, 0x0023, 0x0023, 0x0023, 0x0023,
    0x0023, 0x0023, 0x0023, 0x0023, 0x0023, 0x0023, 0x0023, 0x0023, 0x0023, 0x0023, 0x0023, 0x0023,
    0x0023, 0x0023, 0x0023, 0x0023, 0x0023, 0x0023, 0x0023, 0x0023, 0x0023, 0x0023, 0x0023, 0x0023,
    0x0023, 0x0023, 0x0023, 0x0023, 0x0023, 0x0023, 0x0023, 0x0023, 0x0023, 0x0023, 0x0023, 0x0023,
    0x0023, 0x0023, 0x0023, 0x0023, 0x0023, 0x0023, 0x0823, 0x0823, 0x0823, 0x0823, 0x0823, 0x0823,
    0x0823, 0x0823, 0x0823, 0x0823, 0x0823, 0x0823, 0x1024, 0x0824, 0x0002, 0x0002, 0x1024, 0x4088,
    0x70ED, 0xB153, 0xE1B7, 0xF1D8, 0xF9FA, 0xF9FA, 0xF9FB, 0xF9FB, 0xF9FB, 0xF9FB, 0xF9FB, 0xF9FB,
    0xF9FB, 0xF9FB, 0xF9FB, 0xF9FB, 0xF9FB, 0xF9FB, 0xF9FB, 0xF9FA, 0xF9D9, 0xE9B8, 0xC174, 0x910F,
    0x50AA, 0x2045, 0x0002, 0x0002, 0x0823, 0x1024, 0x0824, 0x0823, 0x0823, 0x0823, 0x0823, 0x0823,
    0x0823, 0x0823, 0x0823, 0x0823, 0x0823, 0x0823, 0x0023, 0x0023, 0x0023, 0x0023, 0x0023, 0x0023,
    0x0023, 0x0023, 0x0023, 0x0023, 0x0023, 0x0023, 0x0023, 0x0023, 0x0023, 0x0023, 0x0023, 0x0023,
    0x0023, 0x0023, 0x0023, 0x0023, 0x0023, 0x0023, 0x0023, 0x0023, 0x0023, 0x0023, 0x0023, 0x0023,
    0x0023, 0x0023, 0x0023, 0x0023, 0x0023, 0x0023, 0x0023, 0x0023, 0x0023, 0x0023, 0x0023, 0x0023,
    0x0023, 0x0023, 0x0023, 0x0023, 0x0023, 0x0023, 0x0023, 0x0023, 0x0023, 0x0023, 0x0023, 0x0023,
    0x0023, 0x0023, 0x0023, 0x0023, 0x0023, 0x0023, 0x0023, 0x0023, 0x0023, 0x0023, 0x0023, 0x0023,
    0x0023, 0x0023, 0x0023, 0x0023, 0x0023, 0x0023, 0x0023, 0x0023, 0x0023, 0x0023, 0x0023, 0x0023,
    0x0023, 0x0023, 0x0023, 0x0023, 0x0023, 0x0023, 0x0023, 0x0023, 0x0023, 0x0023, 0x0023, 0x0023,
    0x0023, 0x0023, 0x0023, 0x0023, 0x0023, 0x0023, 0x0023, 0x0023, 0x0023, 0x0823, 0x0823, 0x0823,
    0x0823, 0x0823, 0x0823, 0x0823, 0x0823, 0x0823, 0x0823, 0x0824, 0x1024, 0x0823, 0x0002, 0x0003,
    0x4089, 0x9110, 0xD196, 0xF9D9, 0xF9FA, 0xF9FB, 0xF9FB, 0xF9FB, 0xF9FA, 0xF9D9, 0xE9B7, 0xE9B8,
    0xC174, 0xA931, 0xA952, 0xA952, 0xA952, 0xA952, 0xA952, 0xB152, 0xE9B7, 0xE9B7, 0xF1D8, 0xF9FA,
    0xF9FA, 0xF9FB, 0xF9FB, 0xF9FA, 0xF9FA, 0xE9B7, 0xA952, 0x58AB, 0x1024, 0x0002, 0x0003, 0x1024,
    0x0824, 0x0823, 0x0823, 0x0823, 0x0823, 0x0823, 0x0823, 0x0823, 0x0823, 0x0823, 0x0823, 0x0823,
    0x0023, 0x0023, 0x0023, 0x0023, 0x0023, 0x0023, 0x0023, 0x0023, 0x0023, 0x0023, 0x0023, 0x0023,
    0x0023, 0x0023, 0x0023, 0x0023, 0x0023, 0x0023, 0x0023, 0x0023, 0x0023, 0x0023, 0x0023, 0x0023,
    0x0023, 0x0023, 0x0023, 0x0023, 0x0023, 0x0023, 0x0023, 0x0023, 0x0023, 0x0023, 0x0023, 0x0023,
    0x0023, 0x0023, 0x0023, 0x0023, 0x0023, 0x0023, 0x0023, 0x0023, 0x0023, 0x0023, 0x0023, 0x0023,
    0x0023, 0x0023, 0x0023, 0x0023, 0x0023, 0x0023, 0x0023, 0x0023, 0x0023, 0x0023, 0x0023, 0x0023,
    0x0023, 0x0023, 0x0023, 0x0023, 0x0023, 0x0023, 0x0023, 0x0023, 0x0023, 0x0023, 0x0023, 0x0023,
    0x0023, 0x0023, 0x0023, 0x0023, 0x0023, 0x0023, 0x0023, 0x0023, 0x0023, 0x0023, 0x0023, 0x0023,
    0x0023, 0x0023, 0x0023, 0x0023, 0x0023, 0x0023, 0x0023, 0x0023, 0x0023, 0x0023, 0x0023, 0x0823,
    0x0823, 0x0823, 0x0823, 0x0823, 0x0823, 0x0823, 0x0823, 0x0823, 0x0823, 0x0824, 0x1024, 0x0003,
    0x0002, 0x1024, 0x70CD, 0xC174, 0xF9D9, 0xF9FA, 0xF9FA, 0xF9FA, 0xF9FA, 0xE9B8, 0xC174, 0x890F,
    0x58AB, 0x4889, 0x1824, 0x1845, 0x0803, 0x0002, 0x0002, 0x0002, 0x0002, 0x0002, 0x0002, 0x0002,
    0x1825, 0x1825, 0x3067, 0x58AB, 0x70CD, 0xB153, 0xE1B7, 0xF9D9, 0xF9FA, 0xF9FA, 0xF9FA, 0xF9FA,
    0xD996, 0x9110, 0x2846, 0x0002, 0x0002, 0x0824, 0x0824, 0x0823, 0x0823, 0x0823, 0x0823, 0x0823,
    0x0823, 0x0823, 0x0823, 0x0823, 0x0823, 0x0023, 0x0023, 0x0023, 0x0023, 0x0023, 0x0023, 0x0023,
    0x0023, 0x0023, 0x0023, 0x0023, 0x0023, 0x0023, 0x0023, 0x0023, 0x0023, 0x0023, 0x0023, 0x0023,
    0x0023, 0x0023, 0x0023, 0x0023, 0x0023, 0x0023, 0x0023, 0x0023, 0x0023, 0x0023, 0x0023, 0x0023,
    0x0023, 0x0023, 0x0023, 0x0023, 0x0023, 0x0023, 0x0023, 0x0023, 0x0023, 0x0023, 0x0023, 0x0023,
    0x0023, 0x0023, 0x0023, 0x0023, 0x0023, 0x0023, 0x0023, 0x0023, 0x0023, 0x0023, 0x0023, 0x0023,
    0x0023, 0x0023, 0x0023, 0x0023, 0x0023, 0x0023, 0x0023, 0x0023, 0x0023, 0x0023, 0x0023, 0x0023,
    0x0023, 0x0023, 0x0023, 0x0023, 0x0023, 0x0023, 0x0023, 0x0023, 0x0023, 0x0023, 0x0023, 0x0023,
    0x0023, 0x0023, 0x0023, 0x0023, 0x0023, 0x0023, 0x0023, 0x0023, 0x0023, 0x0023, 0x0023, 0x0823,
    0x0823, 0x0823, 0x0823, 0x0823, 0x0823, 0x0823, 0x0823, 0x0823, 0x0823, 0x0823, 0x0823, 0x0823,
    0x1024, 0x0823, 0x0002, 0x2846, 0x9110, 0xD996, 0xF9FA, 0xF9FA, 0xF9FA, 0xF9D9, 0xD196, 0x910F,
    0x50AA, 0x2046, 0x0803, 0x0002, 0x0002, 0x0003, 0x0803, 0x0803, 0x1024, 0x1024, 0x1024, 0x1024,
    0x1024, 0x1024, 0x1024, 0x1024, 0x0803, 0x0803, 0x0803, 0x0002, 0x0002, 0x0002, 0x1824, 0x4088,
    0x70ED, 0xC174, 0xF1D9, 0xF9FA, 0xF9FA, 0xF9FA, 0xF1D8, 0xA952, 0x4889, 0x0002, 0x0003, 0x1024,
    0x0824, 0x0823, 0x0823, 0x0823, 0x0823, 0x0823, 0x0823, 0x0823, 0x0823, 0x0823, 0x0823, 0x0823,
    0x0823, 0x0823, 0x0023, 0x0023, 0x0023, 0x0023, 0x0023, 0x0023, 0x0023, 0x0023, 0x0023, 0x0023,
    0x0023, 0x0023, 0x0023, 0x0023, 0x0023, 0x0023, 0x0023, 0x0023, 0x0023, 0x0023, 0x0023, 0x0023,
    0x0023, 0x0023, 0x0023, 0x0023, 0x0023, 0x0023, 0x0023, 0x0023, 0x0023, 0x0023, 0x0023, 0x0023,
    0x0023, 0x0023, 0x0023, 0x0023, 0x0023, 0x0023, 0x0023, 0x0023, 0x0023, 0x0023, 0x0023, 0x0023,
    0x0023, 0x0023, 0x0023, 0x0023, 0x0023, 0x0023, 0x0023, 0x0023, 0x0023, 0x0023, 0x0023, 0x0023,
    0x0023, 0x0023, 0x0023, 0x0023, 0x0023, 0x0023, 0x0023, 0x0023, 0x0023, 0x0023, 0x0023, 0x0023,
    0x0023, 0x0023, 0x0023, 0x0023, 0x0023, 0x0023, 0x0023, 0x0023, 0x0023, 0x0023, 0x0023, 0x0023,
    0x0023, 0x0023, 0x0823, 0x0823, 0x0823, 0x0823, 0x0823, 0x0823, 0x0823, 0x0823, 0x0823, 0x0823,
    0x0823, 0x0823, 0x0824, 0x1024, 0x0002, 0x1024, 0x78ED, 0xF1D9, 0xF9FA, 0xF9FA, 0xF9FA, 0xF1D8,
    0x9110, 0x4088, 0x1024, 0x0002, 0x0002, 0x0803, 0x1024, 0x1024, 0x1024, 0x1024, 0x1024, 0x1024,
    0x1024, 0x1024, 0x1024, 0x1024, 0x1024, 0x1024, 0x1024, 0x1024, 0x1024, 0x1024, 0x1024, 0x1024,
    0x1024, 0x1024, 0x0803, 0x0003, 0x0002, 0x0003, 0x3067, 0x70ED, 0xD996, 0xF9FA, 0xF9FA, 0xF9FA,
    0xF9FA, 0xA952, 0x2846, 0x0002, 0x0823, 0x1024, 0x0823, 0x0823, 0x0823, 0x0823, 0x0823, 0x0823,
    0x0823, 0x0823, 0x0823, 0x0823, 0x0823, 0x0823, 0x0823, 0x0023, 0x0023, 0x0023, 0x0023, 0x0023,
    0x0023, 0x0023, 0x0023, 0x0023, 0x0023, 0x0023, 0x0023, 0x0023, 0x0023, 0x0023, 0x0023, 0x0023,
    0x0023, 0x0023, 0x0023, 0x0023, 0x0023, 0x0023, 0x0023, 0x0023, 0x0023, 0x0023, 0x0023, 0x0023,
    0x0023, 0x0023, 0x0023, 0x0023, 0x0023, 0x0023, 0x0023, 0x0023, 0x0023, 0x0023, 0x0023, 0x0023,
    0x0023, 0x0023, 0x0023, 0x0023, 0x0023, 0x0023, 0x0023, 0x0023, 0x0023, 0x0023, 0x0023, 0x0023,
    0x0023, 0x0023, 0x0023, 0x0023, 0x0023, 0x0023, 0x0023, 0x0023, 0x0023, 0x0023, 0x0023, 0x0023,
    0x0023, 0x0023, 0x0023, 0x0023, 0x0023, 0x0023, 0x0023, 0x0023, 0x0023, 0x0023, 0x0023, 0x0023,
    0x0023, 0x0023, 0x0023, 0x0023, 0x0023, 0x0823, 0x0823, 0x0823, 0x0823, 0x0823, 0x0823, 0x0823,
    0x0823, 0x0823, 0x0823, 0x0823, 0x0823, 0x1024, 0x0803, 0x0002, 0x60AB, 0xD9B7, 0xF9FA, 0xF9FA,
    0xF9FA, 0xD996, 0x70ED, 0x2846, 0x0002, 0x0003, 0x0824, 0x1024, 0x1024, 0x1024, 0x1024, 0x1024,
    0x0824, 0x0824, 0x0824, 0x0824, 0x0824, 0x0824, 0x0824, 0x0824, 0x0824, 0x0824, 0x0824, 0x0824,
    0x0824, 0x0824, 0x0824, 0x0824, 0x1024, 0x1024, 0x1024, 0x1024, 0x1024, 0x1024, 0x0803, 0x0002,
    0x1824, 0x58AB, 0xB953, 0xF9FA, 0xF9FA, 0xF9FA, 0xF1D9, 0x9110, 0x1024, 0x0002, 0x1024, 0x0823,
    0x0823, 0x0823, 0x0823, 0x0823, 0x0823, 0x0823, 0x0823, 0x0823, 0x0823, 0x0823, 0x0823, 0x0823,
    0x0823, 0x0023, 0x0023, 0x0023, 0x0023, 0x0023, 0x0023, 0x0023, 0x0023, 0x0023, 0x0023, 0x0023,
    0x0023, 0x0023, 0x0023, 0x0023, 0x0023, 0x0023, 0x0023, 0x0023, 0x0023, 0x0023, 0x0023, 0x0023,
    0x0023, 0x0023, 0x0023, 0x0023, 0x0023, 0x0023, 0x0023, 0x0023, 0x0023, 0x0023, 0x0023, 0x0023,
    0x0023, 0x0023, 0x0023, 0x0023, 0x0023, 0x0023, 0x0023, 0x0023, 0x0023, 0x0023, 0x0023, 0x0023,
    0x0023, 0x0023, 0x0023, 0x0023, 0x0023, 0x0023, 0x0023, 0x0023, 0x0023, 0x0023, 0x0023, 0x0023,
    0x0023, 0x0023, 0x0023, 0x0023, 0x0023, 0x0023, 0x0023, 0x0023, 0x0023, 0x0023, 0x0023, 0x0023,
    0x0023, 0x0023, 0x0023, 0x0023, 0x0023, 0x0023, 0x0023, 0x0023, 0x0823, 0x0823, 0x0823, 0x0823,
    0x0823, 0x0823, 0x0823, 0x0823, 0x0823, 0x0823, 0x0823, 0x0823, 0x1024, 0x0002, 0x2025, 0xA952,
    0xF9FA, 0xF9FA, 0xF9FA, 0xD996, 0x70CC, 0x1024, 0x0002, 0x0803, 0x1024, 0x1024, 0x1024, 0x1024,
    0x1024, 0x0824, 0x0824, 0x0824, 0x0824, 0x0824, 0x0823, 0x0823, 0x0823, 0x0823, 0x0823, 0x0823,
    0x0823, 0x0823, 0x0823, 0x0823, 0x0823, 0x0823, 0x0823, 0x0824, 0x0824, 0x0824, 0x0824, 0x1024,
    0x1024, 0x1024, 0x1024, 0x1024, 0x0823, 0x0002, 0x0003, 0x4889, 0xB974, 0xF9FA, 0xF9FA, 0xF9FA,
    0xD196, 0x4889, 0x0002, 0x0824, 0x1024, 0x0823, 0x0823, 0x0823, 0x0823, 0x0823, 0x0823, 0x0823,
    0x0823, 0x0823, 0x0823, 0x0823, 0x0823, 0x0823, 0x0023, 0x0023, 0x0023, 0x0023, 0x0023, 0x0023,
    0x0023, 0x0023, 0x0023, 0x0023, 0x0023, 0x0023, 0x0023, 0x0023, 0x0023, 0x0023, 0x0023, 0x0023,
    0x0023, 0x0023, 0x0023, 0x0023, 0x0023, 0x0023, 0x0023, 0x0023, 0x0023, 0x0023, 0x0023, 0x0023,
    0x0023, 0x0023, 0x0023, 0x0023, 0x0023, 0x0023, 0x0023, 0x0023, 0x0023, 0x0023, 0x0023, 0x0023,
    0x0023, 0x0023, 0x0023, 0x0023, 0x0023, 0x0023, 0x0023, 0x0023, 0x0023, 0x0023, 0x0023, 0x0023,
    0x0023, 0x0023, 0x0023, 0x0023, 0x0023, 0x0023, 0x0023, 0x0023, 0x0023, 0x0023, 0x0023, 0x0023,
    0x0023, 0x0023, 0x0023, 0x0023, 0x0023, 0x0023, 0x0023, 0x0023, 0x0023, 0x0023, 0x0023, 0x0823,
    0x0823, 0x0823, 0x0823, 0x0823, 0x0823, 0x0823, 0x0823, 0x0823, 0x0823, 0x0823, 0x1024, 0x1024,
    0x0001, 0x58AA, 0xE1B8, 0xF9FA, 0xF9FA, 0xF1D9, 0x9110, 0x1024, 0x0002, 0x0823, 0x1024, 0x1024,
    0x1024, 0x1024, 0x0824, 0x0824, 0x0824, 0x0823, 0x0823, 0x0823, 0x0823, 0x0823, 0x0823, 0x0823,
    0x0823, 0x0823, 0x0823, 0x0823, 0x0823, 0x0823, 0x0823, 0x0823, 0x0823, 0x0823, 0x0823, 0x0823,
    0x0823, 0x0823, 0x0823, 0x0824, 0x0824, 0x0824, 0x1024, 0x1024, 0x1024, 0x1024, 0x1024, 0x0003,
    0x0002, 0x60AB, 0xD9B7, 0xF9FA, 0xF9FA, 0xF9FA, 0x9110, 0x0803, 0x0003, 0x1024, 0x0823, 0x0823,
    0x0823, 0x0823, 0x0823, 0x0823, 0x0823, 0x0823, 0x0823, 0x0823, 0x0823, 0x0823, 0x0023, 0x0023,
    0x0023, 0x0023, 0x0023, 0x0023, 0x0023, 0x0023, 0x0023, 0x0023, 0x0023, 0x0023, 0x0023, 0x0023,
    0x0023, 0x0023, 0x0023, 0x0023, 0x0023, 0x0023, 0x0023, 0x0023, 0x0023, 0x0023, 0x0023, 0x0023,
    0x0023, 0x0023, 0x0023, 0x0023, 0x0023, 0x0023, 0x0023, 0x0023, 0x0023, 0x0023, 0x0023, 0x0023,
    0x0023, 0x0023, 0x0023, 0x0023, 0x0023, 0x0023, 0x0023, 0x0023, 0x0023, 0x0023, 0x0023, 0x0023,
    0x0023, 0x0023, 0x0023, 0x0023, 0x0023, 0x0023, 0x0023, 0x0023, 0x0023, 0x0023, 0x0023, 0x0023,
    0x0023, 0x0023, 0x0023, 0x0023, 0x0023, 0x0023, 0x0023, 0x0023, 0x0023, 0x0023, 0x0023, 0x0023,
    0x0023, 0x0023, 0x0823, 0x0823, 0x0823, 0x0823, 0x0823, 0x0823, 0x0823, 0x0823, 0x0823, 0x0823,
    0x0823, 0x1024, 0x0003, 0x0803, 0x9110, 0xF9FA, 0xF9DA, 0xF9FA, 0xC174, 0x3067, 0x0002, 0x0823,
    0x1024, 0x1024, 0x1024, 0x1024, 0x0824, 0x0824, 0x0824, 0x0823, 0x0823, 0x0823, 0x0823, 0x0823,
    0x0823, 0x0823, 0x0823, 0x0823, 0x0823, 0x0823, 0x0823, 0x0823, 0x0823, 0x0823, 0x0823, 0x0823,
    0x0823, 0x0823, 0x0823, 0x0823, 0x0823, 0x0823, 0x0823, 0x0823, 0x0823, 0x0823, 0x0824, 0x0824,
    0x1024, 0x1024, 0x1024, 0x1024, 0x1024, 0x0002, 0x1024, 0x9110, 0xF9FA, 0xF9DA, 0xF9FA, 0xC174,
    0x2846, 0x0002, 0x1024, 0x0823, 0x0823, 0x0823, 0x0823, 0x0823, 0x0823, 0x0823, 0x0823, 0x0823,
    0x0823, 0x0823, 0x0823, 0x0823, 0x0023, 0x0023, 0x0023, 0x0023, 0x0023, 0x0023, 0x0023, 0x0023,
    0x0023, 0x0023, 0x0023, 0x0023, 0x0023, 0x0023, 0x0023, 0x0023, 0x0023, 0x0023, 0x0023, 0x0023,
    0x0023, 0x0023, 0x0023, 0x0023, 0x0023, 0x0023, 0x0023, 0x0023, 0x0023, 0x0023, 0x0023, 0x0023,
    0x0023, 0x0023, 0x0023, 0x0023, 0x0023, 0x0023, 0x0023, 0x0023, 0x0023, 0x0023, 0x0023, 0x0023,
    0x0023, 0x0023, 0x0023, 0x0023, 0x0023, 0x0023, 0x0023, 0x0023, 0x0023, 0x0023, 0x0023, 0x0023,
    0x0023, 0x0023, 0x0023, 0x0023, 0x0023, 0x0023, 0x0023, 0x0023, 0x0023, 0x0023, 0x0023, 0x0023,
    0x0023, 0x0023, 0x0023, 0x0023, 0x0023, 0x0823, 0x0823, 0x0823, 0x0823, 0x0823, 0x0823, 0x0823,
    0x0823, 0x0823, 0x0823, 0x0823, 0x1024, 0x0002, 0x2846, 0xC174, 0xF9FA, 0xF9DA, 0xF9FA, 0x78ED,
    0x0803, 0x0803, 0x1024, 0x1024, 0x1024, 0x1024, 0x0824, 0x0824, 0x0824, 0x0823, 0x0823, 0x0823,
    0x0823, 0x0823, 0x0823, 0x0823, 0x0823, 0x0823, 0x0823, 0x0823, 0x0823, 0x0823, 0x0823, 0x0823,
    0x0823, 0x0823, 0x0823, 0x0823, 0x0823, 0x0823, 0x0823, 0x0823, 0x0823, 0x0823, 0x0823, 0x0823,
    0x0823, 0x0823, 0x0823, 0x0824, 0x0824, 0x0824, 0x1024, 0x1024, 0x1024, 0x1024, 0x0824, 0x0002,
    0x4889, 0xE1B7, 0xF9FA, 0xF9FA, 0xE1B8, 0x58AA, 0x0002, 0x1024, 0x0823, 0x0823, 0x0823, 0x0823,
    0x0823, 0x0823, 0x0823, 0x0823, 0x0823, 0x0823, 0x0823, 0x0823, 0x0023, 0x0023, 0x0023, 0x0023,
    0x0023, 0x0023, 0x0023, 0x0023, 0x0023, 0x0023, 0x0023, 0x0023, 0x0023, 0x0023, 0x0023, 0x0023,
    0x0023, 0x0023, 0x0023, 0x0023, 0x0023, 0x0023, 0x0023, 0x0023, 0x0023, 0x0023, 0x0023, 0x0023,
    0x0023, 0x0023, 0x0023, 0x0023, 0x0023, 0x0023, 0x0023, 0x0023, 0x0023, 0x0023, 0x0023, 0x0023,
    0x0023, 0x0023, 0x0023, 0x0023, 0x0023, 0x0023, 0x0023, 0x0023, 0x0023, 0x0023, 0x0023, 0x0023,
    0x0023, 0x0023, 0x0023, 0x0023, 0x0023, 0x0023, 0x0023, 0x0023, 0x0023, 0x0023, 0x0023, 0x0023,
    0x0023, 0x0023, 0x0023, 0x0023, 0x0023, 0x0023, 0x0023, 0x0023, 0x0823, 0x0823, 0x0823, 0x0823,
    0x0823, 0x0823, 0x0823, 0x0823, 0x0823, 0x0823, 0x0823, 0x1024, 0x0003, 0x2846, 0xE1B7, 0xF9FA,
    0xF9FA, 0xE1B7, 0x4889, 0x0002, 0x1024, 0x1024, 0x1024, 0x1024, 0x0824, 0x0824, 0x0824, 0x0824,
    0x0824, 0x0824, 0x0823, 0x0823, 0x0823, 0x0823, 0x0823, 0x0823, 0x0823, 0x0823, 0x0823, 0x0823,
    0x0823, 0x0823, 0x0823, 0x0823, 0x0823, 0x0823, 0x0823, 0x0823, 0x0823, 0x0823, 0x0823, 0x0823,
    0x0823, 0x0823, 0x0823, 0x0823, 0x0823, 0x0823, 0x0824, 0x0824, 0x0824, 0x0824, 0x0824, 0x0824,
    0x1024, 0x1024, 0x1024, 0x1024, 0x0002, 0x2045, 0xA952, 0xF9FB, 0xF9D9, 0xF9FA, 0x60CB, 0x0002,
    0x1024, 0x0824, 0x0824, 0x0824, 0x0824, 0x0823, 0x0823, 0x0823, 0x0823, 0x0823, 0x0823, 0x0823,
    0x0823, 0x0823, 0x0023, 0x0023, 0x0023, 0x0023, 0x0023, 0x0023, 0x0023, 0x0023, 0x0023, 0x0023,
    0x0023, 0x0023, 0x0023, 0x0023, 0x0023, 0x0023, 0x0023, 0x0023, 0x0023, 0x0023, 0x0023, 0x0023,
    0x0023, 0x0023, 0x0023, 0x0023, 0x0023, 0x0023, 0x0023, 0x0023, 0x0023, 0x0023, 0x0023, 0x0023,
    0x0023, 0x0023, 0x0023, 0x0023, 0x0023, 0x0023, 0x0023, 0x0023, 0x0023, 0x0023, 0x0023, 0x0023,
    0x0023, 0x0023, 0x0023, 0x0023, 0x0023, 0x0023, 0x0023, 0x0023, 0x0023, 0x0023, 0x0023, 0x0023,
    0x0023, 0x0023, 0x0023, 0x0023, 0x0023, 0x0023, 0x0023, 0x0023, 0x0023, 0x0023, 0x0023, 0x0823,
    0x0823, 0x0823, 0x0823, 0x0823, 0x0823, 0x0823, 0x0823, 0x0823, 0x0823, 0x0823, 0x1024, 0x0003,
    0x2846, 0xE1B7, 0xF9FA, 0xF9FA, 0xA952, 0x2025, 0x0002, 0x1024, 0x1024, 0x1024, 0x1024, 0x0824,
    0x0824, 0x0824, 0x0824, 0x0824, 0x0823, 0x0823, 0x0823, 0x0823, 0x0823, 0x0823, 0x0823, 0x0823,
    0x0823, 0x0823, 0x0823, 0x0823, 0x0823, 0x0823, 0x0823, 0x0823, 0x0823, 0x0823, 0x0823, 0x0823,
    0x0823, 0x0823, 0x0823, 0x0823, 0x0823, 0x0823, 0x0823, 0x0823, 0x0823, 0x0823, 0x0823, 0x0823,
    0x0824, 0x0824, 0x0824, 0x0824, 0x0824, 0x0824, 0x1024, 0x1024, 0x1024, 0x0823, 0x0803, 0x78ED,
    0xF9D9, 0xF9D9, 0xF9FA, 0x60CB, 0x0002, 0x1024, 0x0824, 0x0824, 0x0824, 0x0824, 0x0824, 0x0824,
    0x0823, 0x0823, 0x0823, 0x0823, 0x0823, 0x0823, 0x0023, 0x0023, 0x0023, 0x0023, 0x0023, 0x0023,
    0x0023, 0x0023, 0x0023, 0x0023, 0x0023, 0x0023, 0x0023, 0x0023, 0x0023, 0x0023, 0x0023, 0x0023,
    0x0023, 0x0023, 0x0023, 0x0023, 0x0023, 0x0023, 0x0023, 0x0023, 0x0023, 0x0023, 0x0023, 0x0023,
    0x0023, 0x0023, 0x0023, 0x0023, 0x0023, 0x0023, 0x0023, 0x0023, 0x0023, 0x0023, 0x0023, 0x0023,
    0x0023, 0x0023, 0x0023, 0x0023, 0x0023, 0x0023, 0x0023, 0x0023, 0x0023, 0x0023, 0x0023, 0x0023,
    0x0023, 0x0023, 0x0023, 0x0023, 0x0023, 0x0023, 0x0023, 0x0023, 0x0023, 0x0023, 0x0023, 0x0023,
    0x0023, 0x0023, 0x0023, 0x0823, 0x0823, 0x0823, 0x0823, 0x0823, 0x0823, 0x0823, 0x0823, 0x0823,
    0x0823, 0x1024, 0x0003, 0x2846, 0xE1B7, 0xF9DA, 0xF9FA, 0xA932, 0x0003, 0x0803, 0x1024, 0x1024,
    0x1024, 0x0824, 0x0824, 0x0824, 0x0824, 0x0824, 0x0823, 0x0823, 0x0823, 0x0823, 0x0823, 0x0823,
    0x0823, 0x0823, 0x0823, 0x0823, 0x0823, 0x0823, 0x0823, 0x0823, 0x0823, 0x0823, 0x0823, 0x0823,
    0x0823, 0x0823, 0x0823, 0x0823, 0x0823, 0x0823, 0x0823, 0x0823, 0x0823, 0x0823, 0x0823, 0x0823,
    0x0823, 0x0823, 0x0823, 0x0823, 0x0823, 0x0824, 0x0824, 0x0824, 0x0824, 0x0824, 0x1024, 0x1024,
    0x1024, 0x1024, 0x1024, 0x0002, 0x60CB, 0xF9FA, 0xF9D9, 0xF9FA, 0x60CB, 0x0002, 0x1024, 0x0824,
    0x0824, 0x0824, 0x0824, 0x0824, 0x0824, 0x0824, 0x0824, 0x0823, 0x0823, 0x0823, 0x0823, 0x0023,
    0x0023, 0x0023, 0x0023, 0x0023, 0x0023, 0x0023, 0x0023, 0x0023, 0x0023, 0x0023, 0x0023, 0x0023,
    0x0023, 0x0023, 0x0023, 0x0023, 0x0023, 0x0023, 0x0023, 0x0023, 0x0023, 0x0023, 0x0023, 0x0023,
    0x0023, 0x0023, 0x0023, 0x0023, 0x0023, 0x0023, 0x0023, 0x0023, 0x0023, 0x0023, 0x0023, 0x0023,
    0x0023, 0x0023, 0x0023, 0x0023, 0x0023, 0x0023, 0x0023, 0x0023, 0x0023, 0x0023, 0x0023, 0x0023,
    0x0023, 0x0023, 0x0023, 0x0023, 0x0023, 0x0023, 0x0023, 0x0023, 0x0023, 0x0023, 0x0023, 0x0023,
    0x0023, 0x0023, 0x0023, 0x0023, 0x0023, 0x0023, 0x0823, 0x0823, 0x0823, 0x0823, 0x0823, 0x0823,
    0x0823, 0x0823, 0x0823, 0x0823, 0x1024, 0x0003, 0x2846, 0xE1B7, 0xF9DA, 0xF9FA, 0xA932, 0x0003,
    0x1024, 0x1024, 0x1024, 0x1024, 0x0824, 0x0824, 0x0824, 0x0824, 0x0824, 0x0823, 0x0823, 0x0823,
    0x0823, 0x0823, 0x0823, 0x0823, 0x0823, 0x0823, 0x0823, 0x0823, 0x0823, 0x0823, 0x0823, 0x0823,
    0x0823, 0x0823, 0x0823, 0x0823, 0x0823, 0x0823, 0x0823, 0x0823, 0x0823, 0x0823, 0x0823, 0x0823,
    0x0823, 0x0823, 0x0823, 0x0823, 0x0823, 0x0823, 0x0823, 0x0823, 0x0823, 0x0823, 0x0823, 0x0824,
    0x0824, 0x0824, 0x0824, 0x0824, 0x1024, 0x1024, 0x1024, 0x1024, 0x0002, 0x60CB, 0xF9FA, 0xF9D9,
    0xF9FA, 0x60CB, 0x0002, 0x1024, 0x0824, 0x0824, 0x0824, 0x0824, 0x0824, 0x0824, 0x0824, 0x0824,
    0x0824, 0x0824, 0x0823, 0x0823, 0x0023, 0x0023, 0x0023, 0x0023, 0x0023, 0x0023, 0x0023, 0x0023,
    0x0023, 0x0023, 0x0023, 0x0023, 0x0023, 0x0023, 0x0023, 0x0023, 0x0023, 0x0023, 0x0023, 0x0023,
    0x0023, 0x0023, 0x0023, 0x0023, 0x0023, 0x0023, 0x0023, 0x0023, 0x0023, 0x0023, 0x0023, 0x0023,
    0x0023, 0x0023, 0x0023, 0x0023, 0x0023, 0x0023, 0x0023, 0x0023, 0x0023, 0x0023, 0x0023, 0x0023,
    0x0023, 0x0023, 0x0023, 0x0023, 0x0023, 0x0023, 0x0023, 0x0023, 0x0023, 0x0023, 0x0023, 0x0023,
    0x0023, 0x0023, 0x0023, 0x0023, 0x0023, 0x0023, 0x0023, 0x0023, 0x0023, 0x0823, 0x0823, 0x0823,
    0x0823, 0x0823, 0x0823, 0x0823, 0x0823, 0x0823, 0x0823, 0x1024, 0x0803, 0x2846, 0xE1B7, 0xF9DA,
    0xF9FA, 0xA932, 0x0003, 0x1024, 0x1024, 0x1024, 0x1024, 0x0824, 0x0824, 0x0824, 0x0824, 0x0823,
    0x0823, 0x0823, 0x0823, 0x0823, 0x0823, 0x0823, 0x0823, 0x0823, 0x0823, 0x0823, 0x0823, 0x0823,
    0x0823, 0x0823, 0x0823, 0x0823, 0x0823, 0x0823, 0x0823, 0x0823, 0x0823, 0x0823, 0x0823, 0x0823,
    0x0823, 0x0823, 0x0823, 0x0823, 0x0823, 0x0823, 0x0823, 0x0823, 0x0823, 0x0823, 0x0823, 0x0823,
    0x0823, 0x0823, 0x0823, 0x0824, 0x0824, 0x0824, 0x0824, 0x0824, 0x0824, 0x1024, 0x1024, 0x1024,
    0x1024, 0x0002, 0x60CB, 0xF9FA, 0xF9D9, 0xF9FA, 0x60CB, 0x0023, 0x1044, 0x0844, 0x0844, 0x0844,
    0x0844, 0x0844, 0x0824, 0x0824, 0x0824, 0x0824, 0x0824, 0x0824, 0x0823, 0x0023, 0x0023, 0x0023,
    0x0023, 0x0023, 0x0023, 0x0023, 0x0023, 0x0023, 0x0023, 0x0023, 0x0023, 0x0023, 0x0023, 0x0023,
    0x0023, 0x0023, 0x0023, 0x0023, 0x0023, 0x0023, 0x0023, 0x0023, 0x0023, 0x0023, 0x0023, 0x0023,
    0x0023, 0x0023, 0x0023, 0x0023, 0x0023, 0x0023, 0x0023, 0x0023, 0x0023, 0x0023, 0x0023, 0x0023,
    0x0023, 0x0023, 0x0023, 0x0023, 0x0023, 0x0023, 0x0023, 0x0023, 0x0023, 0x0023, 0x0023, 0x0023,
    0x0023, 0x0023, 0x0023, 0x0023, 0x0023, 0x0023, 0x0023, 0x0023, 0x0023, 0x0023, 0x0023, 0x0023,
    0x0023, 0x0823, 0x0823, 0x0823, 0x0823, 0x0823, 0x0823, 0x0823, 0x0823, 0x0823, 0x0824, 0x0823,
    0x0803, 0xD996, 0xF9FA, 0xF9FA, 0xA932, 0x0003, 0x1024, 0x1024, 0x1024, 0x0824, 0x0824, 0x0824,
    0x0824, 0x0824, 0x0823, 0x0823, 0x0823, 0x0823, 0x0823, 0x0823, 0x0823, 0x0823, 0x0823, 0x0823,
    0x0823, 0x0823, 0x0823, 0x0823, 0x0823, 0x0823, 0x0823, 0x0823, 0x0823, 0x0823, 0x0823, 0x0823,
    0x0823, 0x0823, 0x0823, 0x0823, 0x0823, 0x0823, 0x0823, 0x0823, 0x0823, 0x0823, 0x0823, 0x0823,
    0x0823, 0x0823, 0x0823, 0x0823, 0x0823, 0x0823, 0x0823, 0x0823, 0x0824, 0x0824, 0x0824, 0x0824,
    0x0824, 0x1024, 0x1024, 0x1024, 0x1024, 0x1044, 0x0002, 0x60CB, 0xF9FA, 0xF9D9, 0xF9FA, 0x40A9,
    0x0023, 0x1044, 0x0844, 0x0844, 0x0844, 0x0844, 0x0844, 0x0844, 0x0844, 0x0844, 0x0844, 0x0824,
    0x0824, 0x0823, 0x0023, 0x0023, 0x0023, 0x0023, 0x0044, 0x0024, 0x0023, 0x0023, 0x0023, 0x0023,
    0x0023, 0x0023, 0x0023, 0x0023, 0x0023, 0x0023, 0x0023, 0x0023, 0x0023, 0x0023, 0x0023, 0x0023,
    0x0023, 0x0023, 0x0023, 0x0023, 0x0023, 0x0023, 0x0023, 0x0023, 0x0023, 0x0023, 0x0023, 0x0023,
    0x0023, 0x0023, 0x0023, 0x0023, 0x0023, 0x0023, 0x0023, 0x0023, 0x0023, 0x0023, 0x0023, 0x0023,
    0x0023, 0x0023, 0x0023, 0x0023, 0x0023, 0x0023, 0x0023, 0x0023, 0x0023, 0x0023, 0x0023, 0x0023,
    0x0023, 0x0023, 0x0023, 0x0023, 0x0823, 0x0823, 0x0823, 0x0823, 0x0823, 0x0823, 0x0823, 0x0823,
    0x0823, 0x0823, 0x1024, 0x0002, 0xA131, 0xF9FA, 0xF9FA, 0xA932, 0x0003, 0x1024, 0x1024, 0x1024,
    0x0824, 0x0824, 0x0824, 0x0824, 0x0823, 0x0823, 0x0823, 0x0823, 0x0823, 0x0823, 0x0823, 0x0823,
    0x0823, 0x0823, 0x0823, 0x0823, 0x0823, 0x0823, 0x0823, 0x0823, 0x0823, 0x0023, 0x0023, 0x0023,
    0x0023, 0x0023, 0x0023, 0x0023, 0x0023, 0x0023, 0x0023, 0x0023, 0x0023, 0x0023, 0x0023, 0x0823,
    0x0823, 0x0823, 0x0823, 0x0823, 0x0823, 0x0823, 0x0823, 0x0823, 0x0823, 0x0823, 0x0823, 0x0823,
    0x0823, 0x0824, 0x0824, 0x0824, 0x0824, 0x0824, 0x1024, 0x1024, 0x1024, 0x1024, 0x1045, 0x0023,
    0x60CC, 0xF9D9, 0xF9D9, 0xE1B7, 0x2066, 0x0844, 0x1044, 0x0844, 0x0844, 0x0844, 0x0844, 0x0844,
    0x0844, 0x0844, 0x0844, 0x0844, 0x0844, 0x0824, 0x0024, 0x0023, 0x0044, 0x0044, 0x0002, 0x0002,
    0x0023, 0x0023, 0x0023, 0x0023, 0x0023, 0x0023, 0x0023, 0x0023, 0x0023, 0x0023, 0x0023, 0x0023,
    0x0023, 0x0023, 0x0023, 0x0023, 0x0023, 0x0023, 0x0023, 0x0023, 0x0023, 0x0023, 0x0023, 0x0023,
    0x0823, 0x0823, 0x0823, 0x0823, 0x0823, 0x0823, 0x0823, 0x0823, 0x0823, 0x0823, 0x0823, 0x0823,
    0x0823, 0x0823, 0x0823, 0x0823, 0x0823, 0x0823, 0x0823, 0x0823, 0x0823, 0x0823, 0x0823, 0x0823,
    0x0823, 0x0823, 0x0823, 0x0823, 0x0823, 0x0823, 0x0823, 0x0823, 0x0823, 0x0823, 0x0823, 0x0823,
    0x0823, 0x0823, 0x0823, 0x0823, 0x0823, 0x1024, 0x0002, 0x68CC, 0xF9FA, 0xF9DA, 0xD996, 0x0804,
    0x0803, 0x1024, 0x1024, 0x1024, 0x1024, 0x0824, 0x0824, 0x0823, 0x0823, 0x0823, 0x0823, 0x0823,
    0x0823, 0x0823, 0x0823, 0x0823, 0x0823, 0x0823, 0x0823, 0x0823, 0x0823, 0x0823, 0x0823, 0x0823,
    0x0823, 0x0823, 0x0823, 0x0823, 0x0823, 0x0823, 0x0823, 0x0823, 0x0823, 0x0823, 0x0823, 0x0823,
    0x0823, 0x0823, 0x0823, 0x0823, 0x0823, 0x0823, 0x0823, 0x0823, 0x0823, 0x0823, 0x0823, 0x0823,
    0x0823, 0x0823, 0x0823, 0x0823, 0x0823, 0x0824, 0x0824, 0x0824, 0x0824, 0x1024, 0x1024, 0x1024,
    0x1024, 0x1044, 0x1044, 0x1845, 0x0022, 0x9130, 0xF9FA, 0xF9FA, 0xB153, 0x0844, 0x1044, 0x1044,
    0x0844, 0x0844, 0x0844, 0x0844, 0x0844, 0x0844, 0x0844, 0x0844, 0x0844, 0x0844, 0x0844, 0x0823,
    0x0002, 0x0002, 0x126C, 0x09CA, 0x0002, 0x0824, 0x0823, 0x0823, 0x0823, 0x0823, 0x0823, 0x0823,
    0x0823, 0x0823, 0x0823, 0x0823, 0x0823, 0x0823, 0x0823, 0x0823, 0x0823, 0x0823, 0x0823, 0x0823,
    0x0823, 0x0823, 0x0823, 0x0823, 0x0823, 0x0823, 0x0823, 0x0823, 0x0823, 0x0823, 0x0823, 0x0823,
    0x0823, 0x0823, 0x0823, 0x0823, 0x0823, 0x0823, 0x0823, 0x0823, 0x0823, 0x0823, 0x0823, 0x0823,
    0x0823, 0x0823, 0x0823, 0x0823, 0x0823, 0x0823, 0x0823, 0x0823, 0x0823, 0x0823, 0x0823, 0x0823,
    0x0823, 0x0823, 0x0823, 0x0823, 0x0823, 0x0823, 0x0823, 0x0823, 0x1024, 0x0003, 0x3047, 0xF9D9,
    0xF9D9, 0xF9D9, 0x3047, 0x0803, 0x1024, 0x1024, 0x1024, 0x1024, 0x0824, 0x0824, 0x0823, 0x0823,
    0x0823, 0x0823, 0x0823, 0x0823, 0x0823, 0x0823, 0x0823, 0x0823, 0x0823, 0x0823, 0x0823, 0x0823,
    0x0823, 0x0823, 0x0823, 0x0823, 0x0823, 0x0823, 0x0823, 0x0823, 0x0823, 0x0823, 0x0823, 0x0823,
    0x0823, 0x0823, 0x0823, 0x0823, 0x0823, 0x0823, 0x0823, 0x0823, 0x0823, 0x0823, 0x0823, 0x0823,
    0x0823, 0x0823, 0x0823, 0x0823, 0x0823, 0x0823, 0x0823, 0x0823, 0x0823, 0x0824, 0x0824, 0x0824,
    0x0824, 0x0824, 0x1024, 0x1044, 0x1044, 0x1044, 0x1044, 0x1044, 0x1045, 0x0844, 0xC974, 0xF9FA,
    0xF9FB, 0x790E, 0x0043, 0x1065, 0x1064, 0x0864, 0x0844, 0x0844, 0x0844, 0x0844, 0x0844, 0x0844,
    0x0864, 0x0823, 0x0002, 0x0844, 0x0A0A, 0x1D77, 0x2FFF, 0x1D78, 0x0002, 0x0824, 0x0823, 0x0823,
    0x0823, 0x0823, 0x0823, 0x0823, 0x0823, 0x0823, 0x0823, 0x0823, 0x0823, 0x0823, 0x0823, 0x0823,
    0x0823, 0x0823, 0x0823, 0x0823, 0x0823, 0x0823, 0x0823, 0x0823, 0x0823, 0x0823, 0x0823, 0x0823,
    0x0823, 0x0823, 0x0823, 0x0823, 0x0823, 0x0823, 0x0823, 0x0823, 0x0823, 0x0823, 0x0823, 0x0823,
    0x0823, 0x0823, 0x0823, 0x0823, 0x0823, 0x0823, 0x0823, 0x0823, 0x0823, 0x0823, 0x0823, 0x0823,
    0x0823, 0x0823, 0x0823, 0x0823, 0x0823, 0x0823, 0x0823, 0x0823, 0x0823, 0x0823, 0x0823, 0x0823,
    0x1024, 0x0003, 0xC174, 0xF9FA, 0xF9FA, 0x68CC, 0x0002, 0x1024, 0x1024, 0x1024, 0x1024, 0x0824,
    0x0824, 0x0823, 0x0823, 0x0823, 0x0823, 0x0823, 0x0823, 0x0823, 0x0823, 0x0823, 0x0823, 0x0823,
    0x0823, 0x0823, 0x0823, 0x0823, 0x0823, 0x0823, 0x0823, 0x0823, 0x0823, 0x0823, 0x0823, 0x0823,
    0x0823, 0x0823, 0x0823, 0x0823, 0x0823, 0x0823, 0x0823, 0x0823, 0x0823, 0x0823, 0x0823, 0x0823,
    0x0823, 0x0823, 0x0823, 0x0823, 0x0823, 0x0823, 0x0823, 0x0823, 0x0823, 0x0823, 0x0823, 0x0823,
    0x0823, 0x0824, 0x0824, 0x0824, 0x0824, 0x0824, 0x0844, 0x1044, 0x1044, 0x1044, 0x1044, 0x1044,
    0x1045, 0x0844, 0x2887, 0xE9B8, 0xF9D9, 0xF1D9, 0x3088, 0x0844, 0x1065, 0x1065, 0x0864, 0x0864,
    0x0864, 0x0864, 0x0864, 0x0844, 0x0802, 0x0864, 0x134F, 0x265B, 0x27BF, 0x2FFF, 0x27BF, 0x1D37,
    0x0864, 0x0823, 0x0823, 0x0823, 0x0823, 0x0823, 0x0823, 0x0823, 0x0823, 0x0823, 0x0823, 0x0823,
    0x0823, 0x0823, 0x0823, 0x0823, 0x0823, 0x0823, 0x0823, 0x0823, 0x0823, 0x0823, 0x0823, 0x0823,
    0x0823, 0x0823, 0x0823, 0x0823, 0x0823, 0x0823, 0x0823, 0x0823, 0x0823, 0x0823, 0x0823, 0x0823,
    0x0823, 0x0823, 0x0823, 0x0823, 0x0823, 0x0823, 0x0823, 0x0823, 0x0823, 0x0823, 0x0823, 0x0823,
    0x0823, 0x0823, 0x0823, 0x0823, 0x0823, 0x0823, 0x0823, 0x0823, 0x0823, 0x0823, 0x0823, 0x0823,
    0x0823, 0x0823, 0x0823, 0x1024, 0x0002, 0x78ED, 0xF9FA, 0xF9FA, 0xB152, 0x0002, 0x1024, 0x1024,
    0x1024, 0x1024, 0x0824, 0x0824, 0x0823, 0x0823, 0x0823, 0x0823, 0x0823, 0x0823, 0x0823, 0x0823,
    0x0823, 0x0823, 0x0823, 0x0823, 0x0823, 0x0823, 0x0823, 0x0823, 0x0823, 0x0823, 0x0823, 0x0823,
    0x0823, 0x0823, 0x0823, 0x0823, 0x0823, 0x0823, 0x0823, 0x0823, 0x0823, 0x0823, 0x0823, 0x0823,
    0x0823, 0x0823, 0x0823, 0x0823, 0x0823, 0x0823, 0x0823, 0x0823, 0x0823, 0x0823, 0x0823, 0x0823,
    0x0823, 0x0823, 0x0823, 0x0823, 0x0823, 0x0824, 0x0824, 0x0824, 0x0824, 0x0844, 0x0844, 0x1044,
    0x1044, 0x1044, 0x1044, 0x1045, 0x1065, 0x1865, 0x0043, 0x60EC, 0xF9FA, 0xF9FA, 0xC174, 0x0864,
    0x1065, 0x1065, 0x1065, 0x0865, 0x0885, 0x0844, 0x0802, 0x0885, 0x134F, 0x267B, 0x27FF, 0x2FFF,
    0x275F, 0x1D78, 0x0A0A, 0x0002, 0x0823, 0x0823, 0x0823, 0x0823, 0x0823, 0x0823, 0x0823, 0x0823,
    0x0823, 0x0823, 0x0823, 0x0823, 0x0823, 0x0823, 0x0823, 0x0823, 0x0823, 0x0823, 0x0823, 0x0823,
    0x0823, 0x0823, 0x0823, 0x0823, 0x0824, 0x0824, 0x0824, 0x0824, 0x0824, 0x0824, 0x0824, 0x0824,
    0x0824, 0x0824, 0x0824, 0x0824, 0x0824, 0x0824, 0x0824, 0x0824, 0x0824, 0x0824, 0x0824, 0x0824,
    0x0824, 0x0824, 0x0824, 0x0824, 0x0823, 0x0823, 0x0823, 0x0823, 0x0823, 0x0823, 0x0823, 0x0823,
    0x0823, 0x0823, 0x0823, 0x0823, 0x0824, 0x0824, 0x1024, 0x0803, 0x2846, 0xF1D9, 0xF9FA, 0xE1B7,
    0x2045, 0x0803, 0x1024, 0x1024, 0x1024, 0x0824, 0x0824, 0x0824, 0x0824, 0x0824, 0x0823, 0x0823,
    0x0823, 0x0823, 0x0823, 0x0823, 0x0823, 0x0823, 0x0823, 0x0823, 0x0823, 0x0823, 0x0823, 0x0823,
    0x0823, 0x0823, 0x0823, 0x0823, 0x0823, 0x0824, 0x0824, 0x0824, 0x0824, 0x0824, 0x0824, 0x0824,
    0x0824, 0x0823, 0x0823, 0x0823, 0x0823, 0x0823, 0x0823, 0x0823, 0x0823, 0x0823, 0x0823, 0x0823,
    0x0823, 0x0823, 0x0823, 0x0823, 0x0823, 0x0823, 0x0823, 0x0824, 0x0824, 0x0824, 0x0824, 0x0824,
    0x0844, 0x0844, 0x0844, 0x0844, 0x1044, 0x1045, 0x1045, 0x1065, 0x1065, 0x1065, 0x1065, 0x0023,
    0xB172, 0xF9DA, 0xF9FA, 0x710D, 0x0044, 0x1085, 0x1085, 0x0824, 0x0803, 0x0885, 0x134F, 0x267B,
    0x27FF, 0x2FFF, 0x271E, 0x1C53, 0x0947, 0x0003, 0x0002, 0x0824, 0x0823, 0x0823, 0x0823, 0x0823,
    0x0823, 0x0823, 0x0823, 0x0823, 0x0823, 0x0823, 0x0824, 0x0824, 0x0824, 0x0824, 0x0824, 0x0824,
    0x0824, 0x0824, 0x0824, 0x0824, 0x0824, 0x0824, 0x0824, 0x0824, 0x0824, 0x0824, 0x0824, 0x0824,
    0x0824, 0x0824, 0x0824, 0x0824, 0x0824, 0x0824, 0x0824, 0x0824, 0x0824, 0x0824, 0x0824, 0x0824,
    0x0824, 0x0824, 0x0824, 0x0824, 0x0824, 0x0824, 0x0824, 0x0824, 0x0823, 0x0823, 0x0823, 0x0823,
    0x0823, 0x0823, 0x0823, 0x0823, 0x0823, 0x0823, 0x0823, 0x0824, 0x0824, 0x0824, 0x1024, 0x0002,
    0x9930, 0xF9FA, 0xF9FA, 0x70CD, 0x0002, 0x1024, 0x1024, 0x1024, 0x1024, 0x0824, 0x0824, 0x0824,
    0x0824, 0x0823, 0x0823, 0x0823, 0x0823, 0x0823, 0x0823, 0x0823, 0x0823, 0x0823, 0x0823, 0x0823,
    0x0823, 0x0823, 0x0823, 0x0823, 0x0823, 0x0823, 0x0824, 0x0824, 0x0824, 0x0824, 0x0824, 0x0824,
    0x0824, 0x0824, 0x0824, 0x0824, 0x0824, 0x0824, 0x0823, 0x0823, 0x0823, 0x0823, 0x0823, 0x0823,
    0x0823, 0x0823, 0x0823, 0x0823, 0x0823, 0x0823, 0x0823, 0x0823, 0x0823, 0x0823, 0x0824, 0x0824,
    0x0824, 0x0824, 0x0824, 0x0824, 0x0844, 0x0844, 0x0844, 0x0844, 0x1044, 0x1045, 0x1065, 0x1065,
    0x1065, 0x1045, 0x1886, 0x2948, 0x2887, 0xF9D9, 0xF9DA, 0xD9B7, 0x1086, 0x0844, 0x1003, 0x1148,
    0x1C33, 0x265B, 0x27FF, 0x2FFF, 0x271E, 0x1C73, 0x0927, 0x0002, 0x0803, 0x0844, 0x0844, 0x0824,
    0x0823, 0x0823, 0x0823, 0x0823, 0x0823, 0x0823, 0x0823, 0x0823, 0x0823, 0x0823, 0x0824, 0x0824,
    0x0824, 0x0824, 0x0824, 0x0824, 0x0824, 0x0824, 0x0824, 0x0824, 0x0824, 0x0824, 0x0824, 0x0824,
    0x0824, 0x0824, 0x0824, 0x0824, 0x0824, 0x0824, 0x0824, 0x0824, 0x0824, 0x0824, 0x0824, 0x0824,
    0x0824, 0x0824, 0x0824, 0x0824, 0x0824, 0x0824, 0x0824, 0x0824, 0x0824, 0x0824, 0x0824, 0x0823,
    0x0823, 0x0823, 0x0823, 0x0823, 0x0823, 0x0823, 0x0823, 0x0823, 0x0823, 0x0823, 0x0823, 0x0824,
    0x0824, 0x1024, 0x0003, 0x4889, 0xF9D9, 0xF9FA, 0xC174, 0x0803, 0x1024, 0x1024, 0x1024, 0x1024,
    0x0824, 0x0824, 0x0824, 0x0824, 0x0824, 0x0823, 0x0823, 0x0823, 0x0823, 0x0823, 0x0823, 0x0823,
    0x0823, 0x0823, 0x0823, 0x0823, 0x0823, 0x0823, 0x0823, 0x0823, 0x0824, 0x0824, 0x0824, 0x0824,
    0x0824, 0x0824, 0x0824, 0x0824, 0x0824, 0x0824, 0x0824, 0x0824, 0x0824, 0x0824, 0x0823, 0x0823,
    0x0823, 0x0823, 0x0823, 0x0823, 0x0823, 0x0823, 0x0823, 0x0823, 0x0823, 0x0823, 0x0823, 0x0823,
    0x0823, 0x0823, 0x0824, 0x0824, 0x0824, 0x0824, 0x0824, 0x0844, 0x0844, 0x0844, 0x0844, 0x0844,
    0x0844, 0x1065, 0x1065, 0x1065, 0x1065, 0x0003, 0xBDD8, 0xD67A, 0x0023, 0x812F, 0xFA1A, 0xF9BA,
    0xA0D0, 0x0947, 0x1C74, 0x271E, 0x27FF, 0x27FF, 0x271E, 0x1C73, 0x0927, 0x0802, 0x0803, 0x0864,
    0x0844, 0x0824, 0x0824, 0x0824, 0x0823, 0x0823, 0x0823, 0x0823, 0x0823, 0x0823, 0x0823, 0x0823,
    0x0823, 0x0823, 0x0824, 0x0824, 0x0824, 0x0824, 0x0824, 0x0824, 0x0824, 0x0824, 0x0824, 0x0824,
    0x0824, 0x0824, 0x0824, 0x0824, 0x0824, 0x0824, 0x0824, 0x0824, 0x0824, 0x0824, 0x0824, 0x0824,
    0x0824, 0x0824, 0x0824, 0x0824, 0x0824, 0x0824, 0x0824, 0x0824, 0x0824, 0x0824, 0x0824, 0x0824,
    0x0824, 0x0824, 0x0824, 0x0823, 0x0823, 0x0823, 0x0823, 0x0823, 0x0823, 0x0823, 0x0823, 0x0823,
    0x0823, 0x0823, 0x0824, 0x0824, 0x0824, 0x1024, 0x0003, 0xC174, 0xF9FA, 0xF9FA, 0x4889, 0x0003,
    0x1024, 0x1024, 0x1024, 0x0824, 0x0824, 0x0824, 0x0824, 0x0824, 0x0823, 0x0823, 0x0823, 0x0823,
    0x0823, 0x0823, 0x0823, 0x0823, 0x0823, 0x0823, 0x0823, 0x0823, 0x0823, 0x0823, 0x0824, 0x0824,
    0x0824, 0x0824, 0x0824, 0x0824, 0x0824, 0x0824, 0x0824, 0x0824, 0x0824, 0x0824, 0x0824, 0x0824,
    0x0824, 0x0823, 0x0823, 0x0823, 0x0823, 0x0823, 0x0823, 0x0823, 0x0823, 0x0823, 0x0823, 0x0823,
    0x0823, 0x0823, 0x0823, 0x0823, 0x0823, 0x0824, 0x0824, 0x0824, 0x0824, 0x0824, 0x0844, 0x0844,
    0x0844, 0x0844, 0x0844, 0x0844, 0x0864, 0x1065, 0x1065, 0x1065, 0x0003, 0xB597, 0xF79E, 0x3169,
    0x0865, 0x1045, 0xE135, 0xE29A, 0x7D1C, 0x273F, 0x2FFF, 0x27FF, 0x265B, 0x1B70, 0x1148, 0x0802,
    0x0823, 0x0865, 0x0844, 0x0844, 0x0844, 0x0824, 0x0824, 0x0824, 0x0823, 0x0823, 0x0823, 0x0823,
    0x0823, 0x0823, 0x0823, 0x0823, 0x0823, 0x0823, 0x0824, 0x0824, 0x0824, 0x0824, 0x0824, 0x0824,
    0x0824, 0x0824, 0x0824, 0x0824, 0x0824, 0x0824, 0x0824, 0x0824, 0x0824, 0x0824, 0x0824, 0x0824,
    0x0824, 0x0824, 0x0824, 0x0824, 0x0824, 0x0824, 0x0824, 0x0824, 0x0824, 0x0824, 0x0824, 0x0824,
    0x0824, 0x0824, 0x0824, 0x0824, 0x0824, 0x0824, 0x0824, 0x0823, 0x0823, 0x0823, 0x0823, 0x0823,
    0x0823, 0x0823, 0x0823, 0x0823, 0x0823, 0x0823, 0x0824, 0x0824, 0x1024, 0x0003, 0x3047, 0xF9D9,
    0xF9FA, 0xC174, 0x0003, 0x1024, 0x1024, 0x1024, 0x1024, 0x0824, 0x0824, 0x0824, 0x0824, 0x0823,
    0x0823, 0x0823, 0x0823, 0x0823, 0x0823, 0x0823, 0x0823, 0x0823, 0x0823, 0x0823, 0x0823, 0x0823,
    0x0823, 0x0824, 0x0824, 0x0824, 0x0824, 0x0824, 0x0824, 0x0824, 0x0824, 0x0824, 0x0824, 0x0824,
    0x0824, 0x0824, 0x0824, 0x0824, 0x0823, 0x0823, 0x0823, 0x0823, 0x0823, 0x0823, 0x0823, 0x0823,
    0x0823, 0x0823, 0x0823, 0x0823, 0x0823, 0x0823, 0x0823, 0x0823, 0x0823, 0x0824, 0x0824, 0x0824,
    0x0824, 0x0844, 0x0844, 0x0844, 0x0844, 0x0844, 0x0844, 0x0864, 0x0865, 0x1065, 0x1065, 0x0003,
    0xB597, 0xF7BE, 0x2928, 0x0003, 0x1865, 0x120B, 0x4CB8, 0x373F, 0x0FFF, 0x17DF, 0x267B, 0x1B50,
    0x1085, 0x0803, 0x0824, 0x0885, 0x0864, 0x0844, 0x0844, 0x0844, 0x0844, 0x0824, 0x0824, 0x0824,
    0x0823, 0x0823, 0x0823, 0x0823, 0x0823, 0x0823, 0x0823, 0x0823, 0x0823, 0x0824, 0x0824, 0x0824,
    0x0824, 0x0824, 0x0824, 0x0824, 0x0824, 0x0824, 0x0824, 0x0824, 0x0824, 0x0824, 0x0824, 0x0824,
    0x0824, 0x0824, 0x0824, 0x0824, 0x0824, 0x0824, 0x0824, 0x0824, 0x0824, 0x0824, 0x0824, 0x0824,
    0x0824, 0x0824, 0x0824, 0x0824, 0x0824, 0x0824, 0x0824, 0x0824, 0x0824, 0x0824, 0x0823, 0x0823,
    0x0823, 0x0823, 0x0823, 0x0823, 0x0823, 0x0823, 0x0823, 0x0823, 0x0823, 0x0824, 0x0824, 0x0824,
    0x1024, 0x0002, 0x9930, 0xF9FA, 0xF9DA, 0x4889, 0x0003, 0x1024, 0x1024, 0x1024, 0x0824, 0x0824,
    0x0824, 0x0824, 0x0824, 0x0823, 0x0823, 0x0823, 0x0823, 0x0823, 0x0823, 0x0823, 0x0823, 0x0823,
    0x0823, 0x0823, 0x0823, 0x0823, 0x0824, 0x0824, 0x0824, 0x0824, 0x0824, 0x0824, 0x0824, 0x0824,
    0x0824, 0x0824, 0x0824, 0x0824, 0x0824, 0x0824, 0x0823, 0x0823, 0x0823, 0x0823, 0x0823, 0x0823,
    0x0823, 0x0823, 0x0823, 0x0823, 0x0823, 0x0823, 0x0823, 0x0823, 0x0823, 0x0823, 0x0823, 0x0824,
    0x0824, 0x0824, 0x0824, 0x0824, 0x0844, 0x0844, 0x0844, 0x0844, 0x0844, 0x0844, 0x0844, 0x0864,
    0x0865, 0x1085, 0x0003, 0xAD77, 0xF7BE, 0x20C6, 0x0003, 0x1A6C, 0x2598, 0x279F, 0x1FFF, 0x1FDF,
    0x469E, 0x9C1B, 0x20A7, 0x0803, 0x1065, 0x1085, 0x0865, 0x0864, 0x0844, 0x0844, 0x0844, 0x0844,
    0x0824, 0x0824, 0x0824, 0x0824, 0x0823, 0x0823, 0x0823, 0x0823, 0x0823, 0x0823, 0x0823, 0x0823,
    0x0823, 0x0824, 0x0824, 0x0824, 0x0824, 0x0824, 0x0824, 0x0824, 0x0824, 0x0824, 0x0824, 0x0824,
    0x0824, 0x0824, 0x0824, 0x0824, 0x0824, 0x0824, 0x0824, 0x0824, 0x0824, 0x0824, 0x0824, 0x0824,
    0x0824, 0x0824, 0x0824, 0x0824, 0x0824, 0x0824, 0x0824, 0x0824, 0x0824, 0x0824, 0x0824, 0x0824,
    0x0824, 0x0824, 0x0823, 0x0823, 0x0823, 0x0823, 0x0823, 0x0823, 0x0823, 0x0823, 0x0823, 0x0823,
    0x0823, 0x0824, 0x0824, 0x0824, 0x0803, 0x1825, 0xF1B8, 0xF9FA, 0xD996, 0x1024, 0x1024, 0x1024,
    0x1024, 0x1024, 0x0824, 0x0824, 0x0824, 0x0824, 0x0823, 0x0823, 0x0823, 0x0823, 0x0823, 0x0823,
    0x0823, 0x0823, 0x0823, 0x0823, 0x0823, 0x0823, 0x0823, 0x0824, 0x0824, 0x0824, 0x0824, 0x0824,
    0x0824, 0x0824, 0x0824, 0x0824, 0x0824, 0x0824, 0x0824, 0x0824, 0x0823, 0x0823, 0x0823, 0x0823,
    0x0823, 0x0823, 0x0823, 0x0823, 0x0823, 0x0823, 0x0823, 0x0823, 0x0823, 0x0823, 0x0823, 0x0823,
    0x0823, 0x0823, 0x0824, 0x0824, 0x0824, 0x0824, 0x0824, 0x0844, 0x0844, 0x0844, 0x0844, 0x0844,
    0x0844, 0x0844, 0x0864, 0x0864, 0x1085, 0x0002, 0x6B6F, 0xFFFF, 0x2927, 0x09EA, 0x25B9, 0x279F,
    0x27FF, 0x2F9F, 0x1DB8, 0x73D7, 0xF9FA, 0xF97A, 0x58EB, 0x0084, 0x1085, 0x1065, 0x0865, 0x0864,
    0x0844, 0x0844, 0x0844, 0x0844, 0x0824, 0x0824, 0x0824, 0x0823, 0x0823, 0x0823, 0x0823, 0x0823,
    0x0823, 0x0823, 0x0823, 0x0823, 0x0823, 0x0824, 0x0824, 0x0824, 0x0824, 0x0824, 0x0824, 0x0824,
    0x0824, 0x0824, 0x0824, 0x0824, 0x0824, 0x0824, 0x0824, 0x0824, 0x0824, 0x0824, 0x0824, 0x0824,
    0x0824, 0x0824, 0x0824, 0x0824, 0x0824, 0x0824, 0x0824, 0x0824, 0x0824, 0x0824, 0x0824, 0x0824,
    0x0824, 0x0824, 0x0824, 0x0824, 0x0824, 0x0824, 0x0823, 0x0823, 0x0823, 0x0823, 0x0823, 0x0823,
    0x0823, 0x0823, 0x0823, 0x0823, 0x0823, 0x0824, 0x0824, 0x1024, 0x0002, 0x70CD, 0xF9FA, 0xF9FA,
    0x70CD, 0x0002, 0x1024, 0x1024, 0x1024, 0x0824, 0x0824, 0x0824, 0x0824, 0x0823, 0x0823, 0x0823,
    0x0823, 0x0823, 0x0823, 0x0823, 0x0823, 0x0823, 0x0823, 0x0823, 0x0823, 0x0823, 0x0824, 0x0824,
    0x0824, 0x0824, 0x0824, 0x0824, 0x0824, 0x0824, 0x0824, 0x0824, 0x0824, 0x0824, 0x0823, 0x0823,
    0x0823, 0x0823, 0x0823, 0x0823, 0x0823, 0x0823, 0x0823, 0x0823, 0x0823, 0x0823, 0x0823, 0x0823,
    0x0823, 0x0023, 0x0823, 0x0023, 0x0024, 0x0024, 0x0024, 0x0824, 0x0824, 0x0824, 0x0844, 0x0844,
    0x0844, 0x0844, 0x0844, 0x0844, 0x0844, 0x0844, 0x0864, 0x1085, 0x0002, 0x632E, 0xFFFF, 0x6CD5,
    0x1516, 0x2FBF, 0x27FF, 0x279F, 0x2598, 0x1A4C, 0x0824, 0x3847, 0xF1B8, 0xF9FA, 0xC174, 0x0864,
    0x1065, 0x1065, 0x0865, 0x0844, 0x0844, 0x0844, 0x0844, 0x0844, 0x0824, 0x0824, 0x0824, 0x0823,
    0x0823, 0x0823, 0x0823, 0x0823, 0x0823, 0x0823, 0x0823, 0x0823, 0x0824, 0x0824, 0x0824, 0x0824,
    0x0824, 0x0824, 0x0824, 0x0824, 0x0824, 0x0824, 0x0824, 0x0824, 0x0824, 0x0824, 0x0824, 0x0824,
    0x0824, 0x0824, 0x0824, 0x0824, 0x0824, 0x0824, 0x0824, 0x0824, 0x0824, 0x0824, 0x0824, 0x0824,
    0x0824, 0x0824, 0x0824, 0x0824, 0x0824, 0x0824, 0x0824, 0x0824, 0x0824, 0x0823, 0x0823, 0x0823,
    0x0823, 0x0823, 0x0823, 0x0823, 0x0823, 0x0823, 0x0823, 0x0823, 0x0824, 0x0824, 0x0824, 0x1024,
    0x0003, 0xC974, 0xF9FB, 0xE9B7, 0x1825, 0x0803, 0x1024, 0x1024, 0x1024, 0x0824, 0x0824, 0x0824,
    0x0824, 0x0823, 0x0823, 0x0823, 0x0823, 0x0823, 0x0823, 0x0823, 0x0823, 0x0823, 0x0823, 0x0823,
    0x0823, 0x0823, 0x0824, 0x0824, 0x0824, 0x0824, 0x0824, 0x0824, 0x0824, 0x0824, 0x0824, 0x0823,
    0x0823, 0x0823, 0x0823, 0x0823, 0x0823, 0x0823, 0x0823, 0x0823, 0x0823, 0x0823, 0x0823, 0x0823,
    0x0823, 0x0823, 0x0823, 0x0023, 0x0023, 0x0023, 0x0023, 0x0024, 0x0024, 0x0024, 0x0024, 0x0024,
    0x0024, 0x0844, 0x0844, 0x0844, 0x0844, 0x0844, 0x0844, 0x0844, 0x0864, 0x0885, 0x0864, 0x0002,
    0x632E, 0xFFFF, 0x775F, 0x173F, 0x2FFF, 0x279F, 0x2598, 0x1A4C, 0x1024, 0x1024, 0x18A6, 0x0084,
    0xA972, 0xF9FA, 0xF9D9, 0x30A8, 0x0864, 0x1065, 0x1044, 0x0844, 0x0844, 0x0844, 0x0844, 0x0824,
    0x0824, 0x0824, 0x0824, 0x0823, 0x0823, 0x0823, 0x0823, 0x0823, 0x0823, 0x0823, 0x0823, 0x0823,
    0x0824, 0x0824, 0x0824, 0x0824, 0x0824, 0x0824, 0x0824, 0x0824, 0x0824, 0x0824, 0x0824, 0x0824,
    0x0824, 0x0824, 0x0824, 0x0824, 0x0824, 0x0824, 0x0824, 0x0824, 0x0824, 0x0824, 0x0824, 0x0824,
    0x0824, 0x0824, 0x0824, 0x0824, 0x0824, 0x0824, 0x0824, 0x0824, 0x0824, 0x0824, 0x0824, 0x0824,
    0x0824, 0x0823, 0x0823, 0x0823, 0x0823, 0x0823, 0x0823, 0x0823, 0x0823, 0x0823, 0x0823, 0x0823,
    0x0824, 0x0824, 0x1024, 0x0003, 0x3047, 0xF1D9, 0xF9FB, 0xA952, 0x0003, 0x1024, 0x1024, 0x1024,
    0x0824, 0x0824, 0x0824, 0x0824, 0x0823, 0x0823, 0x0823, 0x0823, 0x0823, 0x0823, 0x0823, 0x0823,
    0x0823, 0x0823, 0x0823, 0x0823, 0x0823, 0x0824, 0x0824, 0x0824, 0x0824, 0x0824, 0x0824, 0x0824,
    0x0824, 0x0823, 0x0823, 0x0823, 0x0823, 0x0823, 0x0823, 0x0823, 0x0823, 0x0823, 0x0823, 0x0823,
    0x0823, 0x0823, 0x0823, 0x0823, 0x0823, 0x0023, 0x0023, 0x0023, 0x0023, 0x0024, 0x0024, 0x0024,
    0x0024, 0x0024, 0x0024, 0x0044, 0x0044, 0x0044, 0x0844, 0x0844, 0x0844, 0x0844, 0x0864, 0x0865,
    0x0844, 0x0802, 0x0065, 0x63B0, 0xFFFF, 0x779F, 0x17DF, 0x2F7F, 0x1D98, 0x124C, 0x1024, 0x1024,
    0x1086, 0x1086, 0x1886, 0x0064, 0x60EC, 0xF9FA, 0xF9FA, 0x790E, 0x0043, 0x1065, 0x1044, 0x0844,
    0x0844, 0x0844, 0x0824, 0x0824, 0x0824, 0x0824, 0x0823, 0x0823, 0x0823, 0x0823, 0x0823, 0x0823,
    0x0823, 0x0823, 0x0823, 0x0823, 0x0824, 0x0824, 0x0824, 0x0824, 0x0824, 0x0824, 0x0824, 0x0824,
    0x0824, 0x0824, 0x0824, 0x0824, 0x0824, 0x0824, 0x0824, 0x0824, 0x0824, 0x0824, 0x0824, 0x0824,
    0x0824, 0x0824, 0x0824, 0x0824, 0x0824, 0x0824, 0x0824, 0x0824, 0x0824, 0x0824, 0x0824, 0x0824,
    0x0824, 0x0824, 0x0824, 0x0824, 0x0824, 0x0823, 0x0823, 0x0823, 0x0823, 0x0823, 0x0823, 0x0823,
    0x0823, 0x0823, 0x0823, 0x0823, 0x0824, 0x0824, 0x1024, 0x0002, 0x78ED, 0xF9FA, 0xF9FA, 0x60AB,
    0x0002, 0x1024, 0x1024, 0x1024, 0x0824, 0x0824, 0x0824, 0x0824, 0x0823, 0x0823, 0x0823, 0x0823,
    0x0823, 0x0823, 0x0823, 0x0823, 0x0823, 0x0823, 0x0823, 0x0823, 0x0823, 0x0824, 0x0824, 0x0824,
    0x0824, 0x0824, 0x0824, 0x0823, 0x0823, 0x0823, 0x0823, 0x0823, 0x0823, 0x0823, 0x0823, 0x0823,
    0x0823, 0x0823, 0x0823, 0x0823, 0x0823, 0x0823, 0x0823, 0x0023, 0x0023, 0x0023, 0x0023, 0x0024,
    0x0024, 0x0024, 0x0024, 0x0024, 0x0024, 0x0044, 0x0044, 0x0044, 0x0044, 0x0044, 0x0044, 0x0844,
    0x0864, 0x0864, 0x0023, 0x0002, 0x0885, 0x034F, 0x6EBB, 0xFFFF, 0x77FF, 0x173E, 0x2474, 0x1168,
    0x0824, 0x0804, 0x1085, 0x1085, 0x1085, 0x1065, 0x1065, 0x1065, 0x2086, 0xE9B7, 0xF9FA, 0xC994,
    0x0844, 0x1045, 0x1044, 0x0844, 0x0844, 0x0844, 0x0824, 0x0824, 0x0824, 0x0824, 0x0823, 0x0823,
    0x0823, 0x0823, 0x0823, 0x0823, 0x0823, 0x0823, 0x0823, 0x0824, 0x0824, 0x0824, 0x0824, 0x0824,
    0x0824, 0x0824, 0x0824, 0x0824, 0x0824, 0x0824, 0x0824, 0x0824, 0x0824, 0x0824, 0x0824, 0x0824,
    0x0824, 0x0824, 0x0824, 0x0824, 0x0824, 0x0824, 0x0824, 0x0824, 0x0824, 0x0824, 0x0824, 0x0824,
    0x0824, 0x0824, 0x0824, 0x0824, 0x0824, 0x0824, 0x0824, 0x0824, 0x0824, 0x0824, 0x0824, 0x0824,
    0x0824, 0x0824, 0x0824, 0x0824, 0x0824, 0x0824, 0x0824, 0x0824, 0x0824, 0x0824, 0x1024, 0x0003,
    0xB953, 0xF9FB, 0xF1B8, 0x2046, 0x0803, 0x1024, 0x1024, 0x1024, 0x1024, 0x0824, 0x0824, 0x0824,
    0x0824, 0x0824, 0x0824, 0x0824, 0x0824, 0x0824, 0x0824, 0x0824, 0x0824, 0x0824, 0x0824, 0x0824,
    0x0824, 0x0824, 0x0824, 0x0824, 0x0824, 0x0824, 0x0824, 0x0824, 0x0824, 0x0824, 0x0824, 0x0824,
    0x0824, 0x0824, 0x0824, 0x0824, 0x0824, 0x0824, 0x0824, 0x0824, 0x0824, 0x0824, 0x0824, 0x0824,
    0x0824, 0x0824, 0x0824, 0x0824, 0x0824, 0x0824, 0x0844, 0x0844, 0x0844, 0x0844, 0x0844, 0x0844,
    0x0844, 0x0844, 0x0864, 0x0864, 0x0023, 0x0002, 0x0948, 0x1C53, 0x0E7B, 0x77FF, 0xFFFF, 0x775E,
    0x0474, 0x1148, 0x0803, 0x0824, 0x1085, 0x1085, 0x1065, 0x1065, 0x1065, 0x1065, 0x1065, 0x1865,
    0x0044, 0xB973, 0xF9FA, 0xF1B8, 0x2867, 0x0844, 0x1044, 0x1044, 0x0844, 0x0824, 0x0824, 0x0824,
    0x0824, 0x0824, 0x0824, 0x0824, 0x0824, 0x0824, 0x0824, 0x0824, 0x0824, 0x0824, 0x0824, 0x0824,
    0x0824, 0x0824, 0x0824, 0x0824, 0x0824, 0x0824, 0x0824, 0x0824, 0x0824, 0x0824, 0x0824, 0x0824,
    0x0824, 0x0824, 0x0824, 0x0824, 0x0824, 0x0824, 0x0824, 0x0824, 0x0824, 0x0824, 0x0824, 0x0824,
    0x0824, 0x0824, 0x0824, 0x0824, 0x0824, 0x0824, 0x0824, 0x0824, 0x0824, 0x0824, 0x0824, 0x0824,
    0x0824, 0x0824, 0x0824, 0x0824, 0x0824, 0x0824, 0x0824, 0x0824, 0x0824, 0x0824, 0x0824, 0x0824,
    0x0824, 0x1024, 0x0804, 0x1825, 0xE1B7, 0xF9FB, 0xC974, 0x0803, 0x1024, 0x1024, 0x1024, 0x1024,
    0x0824, 0x0824, 0x0824, 0x0824, 0x0824, 0x0824, 0x0824, 0x0824, 0x0824, 0x0824, 0x0824, 0x0824,
    0x0824, 0x0824, 0x0824, 0x0824, 0x0824, 0x0824, 0x0824, 0x0824, 0x0824, 0x0824, 0x0824, 0x0824,
    0x0824, 0x0824, 0x0824, 0x0824, 0x0824, 0x0824, 0x0824, 0x0824, 0x0824, 0x0824, 0x0824, 0x0824,
    0x0824, 0x0824, 0x0824, 0x0824, 0x0824, 0x0824, 0x0824, 0x0824, 0x0844, 0x0844, 0x0844, 0x0844,
    0x0844, 0x0844, 0x0844, 0x0844, 0x0864, 0x0864, 0x0003, 0x0002, 0x0927, 0x1C73, 0x2F3E, 0x17DF,
    0x77DF, 0xFFFF, 0x6493, 0x0128, 0x0803, 0x0824, 0x0885, 0x0865, 0x0865, 0x1065, 0x1065, 0x1065,
    0x1065, 0x1065, 0x1065, 0x1865, 0x0044, 0x810E, 0xF9FA, 0xF9DA, 0x58CB, 0x0023, 0x1045, 0x1044,
    0x0824, 0x0824, 0x0824, 0x0824, 0x0824, 0x0824, 0x0824, 0x0824, 0x0824, 0x0824, 0x0824, 0x0824,
    0x0824, 0x0824, 0x0824, 0x0824, 0x0824, 0x0824, 0x0824, 0x0824, 0x0824, 0x0824, 0x0824, 0x0824,
    0x0824, 0x0824, 0x0824, 0x0824, 0x0824, 0x0824, 0x0824, 0x0824, 0x0824, 0x0824, 0x0824, 0x0824,
    0x0824, 0x0824, 0x0824, 0x0824, 0x0824, 0x0824, 0x0824, 0x0824, 0x0824, 0x0824, 0x0824, 0x0824,
    0x0824, 0x0824, 0x0824, 0x0824, 0x0824, 0x0824, 0x0824, 0x0824, 0x0824, 0x0824, 0x0824, 0x0824,
    0x0824, 0x0824, 0x0824, 0x0824, 0x0824, 0x1024, 0x0003, 0x4889, 0xF9D9, 0xF9FA, 0x910F, 0x0002,
    0x1024, 0x1024, 0x1024, 0x1024, 0x0824, 0x0824, 0x0824, 0x0824, 0x0824, 0x0824, 0x0824, 0x0824,
    0x0824, 0x0824, 0x0824, 0x0824, 0x0824, 0x0824, 0x0824, 0x0824, 0x0824, 0x0824, 0x0824, 0x0824,
    0x0824, 0x0824, 0x0824, 0x0824, 0x0824, 0x0824, 0x0824, 0x0824, 0x0824, 0x0824, 0x0824, 0x0824,
    0x0824, 0x0824, 0x0824, 0x0824, 0x0824, 0x0824, 0x0824, 0x0824, 0x0824, 0x0824, 0x0844, 0x0844,
    0x0844, 0x0844, 0x0844, 0x0844, 0x0844, 0x0844, 0x0864, 0x0864, 0x0003, 0x0002, 0x0927, 0x1C73,
    0x271E, 0x2FFF, 0x179F, 0x6F3E, 0xFFFF, 0x630E, 0x0001, 0x0844, 0x0885, 0x0865, 0x0864, 0x0865,
    0x0865, 0x1065, 0x1065, 0x1065, 0x1065, 0x1065, 0x1065, 0x1065, 0x0844, 0x48A9, 0xF9D9, 0xF9FA,
    0x9130, 0x0023, 0x1045, 0x1044, 0x0824, 0x0824, 0x0824, 0x0824, 0x0824, 0x0824, 0x0824, 0x0824,
    0x0824, 0x0824, 0x0824, 0x0824, 0x0824, 0x0824, 0x0824, 0x0824, 0x0824, 0x0824, 0x0824, 0x0824,
    0x0824, 0x0824, 0x0824, 0x0824, 0x0824, 0x0824, 0x0824, 0x0824, 0x0824, 0x0824, 0x0824, 0x0824,
    0x0824, 0x0824, 0x0824, 0x0824, 0x0824, 0x0824, 0x0824, 0x0824, 0x0824, 0x0824, 0x0824, 0x0824,
    0x0824, 0x0824, 0x0824, 0x0824, 0x0824, 0x0824, 0x0824, 0x0824, 0x0824, 0x0824, 0x0824, 0x0824,
    0x0824, 0x0824, 0x0824, 0x0824, 0x0824, 0x0824, 0x0824, 0x0824, 0x0824, 0x1024, 0x0002, 0x68CC,
    0xF9FA, 0xF9FA, 0x58AA, 0x0003, 0x1024, 0x1024, 0x1024, 0x1024, 0x0824, 0x0824, 0x0824, 0x0824,
    0x0824, 0x0824, 0x0824, 0x0824, 0x0824, 0x0824, 0x0824, 0x0824, 0x0824, 0x0824, 0x0824, 0x0824,
    0x0824, 0x0824, 0x0824, 0x0824, 0x0824, 0x0824, 0x0824, 0x0824, 0x0824, 0x0824, 0x0824, 0x0824,
    0x0824, 0x0824, 0x0824, 0x0824, 0x0824, 0x0824, 0x0824, 0x0824, 0x0824, 0x0824, 0x0824, 0x0824,
    0x0844, 0x0844, 0x0844, 0x0844, 0x0844, 0x0844, 0x0844, 0x0844, 0x0864, 0x0864, 0x0002, 0x0003,
    0x09EA, 0x1C53, 0x271E, 0x2FFF, 0x2FFF, 0x161A, 0x2BF2, 0xFFDF, 0x7BF1, 0x0001, 0x1085, 0x0864,
    0x0844, 0x0864, 0x0864, 0x0864, 0x0864, 0x0865, 0x1065, 0x1065, 0x1065, 0x1065, 0x1045, 0x1045,
    0x1044, 0x1866, 0xE9B7, 0xF9FB, 0xB953, 0x0023, 0x1044, 0x1024, 0x0824, 0x0824, 0x0824, 0x0824,
    0x0824, 0x0824, 0x0824, 0x0824, 0x0824, 0x0824, 0x0824, 0x0824, 0x0824, 0x0824, 0x0824, 0x0824,
    0x0824, 0x0824, 0x0824, 0x0824, 0x0824, 0x0824, 0x0824, 0x0824, 0x0824, 0x0824, 0x0824, 0x0824,
    0x0824, 0x0824, 0x0824, 0x0824, 0x0824, 0x0824, 0x0824, 0x0824, 0x0824, 0x0824, 0x0824, 0x0824,
    0x0824, 0x0824, 0x0824, 0x0824, 0x0824, 0x0824, 0x0824, 0x0824, 0x0824, 0x0824, 0x0824, 0x0824,
    0x0824, 0x0824, 0x0824, 0x0824, 0x0824, 0x0824, 0x0824, 0x0824, 0x0824, 0x0824, 0x0824, 0x0824,
    0x0824, 0x1024, 0x0002, 0xA131, 0xF9FB, 0xE9B8, 0x2046, 0x0803, 0x1024, 0x1024, 0x1024, 0x1024,
    0x0824, 0x0824, 0x0824, 0x0824, 0x0824, 0x0824, 0x0824, 0x0824, 0x0824, 0x0824, 0x0824, 0x0824,
    0x0824, 0x0824, 0x0824, 0x0824, 0x0824, 0x0824, 0x0824, 0x0824, 0x0824, 0x0824, 0x0824, 0x0824,
    0x0824, 0x0824, 0x0824, 0x0824, 0x0824, 0x0824, 0x0824, 0x0824, 0x0824, 0x0824, 0x0824, 0x0824,
    0x0824, 0x0824, 0x0844, 0x0844, 0x0844, 0x0844, 0x0844, 0x0844, 0x0844, 0x0844, 0x0864, 0x0864,
    0x0002, 0x0003, 0x0A2B, 0x1D78, 0x279F, 0x2FFF, 0x27FF, 0x269B, 0x0B0E, 0x1927, 0xEF1C, 0xAD76,
    0x0023, 0x0864, 0x0844, 0x0844, 0x0844, 0x0844, 0x0844, 0x0844, 0x0844, 0x0844, 0x1044, 0x1045,
    0x1045, 0x1045, 0x1045, 0x1045, 0x1045, 0x0823, 0xB153, 0xF9FB, 0xE1B7, 0x1845, 0x0824, 0x1024,
    0x0824, 0x0824, 0x0824, 0x0824, 0x0824, 0x0824, 0x0824, 0x0824, 0x0824, 0x0824, 0x0824, 0x0824,
    0x0824, 0x0824, 0x0824, 0x0824, 0x0824, 0x0824, 0x0824, 0x0824, 0x0824, 0x0824, 0x0824, 0x0824,
    0x0824, 0x0824, 0x0824, 0x0824, 0x0824, 0x0824, 0x0824, 0x0824, 0x0824, 0x0824, 0x0824, 0x0824,
    0x0824, 0x0824, 0x0824, 0x0824, 0x0824, 0x0824, 0x0824, 0x0824, 0x0824, 0x0824, 0x0824, 0x0824,
    0x0824, 0x0824, 0x0824, 0x0824, 0x0824, 0x0824, 0x0824, 0x0824, 0x0824, 0x0824, 0x0824, 0x0824,
    0x0824, 0x0824, 0x0824, 0x0824, 0x0824, 0x1024, 0x0803, 0xC174, 0xF9FB, 0xE9B7, 0x1825, 0x0804,
    0x1024, 0x1024, 0x1024, 0x0824, 0x0824, 0x0824, 0x0824, 0x0824, 0x0824, 0x0824, 0x0824, 0x0824,
    0x0824, 0x0824, 0x0824, 0x0824, 0x0824, 0x0824, 0x0824, 0x0824, 0x0824, 0x0824, 0x0824, 0x0824,
    0x0824, 0x0824, 0x0824, 0x0824, 0x0824, 0x0824, 0x0824, 0x0824, 0x0824, 0x0824, 0x0824, 0x0824,
    0x0824, 0x0824, 0x0824, 0x0824, 0x0844, 0x0844, 0x0844, 0x0844, 0x0844, 0x0844, 0x0844, 0x0844,
    0x0864, 0x0844, 0x0003, 0x0003, 0x0A2B, 0x1D78, 0x279F, 0x2FFF, 0x279F, 0x1DB8, 0x1B70, 0x0023,
    0x18A4, 0xF79E, 0xB5B7, 0x0002, 0x0844, 0x0844, 0x0844, 0x0844, 0x0844, 0x0844, 0x0844, 0x0844,
    0x0844, 0x0844, 0x1044, 0x1044, 0x1044, 0x1044, 0x1045, 0x1045, 0x1045, 0x0023, 0xA952, 0xF9FB,
    0xF1D8, 0x3067, 0x0823, 0x1024, 0x0824, 0x0824, 0x0824, 0x0824, 0x0824, 0x0824, 0x0824, 0x0824,
    0x0824, 0x0824, 0x0824, 0x0824, 0x0824, 0x0824, 0x0824, 0x0824, 0x0824, 0x0824, 0x0824, 0x0824,
    0x0824, 0x0824, 0x0824, 0x0824, 0x0824, 0x0824, 0x0824, 0x0824, 0x0824, 0x0824, 0x0824, 0x0824,
    0x0824, 0x0824, 0x0824, 0x0824, 0x0824, 0x0824, 0x0824, 0x0824, 0x0824, 0x0824, 0x0824, 0x0824,
    0x0824, 0x0824, 0x0824, 0x0824, 0x0824, 0x0824, 0x0824, 0x0824, 0x0824, 0x0824, 0x0824, 0x0824,
    0x0824, 0x0824, 0x0824, 0x0824, 0x0824, 0x0824, 0x0824, 0x0824, 0x1024, 0x0803, 0x2045, 0xF1B8,
    0xF9FB, 0xB152, 0x0003, 0x1024, 0x1024, 0x1024, 0x1024, 0x0824, 0x0824, 0x0824, 0x0824, 0x0824,
    0x0824, 0x0824, 0x0824, 0x0824, 0x0824, 0x0824, 0x0824, 0x0824, 0x0824, 0x0824, 0x0824, 0x0824,
    0x0824, 0x0824, 0x0824, 0x0824, 0x0824, 0x0824, 0x0844, 0x0824, 0x0824, 0x0824, 0x0824, 0x0824,
    0x0824, 0x0824, 0x0824, 0x0824, 0x0824, 0x0824, 0x0844, 0x0844, 0x0844, 0x0844, 0x0844, 0x0844,
    0x0844, 0x0844, 0x0864, 0x0844, 0x0002, 0x0844, 0x0A2B, 0x1D78, 0x279F, 0x2FFF, 0x279F, 0x1D78,
    0x0A2B, 0x0823, 0x0001, 0x20E6, 0xF7BE, 0xB597, 0x0002, 0x0844, 0x0844, 0x0844, 0x0844, 0x0844,
    0x0844, 0x0844, 0x0844, 0x0844, 0x0844, 0x0844, 0x0844, 0x1044, 0x1044, 0x1044, 0x1044, 0x1044,
    0x1045, 0x0023, 0x60CC, 0xF9FA, 0xF9FA, 0x60CC, 0x0003, 0x1024, 0x0824, 0x0824, 0x0824, 0x0824,
    0x0824, 0x0824, 0x0824, 0x0824, 0x0824, 0x0824, 0x0824, 0x0824, 0x0824, 0x0824, 0x0824, 0x0824,
    0x0824, 0x0824, 0x0824, 0x0824, 0x0824, 0x0824, 0x0824, 0x0824, 0x0824, 0x0824, 0x0824, 0x0824,
    0x0824, 0x0824, 0x0824, 0x0824, 0x0824, 0x0824, 0x0824, 0x0824, 0x0824, 0x0824, 0x0824, 0x0824,
    0x0824, 0x0824, 0x0824, 0x0824, 0x0824, 0x0824, 0x0824, 0x0824, 0x0824, 0x0824, 0x0824, 0x0824,
    0x0824, 0x0824, 0x0824, 0x0824, 0x0824, 0x0824, 0x0824, 0x0824, 0x0824, 0x0824, 0x0824, 0x0824,
    0x1024, 0x0804, 0x1825, 0xE9B7, 0xF9FB, 0xB152, 0x0003, 0x1024, 0x1024, 0x1024, 0x1024, 0x0824,
    0x0824, 0x0824, 0x0824, 0x0824, 0x0824, 0x0824, 0x0824, 0x0824, 0x0824, 0x0824, 0x0824, 0x0824,
    0x0824, 0x0824, 0x0824, 0x0824, 0x0824, 0x0824, 0x0824, 0x0824, 0x0824, 0x0003, 0x0002, 0x0824,
    0x0824, 0x0824, 0x0824, 0x0824, 0x0824, 0x0824, 0x0824, 0x0824, 0x0844, 0x0844, 0x0844, 0x0844,
    0x0844, 0x0844, 0x0844, 0x0844, 0x0864, 0x0844, 0x0002, 0x0884, 0x134F, 0x265B, 0x27BF, 0x2FFF,
    0x279F, 0x1D78, 0x0A2B, 0x0003, 0x0803, 0x0003, 0x2127, 0xF79E, 0xB597, 0x0002, 0x0844, 0x0844,
    0x0844, 0x0844, 0x0844, 0x0844, 0x0844, 0x0844, 0x0844, 0x0844, 0x0844, 0x0844, 0x0844, 0x1044,
    0x1044, 0x1044, 0x1044, 0x1044, 0x1045, 0x0023, 0x60CB, 0xF9FA, 0xF9FA, 0x58AB, 0x0003, 0x1024,
    0x0824, 0x0824, 0x0824, 0x0824, 0x0824, 0x0824, 0x0824, 0x0824, 0x0824, 0x0824, 0x0824, 0x0824,
    0x0824, 0x0824, 0x0824, 0x0824, 0x0824, 0x0824, 0x0824, 0x0824, 0x0824, 0x0824, 0x0824, 0x0824,
    0x0824, 0x0824, 0x0824, 0x0824, 0x0824, 0x0824, 0x0824, 0x0824, 0x0824, 0x0824, 0x0824, 0x0824,
    0x0824, 0x0824, 0x0824, 0x0824, 0x0824, 0x0824, 0x0824, 0x0824, 0x0824, 0x0824, 0x0824, 0x0824,
    0x0824, 0x0824, 0x0824, 0x0824, 0x0824, 0x0824, 0x0824, 0x0824, 0x0824, 0x0824, 0x0824, 0x0824,
    0x0824, 0x0824, 0x0824, 0x0824, 0x1024, 0x0803, 0x3067, 0xF1D8, 0xF9FB, 0x9110, 0x0003, 0x1024,
    0x1024, 0x1024, 0x1024, 0x0824, 0x0824, 0x0824, 0x0824, 0x0824, 0x0824, 0x0824, 0x0824, 0x0824,
    0x0824, 0x0824, 0x0824, 0x0824, 0x0824, 0x0824, 0x0824, 0x0824, 0x0824, 0x0824, 0x0824, 0x0844,
    0x0002, 0x39C9, 0x528C, 0x0002, 0x0023, 0x0844, 0x0824, 0x0824, 0x0824, 0x0824, 0x0844, 0x0844,
    0x0844, 0x0844, 0x0844, 0x0844, 0x0844, 0x0844, 0x0864, 0x0844, 0x0002, 0x0884, 0x134F, 0x267B,
    0x2FFF, 0x2FFF, 0x275F, 0x1D78, 0x0A2B, 0x0003, 0x0002, 0x0885, 0x0023, 0x2106, 0xF79E, 0xB577,
    0x0002, 0x0844, 0x0844, 0x0844, 0x0844, 0x0844, 0x0844, 0x0844, 0x0844, 0x0844, 0x0844, 0x0844,
    0x0844, 0x0844, 0x0824, 0x1024, 0x1024, 0x1024, 0x1024, 0x1024, 0x1044, 0x0823, 0x4889, 0xF9D9,
    0xF9FA, 0x78ED, 0x0003, 0x1024, 0x0824, 0x0824, 0x0824, 0x0824, 0x0824, 0x0824, 0x0824, 0x0824,
    0x0824, 0x0824, 0x0824, 0x0824, 0x0824, 0x0824, 0x0824, 0x0824, 0x0824, 0x0824, 0x0824, 0x0824,
    0x0824, 0x0824, 0x0824, 0x0824, 0x0824, 0x0824, 0x0824, 0x0824, 0x0824, 0x0824, 0x0824, 0x0824,
    0x0824, 0x0824, 0x0824, 0x0824, 0x0824, 0x0824, 0x0824, 0x0824, 0x0824, 0x0824, 0x0824, 0x0824,
    0x0824, 0x0824, 0x0824, 0x0824, 0x0824, 0x0824, 0x0824, 0x0824, 0x0824, 0x0824, 0x0824, 0x0824,
    0x0824, 0x0824, 0x0824, 0x0824, 0x0824, 0x0824, 0x0824, 0x0824, 0x1024, 0x0002, 0x60AB, 0xF9FA,
    0xF9FA, 0x58AA, 0x0003, 0x1024, 0x1024, 0x1024, 0x1024, 0x0824, 0x0824, 0x0824, 0x0824, 0x0824,
    0x0824, 0x0824, 0x0824, 0x0824, 0x0824, 0x0824, 0x0824, 0x0824, 0x0824, 0x0824, 0x0824, 0x0824,
    0x0824, 0x0824, 0x0844, 0x0001, 0x5AED, 0xFFFF, 0xFFFF, 0x9CF5, 0x0844, 0x0003, 0x0844, 0x0824,
    0x0844, 0x0844, 0x0844, 0x0844, 0x0844, 0x0844, 0x0844, 0x0844, 0x0864, 0x0023, 0x0002, 0x0885,
    0x134F, 0x267B, 0x2FFF, 0x2FFF, 0x271E, 0x1C53, 0x0947, 0x0003, 0x0002, 0x0864, 0x0865, 0x0003,
    0x2106, 0xF79E, 0xB597, 0x0002, 0x0844, 0x0844, 0x0824, 0x0824, 0x0824, 0x0824, 0x0824, 0x0824,
    0x0824, 0x0824, 0x0824, 0x0824, 0x0824, 0x0824, 0x0824, 0x0824, 0x1024, 0x1024, 0x1024, 0x1024,
    0x1024, 0x1024, 0x1845, 0xE9B7, 0xF9FB, 0xB152, 0x0003, 0x1024, 0x0824, 0x0824, 0x0824, 0x0824,
    0x0824, 0x0824, 0x0824, 0x0824, 0x0824, 0x0824, 0x0824, 0x0824, 0x0824, 0x0824, 0x0824, 0x0824,
    0x0824, 0x0824, 0x0824, 0x0824, 0x0824, 0x0824, 0x0824, 0x0824, 0x0824, 0x0824, 0x0824, 0x0824,
    0x0824, 0x0824, 0x0824, 0x0824, 0x0824, 0x0824, 0x0824, 0x0824, 0x0824, 0x0824, 0x0824, 0x0824,
    0x0824, 0x0824, 0x0824, 0x0824, 0x0824, 0x0824, 0x0824, 0x0824, 0x0824, 0x0824, 0x0824, 0x0824,
    0x0824, 0x0824, 0x0824, 0x0824, 0x0824, 0x0824, 0x0824, 0x0824, 0x0824, 0x0824, 0x0824, 0x0824,
    0x1024, 0x0002, 0x58AB, 0xF9FA, 0xF9FA, 0x60AB, 0x0003, 0x1024, 0x1024, 0x1024, 0x1024, 0x0824,
    0x0824, 0x0824, 0x0824, 0x0824, 0x0824, 0x0824, 0x0824, 0x0824, 0x0824, 0x0824, 0x0824, 0x0824,
    0x0824, 0x0824, 0x0824, 0x0824, 0x0824, 0x0844, 0x0001, 0x630E, 0xFFFF, 0x6B6F, 0xA515, 0xFFFF,
    0xD6BB, 0x2107, 0x0002, 0x0864, 0x0844, 0x0844, 0x0844, 0x0844, 0x0844, 0x0844, 0x0864, 0x0003,
    0x0002, 0x0947, 0x1C33, 0x265B, 0x2FFF, 0x2FFF, 0x271E, 0x1C73, 0x0927, 0x0002, 0x0003, 0x0864,
    0x0864, 0x0864, 0x0023, 0x10C5, 0xEF5D, 0xB597, 0x0002, 0x0844, 0x0844, 0x0824, 0x0824, 0x0824,
    0x0824, 0x0824, 0x0824, 0x0824, 0x0824, 0x0824, 0x0824, 0x0824, 0x0824, 0x0824, 0x0824, 0x0824,
    0x1024, 0x1024, 0x1024, 0x1024, 0x1024, 0x0824, 0x2045, 0xE9B7, 0xF9FB, 0xA952, 0x0003, 0x1024,
    0x0824, 0x0824, 0x0824, 0x0824, 0x0824, 0x0824, 0x0824, 0x0824, 0x0824, 0x0824, 0x0824, 0x0824,
    0x0824, 0x0824, 0x0824, 0x0824, 0x0824, 0x0824, 0x0824, 0x0824, 0x0824, 0x0824, 0x0824, 0x0824,
    0x0824, 0x0824, 0x0824, 0x0824, 0x0824, 0x0824, 0x0824, 0x0824, 0x0824, 0x0824, 0x0824, 0x0824,
    0x0824, 0x0824, 0x0824, 0x0824, 0x0824, 0x0824, 0x0824, 0x0824, 0x0824, 0x0824, 0x0824, 0x0824,
    0x0824, 0x0824, 0x0824, 0x0824, 0x0824, 0x0824, 0x0824, 0x0824, 0x0824, 0x0824, 0x0824, 0x0824,
    0x0824, 0x0824, 0x0824, 0x0824, 0x1024, 0x0002, 0x60AB, 0xF9FA, 0xF9FA, 0x60AB, 0x0003, 0x1024,
    0x1024, 0x1024, 0x1024, 0x1024, 0x0824, 0x0824, 0x0824, 0x0824, 0x0824, 0x0824, 0x0824, 0x0824,
    0x0824, 0x0824, 0x0824, 0x0824, 0x0824, 0x0824, 0x0824, 0x0824, 0x0844, 0x0001, 0x62ED, 0xFFFF,
    0x630E, 0x0001, 0x0003, 0x738F, 0xFFFF, 0xEF5D, 0x52AC, 0x0001, 0x0844, 0x0844, 0x0844, 0x0864,
    0x0864, 0x0003, 0x0002, 0x0927, 0x1C73, 0x271E, 0x2FFF, 0x2FFF, 0x271E, 0x1C73, 0x0927, 0x0002,
    0x0003, 0x0864, 0x0844, 0x0844, 0x0844, 0x0844, 0x0002, 0xBDF8, 0xD6BB, 0x0002, 0x0844, 0x0844,
    0x0824, 0x0824, 0x0824, 0x0824, 0x0824, 0x0824, 0x0824, 0x0824, 0x0824, 0x0824, 0x0824, 0x0824,
    0x0824, 0x0824, 0x0824, 0x0824, 0x0824, 0x1024, 0x1024, 0x1024, 0x1024, 0x0824, 0x2045, 0xE9B7,
    0xF9FB, 0xA952, 0x0002, 0x1024, 0x0824, 0x0824, 0x0824, 0x0824, 0x0824, 0x0824, 0x0824, 0x0824,
    0x0824, 0x0824, 0x0824, 0x0824, 0x0824, 0x0824, 0x0824, 0x0824, 0x0824, 0x0824, 0x0824, 0x0824,
    0x0824, 0x0824, 0x0824, 0x0824, 0x0824, 0x0824, 0x0824, 0x0824, 0x0824, 0x0824, 0x0824, 0x0824,
    0x0824, 0x0824, 0x0824, 0x0824, 0x0824, 0x0824, 0x0824, 0x0824, 0x0824, 0x0824, 0x0824, 0x0824,
    0x0824, 0x0824, 0x0824, 0x0824, 0x0824, 0x0824, 0x0824, 0x0824, 0x0824, 0x0824, 0x0824, 0x0824,
    0x0824, 0x0824, 0x0824, 0x0824, 0x0824, 0x0824, 0x0824, 0x0824, 0x1024, 0x0003, 0x60AB, 0xF9FA,
    0xF9FA, 0x60AB, 0x0003, 0x1024, 0x1024, 0x1024, 0x1024, 0x1024, 0x0824, 0x0824, 0x0824, 0x0824,
    0x0824, 0x0824, 0x0824, 0x0824, 0x0824, 0x0824, 0x0824, 0x0824, 0x0824, 0x0824, 0x0824, 0x0844,
    0x0002, 0x632E, 0xFFFF, 0x630E, 0x0001, 0x0865, 0x0844, 0x0001, 0x52AC, 0xEF5D, 0xFFFF, 0x8C73,
    0x0023, 0x0003, 0x0865, 0x0003, 0x0002, 0x0927, 0x1C73, 0x271E, 0x2FFF, 0x2FFF, 0x265B, 0x1370,
    0x0948, 0x0002, 0x0003, 0x0864, 0x0844, 0x0844, 0x0844, 0x0844, 0x0844, 0x0002, 0xB597, 0xEF7E,
    0x2106, 0x0023, 0x0844, 0x0824, 0x0824, 0x0824, 0x0824, 0x0824, 0x0824, 0x0824, 0x0824, 0x0824,
    0x0824, 0x0824, 0x0824, 0x0824, 0x0824, 0x0824, 0x0824, 0x0824, 0x0824, 0x1024, 0x1024, 0x1024,
    0x1024, 0x0824, 0x2045, 0xE9B7, 0xF9FB, 0xA952, 0x0003, 0x1024, 0x0824, 0x0824, 0x0824, 0x0824,
    0x0824, 0x0824, 0x0824, 0x0824, 0x0824, 0x0824, 0x0824, 0x0824, 0x0824, 0x0824, 0x0824, 0x0824,
    0x0824, 0x0824, 0x0824, 0x0824, 0x0824, 0x0824, 0x0824, 0x0824, 0x0824, 0x0824, 0x0824, 0x0824,
    0x0824, 0x0824, 0x0824, 0x0824, 0x0824, 0x0824, 0x0824, 0x0824, 0x0824, 0x0824, 0x0824, 0x0824,
    0x0824, 0x0824, 0x0824, 0x0824, 0x0824, 0x0824, 0x0824, 0x0824, 0x0824, 0x0824, 0x0824, 0x0824,
    0x0824, 0x0824, 0x0824, 0x0824, 0x0824, 0x0824, 0x0824, 0x0824, 0x0824, 0x0824, 0x0824, 0x0824,
    0x1024, 0x0003, 0x60AB, 0xF9FA, 0xF9FA, 0x60AB, 0x0003, 0x1024, 0x1024, 0x1024, 0x1024, 0x1024,
    0x0824, 0x0824, 0x0824, 0x0824, 0x0824, 0x0824, 0x0824, 0x0824, 0x0824, 0x0824, 0x0824, 0x0824,
    0x0824, 0x0844, 0x0824, 0x0002, 0xAD76, 0xEF5D, 0x420A, 0x0002, 0x0864, 0x0844, 0x0844, 0x0865,
    0x0002, 0x2127, 0xBE18, 0xFFFF, 0xC639, 0x2127, 0x0002, 0x124B, 0x1CF6, 0x271E, 0x2FFF, 0x27FF,
    0x267B, 0x134F, 0x0885, 0x0002, 0x0023, 0x0864, 0x0844, 0x0844, 0x0844, 0x0844, 0x0844, 0x0844,
    0x0002, 0xB597, 0xF79E, 0x2106, 0x0002, 0x0844, 0x0824, 0x0824, 0x0824, 0x0824, 0x0824, 0x0824,
    0x0824, 0x0824, 0x0824, 0x0824, 0x0824, 0x0824, 0x0824, 0x0824, 0x0824, 0x0824, 0x0824, 0x0824,
    0x0824, 0x1024, 0x1024, 0x1024, 0x1024, 0x0824, 0x2045, 0xE9B7, 0xF9FB, 0xA952, 0x0003, 0x1024,
    0x0824, 0x0824, 0x0824, 0x0824, 0x0824, 0x0824, 0x0824, 0x0824, 0x0824, 0x0824, 0x0824, 0x0824,
    0x0824, 0x0824, 0x0824, 0x0824, 0x0824, 0x0824, 0x0824, 0x0824, 0x0824, 0x0824, 0x0824, 0x0824,
    0x0824, 0x0824, 0x0824, 0x0824, 0x0824, 0x0824, 0x0824, 0x0824, 0x0824, 0x0824, 0x0824, 0x0824,
    0x0824, 0x0824, 0x0824, 0x0824, 0x0824, 0x0824, 0x0824, 0x0824, 0x0824, 0x0824, 0x0824, 0x0824,
    0x0824, 0x0824, 0x0824, 0x0824, 0x0824, 0x0824, 0x0824, 0x0824, 0x0824, 0x0824, 0x0824, 0x0824,
    0x0824, 0x0824, 0x0824, 0x0824, 0x1024, 0x0003, 0x60AB, 0xF9FA, 0xF9FA, 0x60AB, 0x0003, 0x1024,
    0x1024, 0x1024, 0x1024, 0x1024, 0x1024, 0x0824, 0x0824, 0x0824, 0x0824, 0x0824, 0x0824, 0x0824,
    0x0824, 0x0824, 0x0824, 0x0824, 0x0844, 0x0844, 0x0002, 0xAD77, 0xF79E, 0x2106, 0x0002, 0x0864,
    0x0844, 0x0844, 0x0844, 0x0844, 0x0865, 0x0024, 0x0023, 0x8C11, 0xFFFF, 0xE6FC, 0x4D98, 0x17BF,
    0x2FFF, 0x2FFF, 0x267B, 0x134F, 0x0885, 0x0002, 0x0844, 0x0865, 0x0844, 0x0844, 0x0844, 0x0844,
    0x0844, 0x0844, 0x0844, 0x0002, 0xB597, 0xF79E, 0x2106, 0x0002, 0x0844, 0x0824, 0x0824, 0x0824,
    0x0824, 0x0824, 0x0824, 0x0824, 0x0824, 0x0824, 0x0824, 0x0824, 0x0824, 0x0824, 0x0824, 0x0824,
    0x0824, 0x0824, 0x0824, 0x0824, 0x1024, 0x1024, 0x1024, 0x1024, 0x1024, 0x0824, 0x2045, 0xE9B7,
    0xF9FB, 0xA952, 0x0003, 0x1024, 0x0824, 0x0824, 0x0824, 0x0824, 0x0824, 0x0824, 0x0824, 0x0824,
    0x0824, 0x0824, 0x0824, 0x0824, 0x0824, 0x0824, 0x0824, 0x0824, 0x0824, 0x0824, 0x0824, 0x0824,
    0x0824, 0x0824, 0x0824, 0x0824, 0x0824, 0x0824, 0x0824, 0x0824, 0x0824, 0x0824, 0x0824, 0x0824,
    0x0824, 0x0824, 0x0824, 0x0824, 0x0824, 0x0824, 0x0824, 0x0824, 0x0824, 0x0824, 0x0824, 0x0824,
    0x0824, 0x0824, 0x0824, 0x0824, 0x0824, 0x0824, 0x0824, 0x0824, 0x0824, 0x0824, 0x0824, 0x0824,
    0x0824, 0x0824, 0x0824, 0x0824, 0x0824, 0x0824, 0x0824, 0x0824, 0x1024, 0x0002, 0x60CB, 0xF9FA,
    0xF9FA, 0x58AB, 0x0003, 0x1024, 0x1024, 0x1024, 0x1024, 0x1024, 0x1024, 0x0824, 0x0824, 0x0824,
    0x0824, 0x0824, 0x0824, 0x0824, 0x0824, 0x0824, 0x0824, 0x0844, 0x0844, 0x0002, 0xB577, 0xF79E,
    0x2106, 0x0003, 0x0865, 0x0844, 0x0844, 0x0844, 0x0844, 0x0865, 0x0844, 0x0803, 0x0803, 0x01A9,
    0x6EBB, 0xFFFF, 0xFFFF, 0x879F, 0x1537, 0x0A6C, 0x08A5, 0x0002, 0x0844, 0x0864, 0x0844, 0x0844,
    0x0844, 0x0844, 0x0844, 0x0844, 0x0844, 0x0844, 0x0002, 0xB577, 0xF79E, 0x2106, 0x0002, 0x0844,
    0x0824, 0x0824, 0x0824, 0x0824, 0x0824, 0x0824, 0x0824, 0x0824, 0x0824, 0x0824, 0x0824, 0x0824,
    0x0824, 0x0824, 0x0824, 0x0824, 0x0824, 0x0824, 0x0824, 0x0824, 0x1024, 0x1024, 0x1024, 0x1024,
    0x1024, 0x1024, 0x1825, 0xE9B7, 0xF9FB, 0xB152, 0x0003, 0x1024, 0x0824, 0x0824, 0x0824, 0x0824,
    0x0824, 0x0824, 0x0824, 0x0824, 0x0824, 0x0824, 0x0824, 0x0824, 0x0824, 0x0824, 0x0824, 0x0824,
    0x0824, 0x0824, 0x0824, 0x0824, 0x0824, 0x0824, 0x0824, 0x0824, 0x0824, 0x0824, 0x0824, 0x0824,
    0x0824, 0x0824, 0x0824, 0x0824, 0x0824, 0x0824, 0x0824, 0x0824, 0x0824, 0x0824, 0x0824, 0x0824,
    0x0824, 0x0824, 0x0824, 0x0824, 0x0824, 0x0824, 0x0824, 0x0824, 0x0824, 0x0824, 0x0824, 0x0824,
    0x0824, 0x0824, 0x0824, 0x0824, 0x0824, 0x0824, 0x0824, 0x0824, 0x0824, 0x0824, 0x0824, 0x0824,
    0x1024, 0x0803, 0x3067, 0xF1D8, 0xF9FB, 0x9110, 0x0003, 0x1025, 0x1024, 0x1024, 0x1024, 0x1024,
    0x1024, 0x0824, 0x0824, 0x0824, 0x0824, 0x0824, 0x0824, 0x0824, 0x0824, 0x0824, 0x0844, 0x0844,
    0x0002, 0xB577, 0xF79E, 0x2106, 0x0003, 0x0864, 0x0844, 0x0844, 0x0844, 0x0865, 0x0844, 0x0002,
    0x0885, 0x12AD, 0x1D78, 0x2FBF, 0x1FFF, 0x479F, 0xDF5D, 0xFFFF, 0xAD15, 0x1864, 0x0003, 0x0885,
    0x0844, 0x0844, 0x0844, 0x0844, 0x0844, 0x0844, 0x0844, 0x0844, 0x0844, 0x0002, 0xB577, 0xF79E,
    0x20E6, 0x0002, 0x0844, 0x0824, 0x0824, 0x0824, 0x0824, 0x0824, 0x0824, 0x0824, 0x0824, 0x0824,
    0x0824, 0x0824, 0x0824, 0x0824, 0x0824, 0x0824, 0x0824, 0x0824, 0x0824, 0x0824, 0x0824, 0x0824,
    0x1024, 0x1024, 0x1024, 0x1024, 0x1024, 0x0803, 0x4889, 0xF9D9, 0xF9FA, 0x78ED, 0x0003, 0x1024,
    0x0824, 0x0824, 0x0824, 0x0824, 0x0824, 0x0824, 0x0824, 0x0824, 0x0824, 0x0824, 0x0824, 0x0824,
    0x0824, 0x0824, 0x0824, 0x0824, 0x0824, 0x0824, 0x0824, 0x0824, 0x0824, 0x0824, 0x0824, 0x0824,
    0x0824, 0x0824, 0x0824, 0x0824, 0x0824, 0x0824, 0x0824, 0x0824, 0x0824, 0x0824, 0x0824, 0x0824,
    0x0824, 0x0824, 0x0824, 0x0824, 0x0824, 0x0824, 0x0824, 0x0824, 0x0824, 0x0824, 0x0824, 0x0824,
    0x0824, 0x0824, 0x0824, 0x0824, 0x0824, 0x0824, 0x0824, 0x0824, 0x0824, 0x0824, 0x0824, 0x0824,
    0x0824, 0x0824, 0x0824, 0x0824, 0x1024, 0x0824, 0x1845, 0xE9B7, 0xF9FB, 0xB152, 0x0023, 0x1845,
    0x1024, 0x1024, 0x1044, 0x1044, 0x1044, 0x1044, 0x0844, 0x0844, 0x0844, 0x0844, 0x0844, 0x0844,
    0x0844, 0x0844, 0x0844, 0x0002, 0xB597, 0xF79E, 0x2106, 0x0003, 0x0864, 0x0844, 0x0844, 0x0865,
    0x0844, 0x0002, 0x0885, 0x134F, 0x267B, 0x27FF, 0x2FFF, 0x279F, 0x2598, 0x0A0B, 0x0885, 0x9D15,
    0xFFFF, 0xDF1C, 0x2968, 0x0002, 0x0844, 0x0844, 0x0844, 0x0844, 0x0844, 0x0844, 0x0844, 0x0844,
    0x0002, 0xB577, 0xF79E, 0x20E6, 0x0002, 0x0844, 0x0824, 0x0824, 0x0824, 0x0824, 0x0824, 0x0824,
    0x0824, 0x0824, 0x0824, 0x0824, 0x0824, 0x0824, 0x0824, 0x0824, 0x0824, 0x0824, 0x0824, 0x0824,
    0x0824, 0x0824, 0x0824, 0x0824, 0x1024, 0x1024, 0x1024, 0x1024, 0x1024, 0x0003, 0x60AB, 0xF9FA,
    0xF9FA, 0x58AA, 0x0003, 0x1024, 0x0824, 0x0824, 0x0824, 0x0824, 0x0824, 0x0824, 0x0824, 0x0824,
    0x0824, 0x0824, 0x0824, 0x0824, 0x0824, 0x0824, 0x0824, 0x0824, 0x0824, 0x0824, 0x0824, 0x0824,
    0x0824, 0x0824, 0x0824, 0x0824, 0x0824, 0x0824, 0x0824, 0x0824, 0x0824, 0x0824, 0x0824, 0x0824,
    0x0824, 0x0824, 0x0824, 0x0824, 0x0824, 0x0824, 0x0824, 0x0824, 0x0824, 0x0824, 0x0824, 0x0824,
    0x0824, 0x0824, 0x0824, 0x0824, 0x0824, 0x0824, 0x0824, 0x0824, 0x0824, 0x0824, 0x0824, 0x0824,
    0x0824, 0x0824, 0x0824, 0x0824, 0x0824, 0x0824, 0x0824, 0x0824, 0x1024, 0x0824, 0x2046, 0xF1B8,
    0xF9FB, 0xB152, 0x0023, 0x1045, 0x1044, 0x1044, 0x1044, 0x1044, 0x1044, 0x1044, 0x0844, 0x0844,
    0x0844, 0x0844, 0x0844, 0x0844, 0x0844, 0x0844, 0x0002, 0xB577, 0xF79E, 0x2106, 0x0003, 0x0865,
    0x0844, 0x0864, 0x0824, 0x0002, 0x0885, 0x134F, 0x267B, 0x27FF, 0x2FFF, 0x271E, 0x1CF6, 0x122B,
    0x0003, 0x0803, 0x0824, 0x0002, 0x630E, 0xFFFF, 0xFFDF, 0x630E, 0x0002, 0x0824, 0x0844, 0x0824,
    0x0824, 0x0824, 0x0844, 0x0002, 0xAD56, 0xF79E, 0x2106, 0x0002, 0x0844, 0x0824, 0x0824, 0x0824,
    0x0824, 0x0824, 0x0824, 0x0824, 0x0824, 0x0824, 0x0824, 0x0824, 0x0824, 0x0824, 0x0824, 0x0824,
    0x0824, 0x0824, 0x0824, 0x0824, 0x0824, 0x0824, 0x0824, 0x0824, 0x1024, 0x1024, 0x1024, 0x1024,
    0x1024, 0x0003, 0x60AB, 0xF9FA, 0xF9FA, 0x60AB, 0x0002, 0x1024, 0x0824, 0x0824, 0x0824, 0x0824,
    0x0824, 0x0824, 0x0824, 0x0824, 0x0824, 0x0824, 0x0824, 0x0824, 0x0824, 0x0824, 0x0824, 0x0824,
    0x0824, 0x0824, 0x0824, 0x0824, 0x0824, 0x0824, 0x0824, 0x0824, 0x0824, 0x0824, 0x0824, 0x0824,
    0x0824, 0x0824, 0x0824, 0x0824, 0x0824, 0x0824, 0x0824, 0x0824, 0x0824, 0x0824, 0x0824, 0x0824,
    0x0824, 0x0824, 0x0824, 0x0824, 0x0824, 0x0824, 0x0824, 0x0824, 0x0824, 0x0824, 0x0824, 0x0824,
    0x0824, 0x0824, 0x0824, 0x0824, 0x0824, 0x0824, 0x0824, 0x0824, 0x0824, 0x0824, 0x0824, 0x0824,
    0x1024, 0x1024, 0x0824, 0xC174, 0xF9FB, 0xE9B7, 0x2046, 0x1024, 0x1045, 0x1045, 0x1045, 0x1045,
    0x1044, 0x1044, 0x0844, 0x0844, 0x0844, 0x0844, 0x0844, 0x0865, 0x0824, 0x0002, 0xB597, 0xF79E,
    0x2106, 0x0003, 0x0885, 0x0864, 0x0803, 0x0002, 0x08C6, 0x132F, 0x267B, 0x27FF, 0x2FFF, 0x271E,
    0x1C73, 0x0927, 0x0002, 0x0803, 0x0864, 0x0864, 0x0844, 0x0844, 0x0002, 0x420A, 0xE71C, 0xFFFF,
    0x9CF5, 0x0864, 0x0003, 0x0844, 0x0824, 0x0844, 0x0001, 0x632E, 0xFFFF, 0x2927, 0x0002, 0x0844,
    0x0824, 0x0824, 0x0824, 0x0824, 0x0824, 0x0824, 0x0824, 0x0824, 0x0824, 0x0824, 0x0824, 0x0824,
    0x0824, 0x0824, 0x0824, 0x0824, 0x0824, 0x0824, 0x0824, 0x0824, 0x0824, 0x0824, 0x0824, 0x0824,
    0x1024, 0x1024, 0x1024, 0x1024, 0x1024, 0x0003, 0xA931, 0xF9FB, 0xF1D8, 0x3067, 0x0803, 0x1024,
    0x0824, 0x0824, 0x0824, 0x0824, 0x0824, 0x0824, 0x0824, 0x0824, 0x0824, 0x0824, 0x0824, 0x0824,
    0x0824, 0x0824, 0x0824, 0x0824, 0x0824, 0x0824, 0x0824, 0x0824, 0x0824, 0x0824, 0x0824, 0x0824,
    0x0824, 0x0824, 0x0824, 0x0824, 0x0824, 0x0824, 0x0824, 0x0824, 0x0824, 0x0824, 0x0824, 0x0824,
    0x0824, 0x0824, 0x0824, 0x0824, 0x0824, 0x0824, 0x0824, 0x0824, 0x0824, 0x0824, 0x0824, 0x0824,
    0x0824, 0x0824, 0x0824, 0x0824, 0x0824, 0x0824, 0x0824, 0x0824, 0x0824, 0x0824, 0x0824, 0x0824,
    0x0824, 0x0824, 0x0824, 0x0824, 0x1024, 0x1024, 0x0023, 0xA131, 0xF9FB, 0xE9B8, 0x2866, 0x1044,
    0x1045, 0x1045, 0x1045, 0x1045, 0x1045, 0x1045, 0x1045, 0x0844, 0x0844, 0x0844, 0x0865, 0x0024,
    0x0844, 0xB5B7, 0xF79E, 0x2106, 0x0003, 0x0885, 0x0803, 0x0002, 0x0927, 0x1C73, 0x26FD, 0x27FF,
    0x2FFF, 0x271E, 0x1C73, 0x0927, 0x0002, 0x0803, 0x0865, 0x0864, 0x0844, 0x0844, 0x0844, 0x0844,
    0x0864, 0x0002, 0x18E6, 0xAD56, 0xFFFF, 0xD6BB, 0x2107, 0x0002, 0x1065, 0x0001, 0x630E, 0xFFFF,
    0x5AED, 0x0002, 0x0844, 0x0824, 0x0824, 0x0824, 0x0824, 0x0824, 0x0824, 0x0824, 0x0824, 0x0824,
    0x0824, 0x0824, 0x0824, 0x0824, 0x0824, 0x0824, 0x0824, 0x0824, 0x0824, 0x0824, 0x0824, 0x0824,
    0x0824, 0x0824, 0x0824, 0x0824, 0x1024, 0x1024, 0x1024, 0x1024, 0x1024, 0x0003, 0xB152, 0xF9FB,
    0xE1B7, 0x1825, 0x0804, 0x1024, 0x0824, 0x0824, 0x0824, 0x0824, 0x0824, 0x0824, 0x0824, 0x0824,
    0x0824, 0x0824, 0x0824, 0x0824, 0x0824, 0x0824, 0x0824, 0x0824, 0x0824, 0x0824, 0x0824, 0x0824,
    0x0824, 0x0824, 0x0824, 0x0824, 0x0824, 0x0824, 0x0824, 0x0824, 0x0824, 0x0824, 0x0824, 0x0824,
    0x0824, 0x0824, 0x0824, 0x0824, 0x0824, 0x0824, 0x0824, 0x0824, 0x0824, 0x0824, 0x0824, 0x0824,
    0x0824, 0x0824, 0x0824, 0x0824, 0x0824, 0x0824, 0x0824, 0x0824, 0x0824, 0x0824, 0x0824, 0x0824,
    0x0824, 0x0824, 0x0824, 0x0824, 0x0824, 0x0824, 0x0824, 0x0824, 0x1024, 0x1045, 0x0023, 0x68CC,
    0xF9FA, 0xF9DA, 0x58CB, 0x0024, 0x1845, 0x1045, 0x1045, 0x1045, 0x1045, 0x1045, 0x1065, 0x0865,
    0x0844, 0x1085, 0x0003, 0x2107, 0xE73D, 0xB5B7, 0x18E6, 0x0024, 0x0844, 0x0002, 0x0927, 0x1C73,
    0x271E, 0x2FFF, 0x27FF, 0x26FD, 0x1C73, 0x0927, 0x0002, 0x0803, 0x0865, 0x0844, 0x0844, 0x0844,
    0x0844, 0x0844, 0x0844, 0x0844, 0x0844, 0x0844, 0x0003, 0x0003, 0x738F, 0xFFFF, 0xEF5D, 0x5ACC,
    0x0000, 0x630E, 0xFFFF, 0x62EE, 0x0001, 0x0844, 0x0824, 0x0824, 0x0824, 0x0824, 0x0824, 0x0824,
    0x0824, 0x0824, 0x0824, 0x0824, 0x0824, 0x0824, 0x0824, 0x0824, 0x0824, 0x0824, 0x0824, 0x0824,
    0x0824, 0x0824, 0x0824, 0x0824, 0x0824, 0x0824, 0x0824, 0x1024, 0x1024, 0x1024, 0x1024, 0x1024,
    0x1004, 0x1825, 0xE9B7, 0xF9FB, 0xB953, 0x0003, 0x1024, 0x1024, 0x0824, 0x0824, 0x0824, 0x0824,
    0x0824, 0x0824, 0x0824, 0x0824, 0x0824, 0x0824, 0x0824, 0x0824, 0x0824, 0x0824, 0x0824, 0x0824,
    0x0824, 0x0824, 0x0824, 0x0824, 0x0824, 0x0824, 0x0824, 0x0824, 0x0824, 0x0824, 0x0824, 0x0824,
    0x0824, 0x0824, 0x0824, 0x0824, 0x0824, 0x0824, 0x0824, 0x0824, 0x0824, 0x0824, 0x0824, 0x0824,
    0x0824, 0x0824, 0x0824, 0x0824, 0x0824, 0x0824, 0x0824, 0x0824, 0x0824, 0x0824, 0x0824, 0x0824,
    0x0824, 0x0824, 0x0824, 0x0824, 0x0824, 0x0824, 0x0824, 0x0824, 0x0824, 0x0824, 0x0824, 0x0824,
    0x1024, 0x1044, 0x0023, 0x48A9, 0xF9D9, 0xF9FA, 0x9130, 0x0043, 0x1865, 0x1065, 0x1065, 0x1065,
    0x1065, 0x1065, 0x1065, 0x1065, 0x1085, 0x0003, 0x2107, 0xF79E, 0xB5B7, 0x0003, 0x0002, 0x0803,
    0x0927, 0x1C73, 0x271E, 0x2FFF, 0x27FF, 0x267B, 0x132F, 0x08C6, 0x0002, 0x0803, 0x0864, 0x0844,
    0x0844, 0x0844, 0x0844, 0x0844, 0x0844, 0x0844, 0x0844, 0x0824, 0x0824, 0x0824, 0x0844, 0x0844,
    0x0001, 0x5AAC, 0xEF5D, 0xFFFF, 0xBDB7, 0xFFFF, 0x630E, 0x0001, 0x0844, 0x0824, 0x0824, 0x0824,
    0x0824, 0x0824, 0x0824, 0x0824, 0x0824, 0x0824, 0x0824, 0x0824, 0x0824, 0x0824, 0x0824, 0x0824,
    0x0824, 0x0824, 0x0824, 0x0824, 0x0824, 0x0824, 0x0824, 0x0824, 0x0824, 0x0824, 0x0824, 0x1024,
    0x1024, 0x1024, 0x1024, 0x1024, 0x0803, 0x4889, 0xF9D9, 0xF9FA, 0x9110, 0x0002, 0x1024, 0x0824,
    0x0824, 0x0824, 0x0824, 0x0824, 0x0824, 0x0824, 0x0824, 0x0824, 0x0824, 0x0824, 0x0824, 0x0824,
    0x0824, 0x0824, 0x0824, 0x0824, 0x0824, 0x0824, 0x0824, 0x0824, 0x0824, 0x0824, 0x0824, 0x0824,
    0x0824, 0x0824, 0x0824, 0x0824, 0x0824, 0x0824, 0x0824, 0x0824, 0x0824, 0x0824, 0x0824, 0x0824,
    0x0824, 0x0824, 0x0824, 0x0824, 0x0824, 0x0824, 0x0824, 0x0824, 0x0824, 0x0824, 0x0824, 0x0824,
    0x0824, 0x0824, 0x0824, 0x0824, 0x0824, 0x0824, 0x0824, 0x0824, 0x0824, 0x0824, 0x0824, 0x0824,
    0x0824, 0x0824, 0x0824, 0x0824, 0x1044, 0x1044, 0x0844, 0x1845, 0xE1B7, 0xF9FA, 0xC974, 0x0844,
    0x1065, 0x1065, 0x1065, 0x1065, 0x1065, 0x1065, 0x1065, 0x1085, 0x0004, 0x2107, 0xF7BE, 0xB597,
    0x0001, 0x0803, 0x124C, 0x1CF6, 0x271E, 0x2FFF, 0x27FF, 0x267B, 0x134F, 0x0885, 0x0002, 0x0824,
    0x0864, 0x0844, 0x0844, 0x0844, 0x0844, 0x0844, 0x0844, 0x0844, 0x0844, 0x0824, 0x0824, 0x0824,
    0x0824, 0x0824, 0x0824, 0x0824, 0x0844, 0x0002, 0x2107, 0xC619, 0xF79E, 0x5AED, 0x0001, 0x0844,
    0x0824, 0x0824, 0x0824, 0x0824, 0x0824, 0x0824, 0x0824, 0x0824, 0x0824, 0x0824, 0x0824, 0x0824,
    0x0824, 0x0824, 0x0824, 0x0824, 0x0824, 0x0824, 0x0824, 0x0824, 0x0824, 0x0824, 0x0824, 0x0824,
    0x0824, 0x0824, 0x0824, 0x1024, 0x1024, 0x1024, 0x1024, 0x1024, 0x0003, 0x78EE, 0xF9FA, 0xF9FA,
    0x58AA, 0x0003, 0x1024, 0x0824, 0x0824, 0x0824, 0x0824, 0x0824, 0x0824, 0x0824, 0x0824, 0x0824,
    0x0824, 0x0824, 0x0824, 0x0824, 0x0824, 0x0824, 0x0824, 0x0824, 0x0824, 0x0824, 0x0824, 0x0824,
    0x0824, 0x0824, 0x0824, 0x0824, 0x0824, 0x0824, 0x0824, 0x0824, 0x0824, 0x0824, 0x0824, 0x0824,
    0x0824, 0x0824, 0x0824, 0x0824, 0x0824, 0x0824, 0x0824, 0x0824, 0x0824, 0x0824, 0x0824, 0x0824,
    0x0824, 0x0824, 0x0824, 0x0824, 0x0824, 0x0824, 0x0824, 0x0824, 0x0824, 0x0824, 0x0824, 0x0824,
    0x0824, 0x0824, 0x0824, 0x0824, 0x0824, 0x0824, 0x0824, 0x0824, 0x1044, 0x1044, 0x1045, 0x0044,
    0xB973, 0xF9FA, 0xF1D8, 0x2887, 0x1065, 0x1065, 0x1065, 0x1065, 0x1065, 0x1065, 0x1086, 0x0004,
    0x2128, 0xF7BE, 0xB535, 0x0002, 0x122B, 0x2598, 0x279F, 0x2FFF, 0x27FF, 0x267B, 0x134F, 0x0885,
    0x0002, 0x0844, 0x0865, 0x0844, 0x0844, 0x0844, 0x0844, 0x0844, 0x0844, 0x0844, 0x0844, 0x0824,
    0x0824, 0x0824, 0x0824, 0x0824, 0x0824, 0x0824, 0x0824, 0x0824, 0x0824, 0x0844, 0x0003, 0x0844,
    0x18C6, 0x0002, 0x0824, 0x0824, 0x0824, 0x0824, 0x0824, 0x0824, 0x0824, 0x0824, 0x0824, 0x0824,
    0x0824, 0x0824, 0x0824, 0x0824, 0x0824, 0x0824, 0x0824, 0x0824, 0x0824, 0x0824, 0x0824, 0x0824,
    0x0824, 0x0824, 0x0824, 0x0824, 0x0824, 0x0824, 0x0824, 0x1024, 0x1024, 0x1024, 0x1024, 0x1024,
    0x0003, 0xB153, 0xF9FB, 0xF1B8, 0x2046, 0x0803, 0x1024, 0x0824, 0x0824, 0x0824, 0x0824, 0x0824,
    0x0824, 0x0824, 0x0824, 0x0824, 0x0824, 0x0824, 0x0824, 0x0824, 0x0824, 0x0824, 0x0824, 0x0824,
    0x0824, 0x0824, 0x0824, 0x0824, 0x0824, 0x0824, 0x0824, 0x0824, 0x0824, 0x0824, 0x0824, 0x0824,
    0x0824, 0x0824, 0x0824, 0x0824, 0x0824, 0x0824, 0x0824, 0x0824, 0x0824, 0x0824, 0x0824, 0x0824,
    0x0824, 0x0824, 0x0824, 0x0824, 0x0824, 0x0824, 0x0824, 0x0824, 0x0824, 0x0824, 0x0824, 0x0824,
    0x0824, 0x0824, 0x0824, 0x0824, 0x0824, 0x0824, 0x0824, 0x0824, 0x0824, 0x0824, 0x0824, 0x0844,
    0x1044, 0x1045, 0x1045, 0x0043, 0x790E, 0xF9FA, 0xF9FA, 0x60EC, 0x0844, 0x1886, 0x1065, 0x1065,
    0x1065, 0x18A6, 0x0024, 0x2128, 0xF73D, 0xB536, 0x01CA, 0x1D98, 0x2FBF, 0x2FFF, 0x27BF, 0x1D78,
    0x12AD, 0x0885, 0x0802, 0x0844, 0x0865, 0x0844, 0x0844, 0x0844, 0x0844, 0x0844, 0x0844, 0x0844,
    0x0844, 0x0824, 0x0824, 0x0824, 0x0824, 0x0824, 0x0824, 0x0824, 0x0824, 0x0824, 0x0824, 0x0824,
    0x0824, 0x0824, 0x0824, 0x0824, 0x0003, 0x0824, 0x0824, 0x0824, 0x0824, 0x0824, 0x0824, 0x0824,
    0x0824, 0x0824, 0x0824, 0x0824, 0x0824, 0x0824, 0x0824, 0x0824, 0x0824, 0x0824, 0x0824, 0x0824,
    0x0824, 0x0824, 0x0824, 0x0824, 0x0824, 0x0824, 0x0824, 0x0824, 0x0824, 0x0824, 0x1024, 0x1024,
    0x1024, 0x1024, 0x1024, 0x0804, 0x2025, 0xE9B7, 0xF9FA, 0xC974, 0x0803, 0x1024, 0x1024, 0x0824,
    0x0824, 0x0824, 0x0824, 0x0824, 0x0824, 0x0824, 0x0824, 0x0824, 0x0824, 0x0824, 0x0824, 0x0824,
    0x0824, 0x0824, 0x0824, 0x0824, 0x0824, 0x0824, 0x0824, 0x0824, 0x0824, 0x0824, 0x0824, 0x0824,
    0x0824, 0x0824, 0x0824, 0x0824, 0x0824, 0x0824, 0x0824, 0x0824, 0x0824, 0x0824, 0x0824, 0x0824,
    0x0824, 0x0824, 0x0824, 0x0824, 0x0824, 0x0824, 0x0824, 0x0824, 0x0824, 0x0824, 0x0824, 0x0824,
    0x0824, 0x0824, 0x0824, 0x0824, 0x0824, 0x0824, 0x0824, 0x0824, 0x0824, 0x0824, 0x0824, 0x0824,
    0x0824, 0x0824, 0x0844, 0x0844, 0x1044, 0x1045, 0x1065, 0x0844, 0x3088, 0xF1D9, 0xF9FA, 0xB152,
    0x0864, 0x1886, 0x1086, 0x1086, 0x18A6, 0x0824, 0x2128, 0xF75D, 0xB73D, 0x1517, 0x279F, 0x2FFF,
    0x279F, 0x1D98, 0x122B, 0x0803, 0x0803, 0x0844, 0x0865, 0x0844, 0x0844, 0x0844, 0x0844, 0x0844,
    0x0844, 0x0844, 0x0844, 0x0824, 0x0824, 0x0824, 0x0824, 0x0824, 0x0824, 0x0824, 0x0824, 0x0824,
    0x0824, 0x0824, 0x0824, 0x0824, 0x0824, 0x0824, 0x0824, 0x0824, 0x0824, 0x0824, 0x0824, 0x0824,
    0x0824, 0x0824, 0x0824, 0x0824, 0x0824, 0x0824, 0x0824, 0x0824, 0x0824, 0x0824, 0x0824, 0x0824,
    0x0824, 0x0824, 0x0824, 0x0824, 0x0824, 0x0824, 0x0824, 0x0824, 0x0824, 0x0824, 0x0824, 0x0824,
    0x0824, 0x0824, 0x1024, 0x1024, 0x1024, 0x1024, 0x1024, 0x0003, 0x60AB, 0xF9FA, 0xF9FA, 0x78ED,
    0x0002, 0x1024, 0x0824, 0x0824, 0x0824, 0x0824, 0x0824, 0x0824, 0x0824, 0x0824, 0x0824, 0x0824,
    0x0824, 0x0824, 0x0824, 0x0824, 0x0824, 0x0824, 0x0824, 0x0824, 0x0824, 0x0824, 0x0824, 0x0824,
    0x0824, 0x0824, 0x0824, 0x0824, 0x0824, 0x0824, 0x0824, 0x0824, 0x0824, 0x0824, 0x0824, 0x0824,
    0x0824, 0x0824, 0x0824, 0x0824, 0x0824, 0x0824, 0x0824, 0x0824, 0x0824, 0x0824, 0x0824, 0x0824,
    0x0824, 0x0824, 0x0824, 0x0824, 0x0824, 0x0824, 0x0824, 0x0824, 0x0824, 0x0824, 0x0824, 0x0824,
    0x0824, 0x0824, 0x0824, 0x0824, 0x0824, 0x0844, 0x0844, 0x0844, 0x0844, 0x1045, 0x1065, 0x1065,
    0x0864, 0xC995, 0xF9FA, 0xE9B8, 0x2087, 0x1085, 0x10A6, 0x1886, 0x0003, 0x2948, 0xF71C, 0xBFDF,
    0x175F, 0x27FF, 0x27BF, 0x1D98, 0x122B, 0x0804, 0x0803, 0x0865, 0x0865, 0x0844, 0x0844, 0x0844,
    0x0844, 0x0844, 0x0844, 0x0844, 0x0844, 0x0824, 0x0824, 0x0824, 0x0824, 0x0824, 0x0824, 0x0824,
    0x0824, 0x0824, 0x0824, 0x0824, 0x0824, 0x0824, 0x0824, 0x0824, 0x0824, 0x0824, 0x0824, 0x0824,
    0x0824, 0x0824, 0x0824, 0x0824, 0x0824, 0x0824, 0x0824, 0x0824, 0x0824, 0x0824, 0x0824, 0x0824,
    0x0824, 0x0824, 0x0824, 0x0824, 0x0824, 0x0824, 0x0824, 0x0824, 0x0824, 0x0824, 0x0824, 0x0824,
    0x0824, 0x0824, 0x0824, 0x0824, 0x0824, 0x1024, 0x1024, 0x1024, 0x1024, 0x1024, 0x1024, 0x0003,
    0xA952, 0xF9FB, 0xF9D9, 0x3047, 0x0803, 0x1024, 0x0824, 0x0824, 0x0824, 0x0824, 0x0824, 0x0824,
    0x0824, 0x0824, 0x0824, 0x0824, 0x0824, 0x0824, 0x0824, 0x0824, 0x0824, 0x0824, 0x0824, 0x0824,
    0x0824, 0x0824, 0x0824, 0x0824, 0x0824, 0x0824, 0x0824, 0x0824, 0x0824, 0x0824, 0x0824, 0x0824,
    0x0824, 0x0824, 0x0824, 0x0824, 0x0824, 0x0824, 0x0824, 0x0824, 0x0824, 0x0824, 0x0824, 0x0824,
    0x0824, 0x0824, 0x0824, 0x0824, 0x0824, 0x0824, 0x0824, 0x0824, 0x0824, 0x0824, 0x0824, 0x0824,
    0x0824, 0x0824, 0x0824, 0x0824, 0x0824, 0x0824, 0x0824, 0x0824, 0x0824, 0x0844, 0x0844, 0x0844,
    0x0845, 0x1045, 0x1065, 0x1065, 0x0044, 0x710E, 0xF9FA, 0xF9FA, 0x712E, 0x0044, 0x1804, 0x08A6,
    0x3350, 0xF71C, 0xBFFF, 0x1FDF, 0x273E, 0x2516, 0x124C, 0x0804, 0x0803, 0x0865, 0x0865, 0x0844,
    0x0844, 0x0844, 0x0844, 0x0844, 0x0844, 0x0844, 0x0844, 0x0824, 0x0824, 0x0824, 0x0824, 0x0824,
    0x0824, 0x0824, 0x0824, 0x0824, 0x0824, 0x0824, 0x0824, 0x0824, 0x0824, 0x0824, 0x0824, 0x0824,
    0x0824, 0x0824, 0x0824, 0x0824, 0x0824, 0x0824, 0x0824, 0x0824, 0x0824, 0x0824, 0x0824, 0x0824,
    0x0824, 0x0824, 0x0824, 0x0824, 0x0824, 0x0824, 0x0824, 0x0824, 0x0824, 0x0824, 0x0824, 0x0824,
    0x0824, 0x0824, 0x0824, 0x0824, 0x0824, 0x0824, 0x0824, 0x0824, 0x0824, 0x1024, 0x1024, 0x1024,
    0x1024, 0x1024, 0x0803, 0x3047, 0xF1D8, 0xF9FA, 0xB953, 0x0803, 0x1024, 0x1024, 0x0824, 0x0824,
    0x0824, 0x0824, 0x0824, 0x0824, 0x0824, 0x0824, 0x0824, 0x0824, 0x0824, 0x0824, 0x0824, 0x0824,
    0x0824, 0x0824, 0x0824, 0x0824, 0x0824, 0x0824, 0x0824, 0x0824, 0x0824, 0x0824, 0x0824, 0x0824,
    0x0824, 0x0824, 0x0824, 0x0824, 0x0824, 0x0824, 0x0824, 0x0824, 0x0804, 0x0804, 0x0804, 0x0804,
    0x0804, 0x0804, 0x0804, 0x0804, 0x0804, 0x0804, 0x0804, 0x0804, 0x0804, 0x0804, 0x0804, 0x0804,
    0x0804, 0x0804, 0x0804, 0x0804, 0x0804, 0x0824, 0x0824, 0x0824, 0x0824, 0x0824, 0x0824, 0x0824,
    0x0824, 0x0824, 0x0844, 0x0844, 0x1045, 0x1045, 0x1065, 0x1065, 0x1065, 0x2087, 0xF1D8, 0xF9BA,
    0xE956, 0x20E8, 0x0B50, 0x76BB, 0xFFFF, 0x8FFF, 0x1F3E, 0x1C94, 0x1148, 0x1003, 0x1004, 0x1065,
    0x0865, 0x0865, 0x0845, 0x0844, 0x0844, 0x0844, 0x0844, 0x0844, 0x0824, 0x0824, 0x0824, 0x0824,
    0x0824, 0x0824, 0x0824, 0x0824, 0x0824, 0x0824, 0x0824, 0x0824, 0x0824, 0x0824, 0x0824, 0x0824,
    0x0804, 0x0804, 0x0804, 0x0804, 0x0804, 0x0804, 0x0804, 0x0804, 0x0804, 0x0804, 0x0804, 0x0804,
    0x0804, 0x0804, 0x0804, 0x0804, 0x0804, 0x0804, 0x0804, 0x0804, 0x0804, 0x0804, 0x0804, 0x0804,
    0x0804, 0x0804, 0x0804, 0x0804, 0x0804, 0x0804, 0x0804, 0x0804, 0x0804, 0x0804, 0x0804, 0x0804,
    0x1004, 0x1004, 0x1004, 0x1004, 0x1004, 0x1024, 0x0002, 0x9110, 0xF9FA, 0xF9FA, 0x60AB, 0x0003,
    0x1024, 0x1004, 0x0804, 0x0804, 0x0804, 0x0804, 0x0804, 0x0804, 0x0804, 0x0804, 0x0804, 0x0804,
    0x0804, 0x0804, 0x0804, 0x0804, 0x0804, 0x0804, 0x0804, 0x0804, 0x0804, 0x0804, 0x0804, 0x0804,
    0x0804, 0x0804, 0x0804, 0x0804, 0x0804, 0x0804, 0x0804, 0x0804, 0x0804, 0x0804, 0x0804, 0x0804,
    0x0804, 0x0804, 0x0804, 0x0804, 0x0804, 0x0804, 0x0804, 0x0804, 0x0804, 0x0804, 0x0804, 0x0804,
    0x0804, 0x0804, 0x0804, 0x0804, 0x0804, 0x0804, 0x0804, 0x0804, 0x0804, 0x0824, 0x0824, 0x0824,
    0x0824, 0x0824, 0x0824, 0x0824, 0x0824, 0x0844, 0x0844, 0x0844, 0x1045, 0x1065, 0x1065, 0x1065,
    0x1086, 0x0023, 0xA0CF, 0xE29B, 0x851D, 0x16FE, 0x77FF, 0xFFFF, 0x775E, 0x0474, 0x1949, 0x1004,
    0x1045, 0x1086, 0x1085, 0x1065, 0x1065, 0x0845, 0x0845, 0x0844, 0x0844, 0x0844, 0x0844, 0x0824,
    0x0824, 0x0824, 0x0824, 0x0824, 0x0824, 0x0824, 0x0824, 0x0824, 0x0824, 0x0824, 0x0824, 0x0824,
    0x0824, 0x0824, 0x0804, 0x0804, 0x0804, 0x0804, 0x0804, 0x0804, 0x0804, 0x0804, 0x0804, 0x0804,
    0x0804, 0x0804, 0x0804, 0x0804, 0x0804, 0x0804, 0x0804, 0x0804, 0x0804, 0x0804, 0x0804, 0x0804,
    0x0804, 0x0804, 0x0804, 0x0804, 0x0804, 0x0804, 0x0804, 0x0804, 0x0804, 0x0804, 0x0804, 0x0804,
    0x0804, 0x0804, 0x0804, 0x1004, 0x1004, 0x1004, 0x1004, 0x1004, 0x1024, 0x1024, 0x1824, 0xD996,
    0xF9FA, 0xD996, 0x1825, 0x1004, 0x1004, 0x1004, 0x0804, 0x0804, 0x0804, 0x0804, 0x0804, 0x0804,
    0x0804, 0x0804, 0x0804, 0x0804, 0x0804, 0x0804, 0x0804, 0x0804, 0x0804, 0x0804, 0x0804, 0x0804,
    0x0804, 0x0804, 0x0804, 0x0804, 0x0804, 0x0804, 0x0804, 0x0804, 0x0804, 0x0804, 0x0804, 0x0804,
    0x0804, 0x0804, 0x0804, 0x0804, 0x0804, 0x0804, 0x0804, 0x0804, 0x0804, 0x0804, 0x0804, 0x0804,
    0x0804, 0x0804, 0x0804, 0x0804, 0x0804, 0x0804, 0x0804, 0x0804, 0x0804, 0x0804, 0x0804, 0x0804,
    0x0804, 0x0824, 0x0824, 0x0824, 0x0824, 0x0824, 0x0824, 0x0824, 0x0824, 0x0844, 0x0844, 0x0844,
    0x0845, 0x1065, 0x1085, 0x1024, 0x1004, 0x1148, 0x3495, 0x373F, 0x07BF, 0x77BF, 0xFFFF, 0x6CB4,
    0x0149, 0x1804, 0x1045, 0x1086, 0x1085, 0x1065, 0x1065, 0x1065, 0x1045, 0x0845, 0x0844, 0x0844,
    0x0844, 0x0844, 0x0824, 0x0824, 0x0824, 0x0824, 0x0824, 0x0824, 0x0824, 0x0824, 0x0824, 0x0824,
    0x0824, 0x0824, 0x0824, 0x0824, 0x0804, 0x0804, 0x0804, 0x0804, 0x0804, 0x0804, 0x0804, 0x0804,
    0x0804, 0x0804, 0x0804, 0x0804, 0x0804, 0x0804, 0x0804, 0x0804, 0x0804, 0x0804, 0x0804, 0x0804,
    0x0804, 0x0804, 0x0804, 0x0804, 0x0804, 0x0804, 0x0804, 0x0804, 0x0804, 0x0804, 0x0804, 0x0804,
    0x0804, 0x0804, 0x0804, 0x0804, 0x0804, 0x0804, 0x1004, 0x1004, 0x1004, 0x1004, 0x1004, 0x1024,
    0x1824, 0x0003, 0x70CD, 0xF9FA, 0xF9FA, 0x78CD, 0x0002, 0x1024, 0x1004, 0x0804, 0x0804, 0x0804,
    0x0804, 0x0804, 0x0804, 0x0804, 0x0804, 0x0804, 0x0804, 0x0804, 0x0804, 0x0804, 0x0804, 0x0804,
    0x0804, 0x0804, 0x0804, 0x0804, 0x0804, 0x0804, 0x0804, 0x0804, 0x0804, 0x0804, 0x0804, 0x0804,
    0x0804, 0x0804, 0x0804, 0x0804, 0x0804, 0x0804, 0x0804, 0x0804, 0x0804, 0x0804, 0x0804, 0x0804,
    0x0804, 0x0804, 0x0804, 0x0804, 0x0804, 0x0804, 0x0804, 0x0804, 0x0804, 0x0804, 0x0804, 0x0804,
    0x0804, 0x0804, 0x0804, 0x0804, 0x0824, 0x0824, 0x0824, 0x0824, 0x0824, 0x0824, 0x0824, 0x0824,
    0x0824, 0x0844, 0x0844, 0x0865, 0x0865, 0x0804, 0x0803, 0x1148, 0x1C74, 0x271E, 0x27FF, 0x1FBF,
    0x777F, 0xFFFF, 0x8351, 0x0003, 0x1865, 0x10A6, 0x1086, 0x1065, 0x1065, 0x1065, 0x1065, 0x1065,
    0x1045, 0x1045, 0x0844, 0x0844, 0x0844, 0x0824, 0x0824, 0x0824, 0x0824, 0x0824, 0x0824, 0x0824,
    0x0824, 0x0824, 0x0824, 0x0824, 0x0824, 0x0824, 0x0804, 0x0804, 0x0804, 0x0804, 0x0804, 0x0804,
    0x0804, 0x0804, 0x0804, 0x0804, 0x0804, 0x0804, 0x0804, 0x0804, 0x0804, 0x0804, 0x0804, 0x0804,
    0x0804, 0x0804, 0x0804, 0x0804, 0x0804, 0x0804, 0x0804, 0x0804, 0x0804, 0x0804, 0x0804, 0x0804,
    0x0804, 0x0804, 0x0804, 0x0804, 0x0804, 0x0804, 0x0804, 0x0804, 0x0804, 0x0804, 0x1004, 0x1004,
    0x1004, 0x1004, 0x1004, 0x1024, 0x1024, 0x1024, 0xE196, 0xF9FA, 0xF1D9, 0x3047, 0x0803, 0x1004,
    0x1004, 0x0804, 0x0804, 0x0804, 0x0804, 0x0804, 0x0804, 0x0804, 0x0804, 0x0804, 0x0804, 0x0804,
    0x0804, 0x0804, 0x0804, 0x0804, 0x0804, 0x0804, 0x0804, 0x0804, 0x0804, 0x0804, 0x0804, 0x0804,
    0x0804, 0x0804, 0x0804, 0x0804, 0x0804, 0x0804, 0x0804, 0x0804, 0x0804, 0x0804, 0x0804, 0x0804,
    0x0804, 0x0804, 0x0804, 0x0804, 0x0804, 0x0804, 0x0804, 0x0804, 0x0804, 0x0804, 0x0804, 0x0804,
    0x0804, 0x0804, 0x0804, 0x0804, 0x0804, 0x0804, 0x0804, 0x0804, 0x0824, 0x0824, 0x0824, 0x0824,
    0x0824, 0x0824, 0x0824, 0x0824, 0x0844, 0x0845, 0x0845, 0x0803, 0x0803, 0x122C, 0x1D16, 0x271E,
    0x27FF, 0x2FFF, 0x1E7B, 0x3B53, 0xFB3A, 0xFC1C, 0xB8F3, 0x10A6, 0x1886, 0x1066, 0x1065, 0x1065,
    0x1065, 0x1065, 0x1065, 0x1045, 0x1045, 0x1045, 0x0844, 0x0844, 0x0844, 0x0824, 0x0824, 0x0824,
    0x0824, 0x0824, 0x0824, 0x0824, 0x0824, 0x0824, 0x0824, 0x0824, 0x0824, 0x0804, 0x0804, 0x0804,
    0x0804, 0x0804, 0x0804, 0x0804, 0x0804, 0x0804, 0x0804, 0x0804, 0x0804, 0x0804, 0x0804, 0x0804,
    0x0804, 0x0804, 0x0804, 0x0804, 0x0804, 0x0804, 0x0804, 0x0804, 0x0804, 0x0804, 0x0804, 0x0804,
    0x0804, 0x0804, 0x0804, 0x0804, 0x0804, 0x0804, 0x0804, 0x0804, 0x0804, 0x0804, 0x0804, 0x0804,
    0x0804, 0x1004, 0x1004, 0x1004, 0x1004, 0x1004, 0x1004, 0x1024, 0x0003, 0x78ED, 0xF9FA, 0xF9FA,
    0x9110, 0x0003, 0x1024, 0x1004, 0x0804, 0x0804, 0x0804, 0x0804, 0x0804, 0x0804, 0x0804, 0x0804,
    0x0804, 0x0804, 0x0804, 0x0804, 0x0804, 0x0804, 0x0804, 0x0804, 0x0804, 0x0804, 0x0804, 0x0804,
    0x0804, 0x0804, 0x0804, 0x0804, 0x0804, 0x0804, 0x0804, 0x0804, 0x0804, 0x0804, 0x0804, 0x0804,
    0x0804, 0x0804, 0x0804, 0x0804, 0x0804, 0x0804, 0x0804, 0x0804, 0x0804, 0x0804, 0x0804, 0x0804,
    0x0804, 0x0804, 0x0804, 0x0804, 0x0804, 0x0804, 0x0804, 0x0804, 0x0804, 0x0804, 0x0804, 0x0804,
    0x0824, 0x0824, 0x0824, 0x0824, 0x0824, 0x0824, 0x0824, 0x0844, 0x0844, 0x0803, 0x0803, 0x122B,
    0x1D78, 0x279F, 0x2FFF, 0x27FF, 0x267B, 0x1B50, 0x1086, 0x0002, 0x9911, 0xF99A, 0xF9FB, 0x710E,
    0x0044, 0x1886, 0x1065, 0x1065, 0x1065, 0x1065, 0x1045, 0x1045, 0x1045, 0x1045, 0x1044, 0x0844,
    0x0824, 0x0824, 0x0824, 0x0824, 0x0824, 0x0824, 0x0824, 0x0824, 0x0824, 0x0824, 0x0824, 0x0824,
    0x0804, 0x0804, 0x0804, 0x0804, 0x0804, 0x0804, 0x0804, 0x0804, 0x0804, 0x0804, 0x0804, 0x0804,
    0x0804, 0x0804, 0x0804, 0x0804, 0x0804, 0x0804, 0x0804, 0x0804, 0x0804, 0x0804, 0x0804, 0x0804,
    0x0804, 0x0804, 0x0804, 0x0804, 0x0804, 0x0804, 0x0804, 0x0804, 0x0804, 0x0804, 0x0804, 0x0804,
    0x0804, 0x0804, 0x0804, 0x0804, 0x1004, 0x1004, 0x1004, 0x1004, 0x1004, 0x1004, 0x1024, 0x0803,
    0x2846, 0xF1D9, 0xF9FA, 0xE196, 0x1024, 0x1004, 0x1004, 0x1004, 0x0804, 0x0804, 0x0804, 0x0804,
    0x0804, 0x0804, 0x0804, 0x0804, 0x0804, 0x0804, 0x0804, 0x0804, 0x0804, 0x0804, 0x0804, 0x0804,
    0x0804, 0x0804, 0x0804, 0x0804, 0x0804, 0x0804, 0x0804, 0x0804, 0x0804, 0x0804, 0x0804, 0x0804,
    0x0804, 0x0804, 0x0804, 0x0804, 0x0804, 0x0804, 0x0804, 0x0804, 0x0804, 0x0804, 0x0804, 0x0804,
    0x0804, 0x0804, 0x0804, 0x0804, 0x0804, 0x0804, 0x0804, 0x0804, 0x0804, 0x0804, 0x0804, 0x0804,
    0x0804, 0x0804, 0x0804, 0x0804, 0x0824, 0x0824, 0x0824, 0x0824, 0x0824, 0x0844, 0x0824, 0x0802,
    0x0803, 0x122B, 0x1D78, 0x279F, 0x2FFF, 0x27BF, 0x1D78, 0x12AD, 0x10A6, 0x1003, 0x1065, 0x0885,
    0x30A8, 0xF1D9, 0xF9DA, 0xE1B7, 0x2087, 0x1065, 0x1866, 0x1065, 0x1065, 0x1045, 0x1045, 0x1045,
    0x1045, 0x1045, 0x1044, 0x0824, 0x0824, 0x0824, 0x0824, 0x0824, 0x0824, 0x0824, 0x0824, 0x0824,
    0x0824, 0x0824, 0x0804, 0x0804, 0x0804, 0x0804, 0x0804, 0x0804, 0x0804, 0x0804, 0x0804, 0x0804,
    0x0804, 0x0804, 0x0804, 0x0804, 0x0804, 0x0804, 0x0804, 0x0804, 0x0804, 0x0804, 0x0804, 0x0804,
    0x0804, 0x0804, 0x0804, 0x0804, 0x0804, 0x0804, 0x0804, 0x0804, 0x0804, 0x0804, 0x0804, 0x0804,
    0x0804, 0x0804, 0x0804, 0x0804, 0x0804, 0x0804, 0x0804, 0x1004, 0x1004, 0x1004, 0x1004, 0x1004,
    0x1004, 0x1004, 0x1024, 0x0003, 0xA952, 0xF9FA, 0xF9FA, 0x70CD, 0x0003, 0x1024, 0x1004, 0x0804,
    0x0804, 0x0804, 0x0804, 0x0804, 0x0804, 0x0804, 0x0804, 0x0804, 0x0804, 0x0804, 0x0804, 0x0804,
    0x0804, 0x0804, 0x0804, 0x0804, 0x0804, 0x0804, 0x0804, 0x0804, 0x0804, 0x0804, 0x0804, 0x0804,
    0x0804, 0x0804, 0x0804, 0x0804, 0x0804, 0x0804, 0x0804, 0x0804, 0x0804, 0x0804, 0x0804, 0x0804,
    0x0804, 0x0804, 0x0804, 0x0804, 0x0804, 0x0804, 0x0804, 0x0804, 0x0804, 0x0804, 0x0804, 0x0804,
    0x0804, 0x0804, 0x0804, 0x0804, 0x0804, 0x0804, 0x0804, 0x0804, 0x0824, 0x0824, 0x0824, 0x0824,
    0x0803, 0x0802, 0x0865, 0x12AD, 0x1D58, 0x279F, 0x2FFF, 0x279F, 0x1D78, 0x122B, 0x0804, 0x0803,
    0x1045, 0x1086, 0x1065, 0x1066, 0x0044, 0x790E, 0xF9FA, 0xF9FA, 0xB152, 0x0044, 0x1865, 0x1065,
    0x1045, 0x1045, 0x1045, 0x1045, 0x1045, 0x1045, 0x1024, 0x1024, 0x0824, 0x0824, 0x0824, 0x0824,
    0x0824, 0x0824, 0x0824, 0x0824, 0x0824, 0x0804, 0x0804, 0x0804, 0x0804, 0x0804, 0x0804, 0x0804,
    0x0804, 0x0804, 0x0804, 0x0804, 0x0804, 0x0804, 0x0804, 0x0804, 0x0804, 0x0804, 0x0804, 0x0804,
    0x0804, 0x0804, 0x0804, 0x0804, 0x0804, 0x0804, 0x0804, 0x0804, 0x0804, 0x0804, 0x0804, 0x0804,
    0x0804, 0x0804, 0x0804, 0x0804, 0x0804, 0x0804, 0x0804, 0x0804, 0x0804, 0x0804, 0x0804, 0x1004,
    0x1004, 0x1004, 0x1004, 0x1004, 0x1004, 0x1825, 0x0003, 0x60AB, 0xF9FA, 0xF9FA, 0xC174, 0x0804,
    0x1004, 0x1004, 0x1004, 0x0804, 0x0804, 0x0804, 0x0804, 0x0804, 0x0804, 0x0804, 0x0804, 0x0804,
    0x0804, 0x0804, 0x0804, 0x0804, 0x0804, 0x0804, 0x0804, 0x0804, 0x0804, 0x0804, 0x0804, 0x0804,
    0x0804, 0x0804, 0x0804, 0x0804, 0x0804, 0x0804, 0x0804, 0x0804, 0x0804, 0x0804, 0x0804, 0x0804,
    0x0804, 0x0804, 0x0804, 0x0804, 0x0804, 0x0804, 0x0804, 0x0804, 0x0804, 0x0804, 0x0804, 0x0804,
    0x0804, 0x0804, 0x0804, 0x0804, 0x0804, 0x0804, 0x0804, 0x0804, 0x0804, 0x0804, 0x0804, 0x0804,
    0x0824, 0x0824, 0x0824, 0x0824, 0x08A6, 0x132F, 0x267B, 0x27FF, 0x2FFF, 0x279F, 0x1D78, 0x122B,
    0x0803, 0x0803, 0x0865, 0x0865, 0x1065, 0x1065, 0x1065, 0x1065, 0x1065, 0x0845, 0xC174, 0xF9FA,
    0xF9FA, 0x68ED, 0x0044, 0x1845, 0x1045, 0x1045, 0x1045, 0x1045, 0x1045, 0x1025, 0x1024, 0x1024,
    0x1024, 0x0824, 0x0824, 0x0824, 0x0824, 0x0824, 0x0824, 0x0824, 0x0824, 0x0804, 0x0804, 0x0804,
    0x0804, 0x0804, 0x0804, 0x0804, 0x0804, 0x0804, 0x0804, 0x0804, 0x0804, 0x0804, 0x0804, 0x0804,
    0x0804, 0x0804, 0x0804, 0x0804, 0x0804, 0x0804, 0x0804, 0x0804, 0x0804, 0x0804, 0x0804, 0x0804,
    0x0804, 0x0804, 0x0804, 0x0804, 0x0804, 0x0804, 0x0804, 0x0804, 0x0804, 0x0804, 0x0804, 0x0804,
    0x0804, 0x0804, 0x1004, 0x1004, 0x1004, 0x1004, 0x1004, 0x1004, 0x1024, 0x0804, 0x2846, 0xE9B8,
    0xF9DA, 0xF1D9, 0x3047, 0x0803, 0x1004, 0x1004, 0x0804, 0x0804, 0x0804, 0x0804, 0x0804, 0x0804,
    0x0804, 0x0804, 0x0804, 0x0804, 0x0804, 0x0804, 0x0804, 0x0804, 0x0804, 0x0804, 0x0804, 0x0804,
    0x0804, 0x0804, 0x0804, 0x0804, 0x0804, 0x0804, 0x0804, 0x0804, 0x0804, 0x0804, 0x0804, 0x0804,
    0x0804, 0x0804, 0x0804, 0x0804, 0x0804, 0x0804, 0x0804, 0x0804, 0x0804, 0x0804, 0x0804, 0x0804,
    0x0804, 0x0804, 0x0804, 0x0804, 0x0804, 0x0804, 0x0804, 0x0804, 0x0804, 0x0804, 0x0804, 0x0804,
    0x0804, 0x0804, 0x0804, 0x0804, 0x0824, 0x0824, 0x0824, 0x0802, 0x1C13, 0x2FFF, 0x27FF, 0x271E,
    0x1CF6, 0x122B, 0x0803, 0x0803, 0x0845, 0x0865, 0x0845, 0x0845, 0x0845, 0x1045, 0x1045, 0x1045,
    0x1065, 0x0844, 0x3088, 0xF9D9, 0xF9D9, 0xF9D9, 0x3088, 0x0844, 0x1845, 0x1045, 0x1045, 0x1045,
    0x1025, 0x1024, 0x1024, 0x1024, 0x1024, 0x0824, 0x0824, 0x0824, 0x0824, 0x0824, 0x0824, 0x0824,
    0x0804, 0x0804, 0x0804, 0x0804, 0x0804, 0x0804, 0x0804, 0x0804, 0x0804, 0x0804, 0x0804, 0x0804,
    0x0804, 0x0804, 0x0804, 0x0804, 0x0804, 0x0804, 0x0804, 0x0804, 0x0804, 0x0804, 0x0804, 0x0804,
    0x0804, 0x0804, 0x0804, 0x0804, 0x0804, 0x0804, 0x0804, 0x0804, 0x0804, 0x0804, 0x0804, 0x0804,
    0x0804, 0x0804, 0x0804, 0x0804, 0x0804, 0x1004, 0x1004, 0x1004, 0x1004, 0x1004, 0x1004, 0x1004,
    0x1024, 0x0803, 0xC974, 0xF9FA, 0xF9FB, 0x78CD, 0x0002, 0x1024, 0x1004, 0x0804, 0x0804, 0x0804,
    0x0804, 0x0804, 0x0804, 0x0804, 0x0804, 0x0804, 0x0804, 0x0804, 0x0804, 0x0804, 0x0804, 0x0804,
    0x0804, 0x0804, 0x0804, 0x0804, 0x0804, 0x0804, 0x0804, 0x0804, 0x0804, 0x0804, 0x0804, 0x0804,
    0x0804, 0x0804, 0x0804, 0x0804, 0x0804, 0x0804, 0x0804, 0x0804, 0x0804, 0x0804, 0x0804, 0x0804,
    0x0804, 0x0804, 0x0804, 0x0804, 0x0804, 0x0804, 0x0804, 0x0804, 0x0804, 0x0804, 0x0804, 0x0804,
    0x0804, 0x0804, 0x0804, 0x0804, 0x0804, 0x0804, 0x0804, 0x0804, 0x0824, 0x0824, 0x0824, 0x0802,
    0x11EB, 0x273D, 0x1C53, 0x0927, 0x0802, 0x0803, 0x0844, 0x0845, 0x0844, 0x0844, 0x0844, 0x0844,
    0x0845, 0x1045, 0x1045, 0x1045, 0x1045, 0x1045, 0x0024, 0x68EC, 0xF9FA, 0xF9DA, 0xD996, 0x1045,
    0x1045, 0x1045, 0x1045, 0x1025, 0x1025, 0x1024, 0x1024, 0x1024, 0x1024, 0x1024, 0x0824, 0x0824,
    0x0824, 0x0824, 0x0824, 0x0824, 0x0804, 0x0804, 0x0804, 0x0804, 0x0804, 0x0804, 0x0804, 0x0804,
    0x0804, 0x0804, 0x0804, 0x0804, 0x0804, 0x0804, 0x0804, 0x0804, 0x0804, 0x0804, 0x0804, 0x0804,
    0x0804, 0x0804, 0x0804, 0x0804, 0x0804, 0x0804, 0x0804, 0x0804, 0x0804, 0x0804, 0x0804, 0x0804,
    0x0804, 0x0804, 0x0804, 0x0804, 0x0804, 0x0804, 0x0804, 0x1004, 0x1004, 0x1004, 0x1004, 0x1004,
    0x1004, 0x1004, 0x1004, 0x1825, 0x0002, 0x9910, 0xF9FA, 0xF9FA, 0xB152, 0x0803, 0x1004, 0x1004,
    0x1004, 0x0804, 0x0804, 0x0804, 0x0804, 0x0804, 0x0804, 0x0804, 0x0804, 0x0804, 0x0804, 0x0804,
    0x0804, 0x0804, 0x0804, 0x0804, 0x0804, 0x0804, 0x0804, 0x0804, 0x0804, 0x0804, 0x0804, 0x0804,
    0x0804, 0x0804, 0x0804, 0x0804, 0x0804, 0x0804, 0x0804, 0x0804, 0x0804, 0x0804, 0x0804, 0x0804,
    0x0804, 0x0804, 0x0804, 0x0804, 0x0804, 0x0804, 0x0804, 0x0804, 0x0804, 0x0804, 0x0804, 0x0804,
    0x0804, 0x0804, 0x0804, 0x0804, 0x0804, 0x0804, 0x0804, 0x0804, 0x0804, 0x0804, 0x0804, 0x0804,
    0x0824, 0x0824, 0x0824, 0x0804, 0x0845, 0x0907, 0x0802, 0x0803, 0x0845, 0x0844, 0x0824, 0x0824,
    0x0824, 0x0844, 0x0844, 0x0844, 0x0844, 0x0845, 0x1045, 0x1045, 0x1045, 0x1045, 0x1045, 0x0023,
    0xA952, 0xF9FA, 0xF9FA, 0xA952, 0x0824, 0x1025, 0x1025, 0x1025, 0x1025, 0x1024, 0x1024, 0x1024,
    0x1024, 0x1024, 0x1024, 0x0824, 0x0824, 0x0824, 0x0824, 0x0804, 0x0804, 0x0804, 0x0804, 0x0804,
    0x0804, 0x0804, 0x0804, 0x0804, 0x0804, 0x0804, 0x0804, 0x0804, 0x0804, 0x0804, 0x0804, 0x0804,
    0x0804, 0x0804, 0x0804, 0x0804, 0x0804, 0x0804, 0x0804, 0x0804, 0x0804, 0x0804, 0x0804, 0x0804,
    0x0804, 0x0804, 0x0804, 0x0804, 0x0804, 0x0804, 0x0804, 0x0804, 0x0804, 0x0804, 0x1004, 0x1004,
    0x1004, 0x1004, 0x1004, 0x1004, 0x1004, 0x1004, 0x1825, 0x0002, 0x68AC, 0xF9D9, 0xF9D9, 0xE1B7,
    0x2025, 0x0803, 0x1024, 0x1004, 0x0804, 0x0804, 0x0804, 0x0804, 0x0804, 0x0804, 0x0804, 0x0804,
    0x0804, 0x0804, 0x0804, 0x0804, 0x0804, 0x0804, 0x0804, 0x0804, 0x0804, 0x0804, 0x0804, 0x0804,
    0x0804, 0x0804, 0x0804, 0x0804, 0x0804, 0x0804, 0x0804, 0x0804, 0x0804, 0x0804, 0x0804, 0x0804,
    0x0804, 0x0804, 0x0804, 0x0804, 0x0804, 0x0804, 0x0804, 0x0804, 0x0804, 0x0804, 0x0804, 0x0804,
    0x0804, 0x0804, 0x0804, 0x0804, 0x0804, 0x0804, 0x0804, 0x0804, 0x0804, 0x0804, 0x0804, 0x0804,
    0x0804, 0x0804, 0x0804, 0x0804, 0x0804, 0x0824, 0x0824, 0x0824, 0x0804, 0x0803, 0x0844, 0x0824,
    0x0824, 0x0824, 0x0824, 0x0824, 0x0824, 0x0824, 0x0824, 0x0844, 0x0844, 0x0844, 0x0844, 0x1044,
    0x1045, 0x1045, 0x1045, 0x1044, 0x1044, 0xD996, 0xF9FA, 0xF9FA, 0xA952, 0x0824, 0x1024, 0x1025,
    0x1024, 0x1024, 0x1024, 0x1024, 0x1024, 0x1024, 0x1024, 0x1024, 0x0824, 0x0824, 0x0824, 0x0804,
    0x0804, 0x0804, 0x0804, 0x0804, 0x0804, 0x0804, 0x0804, 0x0804, 0x0804, 0x0804, 0x0804, 0x0804,
    0x0804, 0x0804, 0x0804, 0x0804, 0x0804, 0x0804, 0x0804, 0x0804, 0x0804, 0x0804, 0x0804, 0x0804,
    0x0804, 0x0804, 0x0804, 0x0804, 0x0804, 0x0804, 0x0804, 0x0804, 0x0804, 0x0804, 0x0804, 0x0804,
    0x0804, 0x1004, 0x1004, 0x1004, 0x1004, 0x1004, 0x1004, 0x1004, 0x1004, 0x1825, 0x0002, 0x68AC,
    0xF9FA, 0xF9D9, 0xF9FA, 0x4869, 0x0003, 0x1024, 0x1004, 0x0804, 0x0804, 0x0804, 0x0804, 0x0804,
    0x0804, 0x0804, 0x0804, 0x0804, 0x0804, 0x0804, 0x0804, 0x0804, 0x0804, 0x0804, 0x0804, 0x0804,
    0x0804, 0x0804, 0x0804, 0x0804, 0x0804, 0x0804, 0x0804, 0x0804, 0x0804, 0x0804, 0x0804, 0x0804,
    0x0804, 0x0804, 0x0804, 0x0804, 0x0804, 0x0804, 0x0804, 0x0804, 0x0804, 0x0804, 0x0804, 0x0804,
    0x0804, 0x0804, 0x0804, 0x0804, 0x0804, 0x0804, 0x0804, 0x0804, 0x0804, 0x0804, 0x0804, 0x0804,
    0x0804, 0x0804, 0x0804, 0x0804, 0x0804, 0x0804, 0x0804, 0x0804, 0x0804, 0x0824, 0x0824, 0x0824,
    0x0824, 0x0824, 0x0824, 0x0824, 0x0824, 0x0824, 0x0824, 0x0824, 0x0824, 0x0824, 0x0824, 0x0824,
    0x0824, 0x0824, 0x0824, 0x0824, 0x1024, 0x1024, 0x1024, 0x1045, 0x0824, 0x2867, 0xE1B7, 0xF9DA,
    0xF9FA, 0xA952, 0x0824, 0x1024, 0x1025, 0x1024, 0x1024, 0x1024, 0x1024, 0x1024, 0x1024, 0x1024,
    0x1024, 0x0824, 0x0804, 0x0804, 0x0804, 0x0804, 0x0804, 0x0804, 0x0804, 0x0804, 0x0804, 0x0804,
    0x0804, 0x0804, 0x0804, 0x0804, 0x0804, 0x0804, 0x0804, 0x0804, 0x0804, 0x0804, 0x0804, 0x0804,
    0x0804, 0x0804, 0x0804, 0x0804, 0x0804, 0x0804, 0x0804, 0x0804, 0x0804, 0x0804, 0x0804, 0x0804,
    0x0804, 0x0804, 0x0804, 0x1004, 0x1004, 0x1004, 0x1004, 0x1004, 0x1004, 0x1004, 0x1004, 0x1004,
    0x1825, 0x0002, 0x68AC, 0xF9FA, 0xF9D9, 0xF9FA, 0x60AB, 0x0003, 0x1024, 0x1004, 0x1004, 0x0804,
    0x0804, 0x0804, 0x0804, 0x0804, 0x0804, 0x0804, 0x0804, 0x0804, 0x0804, 0x0804, 0x0804, 0x0804,
    0x0804, 0x0804, 0x0804, 0x0804, 0x0804, 0x0804, 0x0804, 0x0804, 0x0804, 0x0804, 0x0804, 0x0804,
    0x0804, 0x0804, 0x0804, 0x0804, 0x0804, 0x0804, 0x0804, 0x0804, 0x0804, 0x0804, 0x0804, 0x0804,
    0x0804, 0x0804, 0x0804, 0x0804, 0x0804, 0x0804, 0x0804, 0x0804, 0x0804, 0x0804, 0x0804, 0x0804,
    0x0804, 0x0804, 0x0804, 0x0804, 0x0804, 0x0804, 0x0804, 0x0804, 0x0804, 0x0804, 0x0804, 0x0804,
    0x0804, 0x0804, 0x0824, 0x0824, 0x0824, 0x0824, 0x0824, 0x0824, 0x0824, 0x0824, 0x0824, 0x0824,
    0x0824, 0x0824, 0x0824, 0x0824, 0x0824, 0x0824, 0x0824, 0x0824, 0x0824, 0x1024, 0x1024, 0x1024,
    0x1025, 0x0023, 0x2846, 0xE1B7, 0xF9DA, 0xF9FA, 0xA952, 0x0803, 0x1024, 0x1025, 0x1024, 0x1024,
    0x1024, 0x1024, 0x1024, 0x1024, 0x1024, 0x1004, 0x1004, 0x0804, 0x0804, 0x0804, 0x0804, 0x0804,
    0x0804, 0x0804, 0x0804, 0x0804, 0x0804, 0x0804, 0x0804, 0x0804, 0x0804, 0x0804, 0x0804, 0x0804,
    0x0804, 0x0804, 0x0804, 0x0804, 0x0804, 0x0804, 0x0804, 0x0804, 0x0804, 0x0804, 0x0804, 0x0804,
    0x0804, 0x0804, 0x0804, 0x0804, 0x0804, 0x0804, 0x1004, 0x1004, 0x1004, 0x1004, 0x1004, 0x1004,
    0x1004, 0x1004, 0x1004, 0x1825, 0x0002, 0x68AC, 0xF9FA, 0xF9D9, 0xF9FA, 0x60AC, 0x0002, 0x1024,
    0x1004, 0x1004, 0x0804, 0x0804, 0x0804, 0x0804, 0x0804, 0x0804, 0x0804, 0x0804, 0x0804, 0x0804,
    0x0804, 0x0804, 0x0804, 0x0804, 0x0804, 0x0804, 0x0804, 0x0804, 0x0804, 0x0804, 0x0804, 0x0804,
    0x0804, 0x0804, 0x0804, 0x0804, 0x0804, 0x0804, 0x0804, 0x0804, 0x0804, 0x0804, 0x0804, 0x0804,
    0x0804, 0x0804, 0x0804, 0x0804, 0x0804, 0x0804, 0x0804, 0x0804, 0x0804, 0x0804, 0x0804, 0x0804,
    0x0804, 0x0804, 0x0804, 0x0804, 0x0804, 0x0804, 0x0804, 0x0804, 0x0804, 0x0804, 0x0804, 0x0804,
    0x0804, 0x0804, 0x0804, 0x0804, 0x0804, 0x0804, 0x0804, 0x0824, 0x0824, 0x0824, 0x0824, 0x0824,
    0x0824, 0x0824, 0x0824, 0x0824, 0x0824, 0x0824, 0x0824, 0x0824, 0x0824, 0x0824, 0x0824, 0x0824,
    0x0824, 0x1024, 0x1024, 0x1024, 0x1024, 0x1025, 0x0803, 0x2846, 0xE1B7, 0xF9DA, 0xF9FA, 0xA952,
    0x0803, 0x0804, 0x1825, 0x1024, 0x1024, 0x1024, 0x1024, 0x1024, 0x1024, 0x1004, 0x1004, 0x1004,
    0x1004, 0x1004, 0x1004, 0x0804, 0x0804, 0x0804, 0x0804, 0x0804, 0x0804, 0x0804, 0x0804, 0x0804,
    0x0804, 0x0804, 0x0804, 0x0804, 0x0804, 0x0804, 0x0804, 0x0804, 0x0804, 0x0804, 0x0804, 0x0804,
    0x0804, 0x0804, 0x0804, 0x0804, 0x0804, 0x0804, 0x1004, 0x1004, 0x1004, 0x1004, 0x1004, 0x1004,
    0x1004, 0x1004, 0x1004, 0x1004, 0x1004, 0x1004, 0x1024, 0x0002, 0x68AC, 0xF9FA, 0xF9D9, 0xF9FA,
    0x60AC, 0x0002, 0x1024, 0x1004, 0x1004, 0x1004, 0x0804, 0x0804, 0x0804, 0x0804, 0x0804, 0x0804,
    0x0804, 0x0804, 0x0804, 0x0804, 0x0804, 0x0804, 0x0804, 0x0804, 0x0804, 0x0804, 0x0804, 0x0804,
    0x0804, 0x0804, 0x0804, 0x0804, 0x0804, 0x0804, 0x0804, 0x0804, 0x0804, 0x0804, 0x0804, 0x0804,
    0x0804, 0x0804, 0x0804, 0x0804, 0x0804, 0x0804, 0x0804, 0x0804, 0x0804, 0x0804, 0x0804, 0x0804,
    0x0804, 0x0804, 0x0804, 0x0804, 0x0804, 0x0804, 0x0804, 0x0804, 0x0804, 0x0804, 0x0804, 0x0804,
    0x0804, 0x0804, 0x0804, 0x0804, 0x0804, 0x0804, 0x0804, 0x0804, 0x0804, 0x0804, 0x0804, 0x0804,
    0x0824, 0x0824, 0x0824, 0x0824, 0x0824, 0x0824, 0x0824, 0x0824, 0x0824, 0x0824, 0x0824, 0x0824,
    0x0824, 0x0824, 0x0824, 0x0824, 0x0824, 0x0824, 0x1024, 0x1024, 0x1024, 0x1024, 0x1025, 0x0803,
    0x2846, 0xE1B7, 0xF9DA, 0xF9FA, 0xA953, 0x2026, 0x0003, 0x1825, 0x1024, 0x1024, 0x1024, 0x1024,
    0x1024, 0x1024, 0x1004, 0x1004, 0x1004, 0x1004, 0x1004, 0x1004, 0x1004, 0x0804, 0x0804, 0x0804,
    0x0804, 0x0804, 0x0804, 0x0804, 0x0804, 0x0804, 0x0804, 0x0804, 0x0804, 0x0804, 0x0804, 0x0804,
    0x0804, 0x0804, 0x0804, 0x0804, 0x0804, 0x0804, 0x0804, 0x1004, 0x1004, 0x1004, 0x1004, 0x1004,
    0x1004, 0x1004, 0x1004, 0x1004, 0x1004, 0x1004, 0x1004, 0x1004, 0x1825, 0x0804, 0x0803, 0x78EE,
    0xF9D9, 0xF9D9, 0xF9FA, 0x60AC, 0x0002, 0x1024, 0x1004, 0x1004, 0x1004, 0x0804, 0x0804, 0x0804,
    0x0804, 0x0804, 0x0804, 0x0804, 0x0804, 0x0804, 0x0804, 0x0804, 0x0804, 0x0804, 0x0804, 0x0804,
    0x0804, 0x0804, 0x0804, 0x0804, 0x0804, 0x0804, 0x0804, 0x0804, 0x0804, 0x0804, 0x0804, 0x0804,
    0x0804, 0x0804, 0x0804, 0x0804, 0x0804, 0x0804, 0x0804, 0x0804, 0x0804, 0x0804, 0x0804, 0x0804,
    0x0804, 0x0804, 0x0804, 0x0804, 0x0804, 0x0804, 0x0804, 0x0804, 0x0804, 0x0804, 0x0804, 0x0804,
    0x0804, 0x0804, 0x0804, 0x0804, 0x0804, 0x0804, 0x0804, 0x0804, 0x0804, 0x0804, 0x0804, 0x0804,
    0x0804, 0x0804, 0x0804, 0x0804, 0x0804, 0x0804, 0x0824, 0x0824, 0x0824, 0x0824, 0x0824, 0x0824,
    0x0824, 0x0824, 0x0824, 0x0824, 0x0824, 0x0824, 0x0824, 0x0824, 0x0824, 0x0824, 0x0824, 0x1024,
    0x1024, 0x1024, 0x1024, 0x1025, 0x0803, 0x2846, 0xE1B7, 0xF9FA, 0xF9FA, 0xE1B7, 0x4889, 0x0003,
    0x1024, 0x1025, 0x1024, 0x1024, 0x1024, 0x1024, 0x1004, 0x1004, 0x1004, 0x1004, 0x1004, 0x1004,
    0x1004, 0x1004, 0x1004, 0x1004, 0x1004, 0x0804, 0x0804, 0x0804, 0x0804, 0x0804, 0x0804, 0x0804,
    0x0804, 0x0804, 0x0804, 0x0804, 0x0804, 0x0804, 0x0804, 0x1004, 0x1004, 0x1004, 0x1004, 0x1004,
    0x1004, 0x1004, 0x1004, 0x1004, 0x1004, 0x1004, 0x1004, 0x1004, 0x1004, 0x1004, 0x1004, 0x1825,
    0x0003, 0x2026, 0xA952, 0xF9FB, 0xF9D9, 0xF9FA, 0x60AC, 0x0002, 0x1025, 0x1004, 0x1004, 0x1004,
    0x0804, 0x0804, 0x0804, 0x0804, 0x0804, 0x0804, 0x0804, 0x0804, 0x0804, 0x0804, 0x0804, 0x0804,
    0x0804, 0x0804, 0x0804, 0x0804, 0x0804, 0x0804, 0x0804, 0x0804, 0x0804, 0x0804, 0x0804, 0x0804,
    0x0804, 0x0804, 0x0804, 0x0804, 0x0804, 0x0804, 0x0804, 0x0804, 0x0804, 0x0804, 0x0804, 0x0804,
    0x0804, 0x0804, 0x0804, 0x0804, 0x0804, 0x0804, 0x0804, 0x0804, 0x0825, 0x0825, 0x0825, 0x0825,
    0x0825, 0x0825, 0x0825, 0x0825, 0x0825, 0x0825, 0x0825, 0x0825, 0x0825, 0x0825, 0x0825, 0x0825,
    0x0824, 0x0824, 0x0824, 0x0824, 0x0824, 0x0824, 0x0824, 0x0824, 0x0824, 0x0824, 0x0824, 0x0824,
    0x0824, 0x0824, 0x0824, 0x0824, 0x0824, 0x0824, 0x0824, 0x0824, 0x0824, 0x0824, 0x0824, 0x0824,
    0x0824, 0x0824, 0x0824, 0x0824, 0x1024, 0x1024, 0x1024, 0x1024, 0x1025, 0x0004, 0x2847, 0xC195,
    0xF9FA, 0xF9FA, 0xF9FA, 0x78EE, 0x0804, 0x0804, 0x1825, 0x1025, 0x1025, 0x1025, 0x1025, 0x1024,
    0x1024, 0x1024, 0x1024, 0x1024, 0x1024, 0x1024, 0x1024, 0x1024, 0x1024, 0x1024, 0x1024, 0x1024,
    0x1024, 0x1024, 0x1024, 0x1024, 0x1024, 0x1024, 0x1024, 0x1024, 0x1024, 0x1024, 0x1024, 0x1024,
    0x1024, 0x1024, 0x1024, 0x1024, 0x1024, 0x1024, 0x1024, 0x1024, 0x1024, 0x1025, 0x1025, 0x1025,
    0x1025, 0x1025, 0x1004, 0x0003, 0x4889, 0xE1B7, 0xF9FA, 0xF9FA, 0xE1D8, 0x58AB, 0x0003, 0x1025,
    0x1024, 0x1024, 0x1024, 0x0824, 0x0824, 0x0824, 0x0824, 0x0824, 0x0824, 0x0824, 0x0824, 0x0824,
    0x0824, 0x0824, 0x0824, 0x0824, 0x0824, 0x0824, 0x0824, 0x0825, 0x0825, 0x0825, 0x0825, 0x0825,
    0x0825, 0x0825, 0x0825, 0x0825, 0x0825, 0x0825, 0x0825, 0x0825, 0x0825, 0x0825, 0x0825, 0x0825,
    0x0825, 0x0825, 0x0825, 0x0825, 0x0825, 0x0825, 0x0825, 0x0825, 0x0825, 0x0825, 0x0825, 0x0825,
    0x0802, 0x0802, 0x0802, 0x0802, 0x0802, 0x0802, 0x0802, 0x0802, 0x0802, 0x0802, 0x0802, 0x0802,
    0x0802, 0x0802, 0x0802, 0x0802, 0x0802, 0x0802, 0x0802, 0x0802, 0x0802, 0x0802, 0x0802, 0x0802,
    0x0802, 0x0802, 0x0802, 0x0802, 0x0802, 0x0802, 0x0802, 0x0802, 0x0802, 0x0802, 0x0802, 0x0802,
    0x0802, 0x0802, 0x0802, 0x0802, 0x0802, 0x0802, 0x0802, 0x0802, 0x0802, 0x1003, 0x1003, 0x1003,
    0x1003, 0x1003, 0x0802, 0x0802, 0x90AF, 0xF998, 0xF9B9, 0xF9FA, 0xC174, 0x3067, 0x0003, 0x1003,
    0x1003, 0x1003, 0x1003, 0x1003, 0x1003, 0x1003, 0x1003, 0x1003, 0x1003, 0x1003, 0x1003, 0x1003,
    0x1003, 0x1003, 0x1003, 0x1003, 0x1003, 0x1003, 0x1003, 0x1003, 0x1003, 0x1003, 0x1003, 0x1003,
    0x1003, 0x1003, 0x1003, 0x1003, 0x1003, 0x1003, 0x1003, 0x1003, 0x1003, 0x1003, 0x1003, 0x1003,
    0x1003, 0x1003, 0x1003, 0x1003, 0x1003, 0x0003, 0x1825, 0x9110, 0xF9FA, 0xF9D9, 0xF999, 0xC113,
    0x2805, 0x0001, 0x1003, 0x1003, 0x1003, 0x1003, 0x0802, 0x0802, 0x0802, 0x0802, 0x0802, 0x0802,
    0x0802, 0x0802, 0x0802, 0x0802, 0x0802, 0x0802, 0x0802, 0x0802, 0x0802, 0x0802, 0x0802, 0x0802,
    0x0802, 0x0802, 0x0802, 0x0802, 0x0802, 0x0802, 0x0802, 0x0802, 0x0802, 0x0802, 0x0802, 0x0802,
    0x0802, 0x0802, 0x0802, 0x0802, 0x0802, 0x0802, 0x0802, 0x0802, 0x0802, 0x0802, 0x0802, 0x0802,
    0x0802, 0x0802, 0x0802, 0x0802, 0x0ACF, 0x0ACF, 0x0ACF, 0x0ACF, 0x0ACF, 0x0ACF, 0x0ACF, 0x0ACF,
    0x0ACF, 0x0ACF, 0x0AAF, 0x0AAF, 0x0AAF, 0x0AAF, 0x0AAF, 0x0AAF, 0x0AAF, 0x0AAF, 0x0AAE, 0x0AAE,
    0x0AAE, 0x0A8E, 0x0A8E, 0x0A8E, 0x0A8E, 0x0A8E, 0x0A8E, 0x0A8E, 0x0A8E, 0x0A6E, 0x0A6E, 0x0A6E,
    0x0A6D, 0x0A6D, 0x0A6D, 0x0A6D, 0x0A4D, 0x0A4D, 0x0A4D, 0x0A4D, 0x0A2D, 0x0A2C, 0x0A2C, 0x0A0C,
    0x0A0C, 0x120C, 0x11EC, 0x11EB, 0x11EB, 0x11EB, 0x11EB, 0x11CB, 0x01A9, 0x6272, 0xE27B, 0xF9DA,
    0xF9FA, 0xF1D9, 0x9110, 0x1949, 0x09AA, 0x11AB, 0x19AB, 0x19AB, 0x11AB, 0x11AB, 0x11AB, 0x11AB,
    0x11CB, 0x11CB, 0x11CB, 0x11CB, 0x11CB, 0x11CB, 0x11CB, 0x11CB, 0x118A, 0x118A, 0x118A, 0x11AB,
    0x11EC, 0x118A, 0x118A, 0x11AB, 0x11CB, 0x11CB, 0x11CB, 0x11CB, 0x11CB, 0x11CB, 0x11CB, 0x11CB,
    0x11AB, 0x11AB, 0x11AB, 0x11AB, 0x19AB, 0x19AB, 0x19AB, 0x09AA, 0x0989, 0x610D, 0xD997, 0xF9FA,
    0xF9DA, 0xFA1B, 0x92B6, 0x09AA, 0x09CB, 0x19EC, 0x11EB, 0x11EB, 0x11EC, 0x11EC, 0x120C, 0x0A0C,
    0x0A2C, 0x0A2C, 0x0A2D, 0x0A4D, 0x0A4D, 0x0A6D, 0x0A6D, 0x0A6E, 0x0A8E, 0x0A8E, 0x0A8E, 0x0AAE,
    0x0AAE, 0x0AAF, 0x0AAF, 0x0AAF, 0x0AAF, 0x0AAF, 0x0AAF, 0x0ACF, 0x0ACF, 0x0ACF, 0x0ACF, 0x0ACF,
    0x0ACF, 0x0ACF, 0x0ACF, 0x0ACF, 0x0ACF, 0x0ACF, 0x0ACF, 0x0ACF, 0x0ACF, 0x0ACF, 0x0ACF, 0x0ACF,
    0x0ACF, 0x0ACF, 0x0ACF, 0x0ACF, 0x0ACF, 0x0ACF, 0x0ACF, 0x0ACF, 0x0ACF, 0x0ACF, 0x0ACF, 0x0ACF,
    0x0ACF, 0x0ACF, 0x0ACF, 0x0ACF, 0x0ACF, 0x0ACF, 0x0AAF, 0x0AAF, 0x0AAF, 0x0AAF, 0x0AAF, 0x0AAF,
    0x0AAF, 0x0AAF, 0x0AAF, 0x0AAE, 0x0AAE, 0x0A8E, 0x0A8E, 0x0A8E, 0x0A8E, 0x0A8E, 0x0A8E, 0x0A8E,
    0x0A8E, 0x0A8E, 0x0A6E, 0x0A6E, 0x0A6E, 0x0A6D, 0x0A6D, 0x0A6D, 0x0A4D, 0x0A4D, 0x0A4D, 0x0A4D,
    0x0A2D, 0x0A2C, 0x0A2C, 0x0A0C, 0x0A0C, 0x0A0C, 0x11EC, 0x11EB, 0x11EB, 0x11EB, 0x11CB, 0x11CB,
    0x19CB, 0x01CA, 0x2129, 0xA932, 0xF9FA, 0xF9FA, 0xF9DA, 0xDA7A, 0x7A74, 0x19AB, 0x0189, 0x11AA,
    0x19AB, 0x19AB, 0x19AB, 0x11AB, 0x11CB, 0x11CB, 0x11CB, 0x11CB, 0x11CB, 0x11AA, 0x118A, 0x11AA,
    0x12CF, 0x1C35, 0x1CB7, 0x1C96, 0x1CB7, 0x1C96, 0x1331, 0x120C, 0x118A, 0x118A, 0x11CB, 0x11CB,
    0x11CB, 0x11CB, 0x11CB, 0x11CB, 0x11AB, 0x11AB, 0x19AB, 0x19AB, 0x11AB, 0x0989, 0x098A, 0x5230,
    0xC2B9, 0xF9FA, 0xF9FA, 0xF9FA, 0xD996, 0x48EB, 0x01AA, 0x11CB, 0x11CB, 0x11CB, 0x11EB, 0x11EB,
    0x11EC, 0x120C, 0x0A0C, 0x0A0C, 0x0A2C, 0x0A2C, 0x0A2D, 0x0A4D, 0x0A4D, 0x0A6D, 0x0A6E, 0x0A6E,
    0x0A8E, 0x0A8E, 0x0A8E, 0x0AAE, 0x0AAF, 0x0AAF, 0x0AAF, 0x0AAF, 0x0AAF, 0x0AAF, 0x0AAF, 0x0ACF,
    0x0ACF, 0x0ACF, 0x0ACF, 0x0ACF, 0x0ACF, 0x0ACF, 0x0ACF, 0x0ACF, 0x0ACF, 0x0ACF, 0x0ACF, 0x0ACF,
    0x0ACF, 0x0ACF, 0x0ACF, 0x0ACF, 0x0ACF, 0x0ACF, 0x0ACF, 0x0ACF, 0x0ACF, 0x0ACF, 0x0ACF, 0x0ACF,
    0x0802, 0x0802, 0x0802, 0x0802, 0x0802, 0x0802, 0x0802, 0x0802, 0x0802, 0x0802, 0x0802, 0x0802,
    0x0802, 0x0802, 0x0802, 0x0802, 0x0802, 0x0802, 0x0802, 0x0802, 0x0802, 0x0802, 0x0802, 0x0802,
    0x0802, 0x0802, 0x0802, 0x0802, 0x0802, 0x0802, 0x0802, 0x0802, 0x0802, 0x0802, 0x0802, 0x0802,
    0x0802, 0x0802, 0x0802, 0x0802, 0x0802, 0x0802, 0x0802, 0x0802, 0x0802, 0x0803, 0x0803, 0x0803,
    0x0803, 0x0803, 0x1003, 0x1003, 0x1003, 0x1003, 0x0803, 0x0003, 0x60AB, 0xD9B7, 0xF9FA, 0xF9B9,
    0xF999, 0xD955, 0x708C, 0x3006, 0x0001, 0x0802, 0x1003, 0x1003, 0x1003, 0x1003, 0x1003, 0x1002,
    0x1002, 0x1065, 0x11AA, 0x1AF0, 0x1C14, 0x1C35, 0x1C35, 0x1C55, 0x1C35, 0x1C55, 0x1C35, 0x1BB3,
    0x122D, 0x10C7, 0x1003, 0x1002, 0x1002, 0x1003, 0x1003, 0x1003, 0x1003, 0x1003, 0x0802, 0x0001,
    0x1804, 0x584A, 0xB912, 0xF998, 0xF9B9, 0xF9FA, 0xF1D9, 0x9110, 0x1024, 0x0003, 0x1003, 0x1003,
    0x1003, 0x1003, 0x0803, 0x0803, 0x0803, 0x0803, 0x0802, 0x0802, 0x0802, 0x0802, 0x0802, 0x0802,
    0x0802, 0x0802, 0x0802, 0x0802, 0x0802, 0x0802, 0x0802, 0x0802, 0x0802, 0x0802, 0x0802, 0x0802,
    0x0802, 0x0802, 0x0802, 0x0802, 0x0802, 0x0802, 0x0802, 0x0802, 0x0802, 0x0802, 0x0802, 0x0802,
    0x0802, 0x0802, 0x0802, 0x0802, 0x0802, 0x0802, 0x0802, 0x0802, 0x0802, 0x0802, 0x0802, 0x0802,
    0x0802, 0x0802, 0x0802, 0x0802, 0x0825, 0x0825, 0x0825, 0x0825, 0x0825, 0x0825, 0x0825, 0x0825,
    0x0825, 0x0825, 0x0825, 0x0825, 0x0825, 0x0825, 0x0825, 0x0825, 0x0825, 0x0825, 0x0825, 0x0825,
    0x0825, 0x0825, 0x0825, 0x0824, 0x0824, 0x0824, 0x0824, 0x0824, 0x0824, 0x0824, 0x0824, 0x0824,
    0x0824, 0x0824, 0x0824, 0x0824, 0x0824, 0x0824, 0x0824, 0x0824, 0x0824, 0x0824, 0x0824, 0x0824,
    0x0824, 0x0824, 0x0824, 0x0824, 0x0824, 0x0824, 0x0824, 0x1024, 0x1024, 0x1024, 0x1025, 0x1004,
    0x0003, 0x1024, 0x78CD, 0xF1D9, 0xF9FB, 0xF9FA, 0xF9FB, 0xF1D9, 0x9931, 0x4089, 0x1025, 0x0003,
    0x0003, 0x0803, 0x1066, 0x198A, 0x1B31, 0x1C35, 0x1C96, 0x1C76, 0x1C55, 0x1C55, 0x1C14, 0x1BF4,
    0x1C35, 0x1BD4, 0x1C55, 0x1C76, 0x1C96, 0x1C76, 0x1BB3, 0x1A6E, 0x18C7, 0x1004, 0x1003, 0x0804,
    0x0003, 0x0804, 0x3068, 0x70EE, 0xD9B7, 0xF9FA, 0xF9FB, 0xF9FA, 0xF9FA, 0xA932, 0x2846, 0x0003,
    0x1004, 0x1025, 0x1024, 0x1024, 0x1024, 0x1024, 0x0824, 0x0824, 0x0824, 0x0824, 0x0824, 0x0824,
    0x0824, 0x0824, 0x0824, 0x0824, 0x0824, 0x0824, 0x0824, 0x0824, 0x0824, 0x0824, 0x0824, 0x0825,
    0x0825, 0x0825, 0x0825, 0x0825, 0x0825, 0x0825, 0x0825, 0x0825, 0x0825, 0x0825, 0x0825, 0x0825,
    0x0825, 0x0825, 0x0825, 0x0825, 0x0825, 0x0825, 0x0825, 0x0825, 0x0825, 0x0825, 0x0825, 0x0825,
    0x0825, 0x0825, 0x0825, 0x0825, 0x0825, 0x0825, 0x0825, 0x0825, 0x0804, 0x0804, 0x0804, 0x0804,
    0x0804, 0x0804, 0x0804, 0x0804, 0x0804, 0x0804, 0x0804, 0x0804, 0x0804, 0x0804, 0x0804, 0x0804,
    0x0804, 0x0804, 0x0804, 0x0804, 0x0804, 0x0804, 0x0804, 0x0804, 0x0804, 0x0804, 0x0804, 0x0804,
    0x0804, 0x0804, 0x0804, 0x0804, 0x0804, 0x0804, 0x0804, 0x0804, 0x0804, 0x0804, 0x0804, 0x0804,
    0x0804, 0x0804, 0x0804, 0x0804, 0x0804, 0x0804, 0x0804, 0x0804, 0x0804, 0x0804, 0x0804, 0x0804,
    0x1004, 0x1004, 0x1004, 0x1004, 0x1025, 0x1004, 0x0003, 0x3047, 0x9110, 0xD996, 0xF9FA, 0xF9FA,
    0xF9FA, 0xF9FA, 0xD196, 0x9110, 0x58AA, 0x2A2E, 0x13F4, 0x0C75, 0x0C14, 0x13B3, 0x1C14, 0x1C14,
    0x1C35, 0x1AF0, 0x1AF0, 0x1AF0, 0x1AD0, 0x1AF0, 0x1BB3, 0x1C14, 0x1C35, 0x1C35, 0x1475, 0x0C96,
    0x0C54, 0x0B71, 0x21AB, 0x4889, 0x78EE, 0xC174, 0xF1D9, 0xF9FA, 0xF9FA, 0xF9FA, 0xF1B8, 0xA952,
    0x508A, 0x0803, 0x0803, 0x1025, 0x1004, 0x1004, 0x1004, 0x1004, 0x0804, 0x0804, 0x0804, 0x0804,
    0x0804, 0x0804, 0x0804, 0x0804, 0x0804, 0x0804, 0x0804, 0x0804, 0x0804, 0x0804, 0x0804, 0x0804,
    0x0804, 0x0804, 0x0804, 0x0804, 0x0804, 0x0804, 0x0804, 0x0804, 0x0804, 0x0804, 0x0804, 0x0804,
    0x0804, 0x0804, 0x0804, 0x0804, 0x0804, 0x0804, 0x0804, 0x0804, 0x0804, 0x0804, 0x0804, 0x0804,
    0x0804, 0x0804, 0x0804, 0x0804, 0x0804, 0x0804, 0x0804, 0x0804, 0x0804, 0x0804, 0x0804, 0x0804,
    0x0824, 0x0824, 0x0824, 0x0824, 0x0824, 0x0824, 0x0824, 0x0824, 0x0824, 0x0824, 0x0824, 0x0824,
    0x0824, 0x0824, 0x0824, 0x0824, 0x0824, 0x0824, 0x0824, 0x0824, 0x0824, 0x0824, 0x0824, 0x0824,
    0x0824, 0x0824, 0x0824, 0x0824, 0x0824, 0x0824, 0x0824, 0x0824, 0x0824, 0x0824, 0x0824, 0x0824,
    0x0824, 0x0824, 0x0824, 0x0824, 0x0824, 0x0824, 0x0824, 0x0824, 0x0824, 0x0824, 0x0824, 0x0824,
    0x0824, 0x0824, 0x0824, 0x0824, 0x0824, 0x1024, 0x1024, 0x1024, 0x1024, 0x1024, 0x1025, 0x0804,
    0x0003, 0x1825, 0x70AD, 0xC133, 0xF9B9, 0xF9DA, 0xF9FA, 0xF9FA, 0xF9FA, 0xEA3A, 0xC258, 0x9214,
    0x6293, 0x5314, 0x2331, 0x2B32, 0x12CF, 0x020B, 0x0A4C, 0x0A2C, 0x0A2C, 0x0A2C, 0x0A0B, 0x0B10,
    0x2B52, 0x2372, 0x3B54, 0x6376, 0x7B37, 0xB2B9, 0xEA59, 0xF9FA, 0xF9FA, 0xF9DA, 0xF9DA, 0xF9B9,
    0xD976, 0x9110, 0x3067, 0x0003, 0x0003, 0x1024, 0x1024, 0x1024, 0x1024, 0x1024, 0x1024, 0x0824,
    0x0824, 0x0824, 0x0824, 0x0824, 0x0824, 0x0824, 0x0824, 0x0824, 0x0824, 0x0824, 0x0824, 0x0824,
    0x0824, 0x0824, 0x0824, 0x0824, 0x0824, 0x0824, 0x0824, 0x0824, 0x0824, 0x0824, 0x0824, 0x0824,
    0x0824, 0x0824, 0x0824, 0x0824, 0x0824, 0x0824, 0x0824, 0x0824, 0x0824, 0x0824, 0x0824, 0x0824,
    0x0824, 0x0824, 0x0824, 0x0824, 0x0824, 0x0824, 0x0824, 0x0824, 0x0824, 0x0824, 0x0824, 0x0824,
    0x0824, 0x0824, 0x0824, 0x0824, 0x0803, 0x0803, 0x0803, 0x0803, 0x0803, 0x0803, 0x0803, 0x0803,
    0x0803, 0x0803, 0x0803, 0x0803, 0x0803, 0x0803, 0x0803, 0x0803, 0x0803, 0x0803, 0x0803, 0x0803,
    0x0803, 0x0803, 0x0803, 0x0803, 0x0803, 0x0803, 0x0803, 0x0803, 0x0803, 0x0803, 0x0803, 0x0803,
    0x0803, 0x0803, 0x0803, 0x0803, 0x0803, 0x0803, 0x0803, 0x0803, 0x0803, 0x0803, 0x0803, 0x0803,
    0x0803, 0x0803, 0x0803, 0x0803, 0x0803, 0x0803, 0x0803, 0x0803, 0x0803, 0x0803, 0x0803, 0x1003,
    0x1003, 0x1004, 0x1004, 0x1004, 0x1004, 0x1003, 0x0044, 0x09AA, 0x4AB2, 0x91F3, 0xD196, 0xF9B9,
    0xF999, 0xF9BA, 0xF9B9, 0xF9BA, 0xF9B9, 0xF9B9, 0xE9F8, 0xE9F9, 0xC1B5, 0xA9F5, 0xB1B4, 0xB1F5,
    0xB1F5, 0xB1F5, 0xA994, 0xB216, 0xE9D8, 0xE9D8, 0xF1D8, 0xF9B9, 0xF9B9, 0xF999, 0xF9B9, 0xF9B9,
    0xF9B9, 0xE9F9, 0xB256, 0x62B3, 0x1908, 0x0002, 0x0802, 0x1004, 0x1004, 0x1004, 0x1004, 0x1003,
    0x1003, 0x0803, 0x0803, 0x0803, 0x0803, 0x0803, 0x0803, 0x0803, 0x0803, 0x0803, 0x0803, 0x0803,
    0x0803, 0x0803, 0x0803, 0x0803, 0x0803, 0x0803, 0x0803, 0x0803, 0x0803, 0x0803, 0x0803, 0x0803,
    0x0803, 0x0803, 0x0803, 0x0803, 0x0803, 0x0803, 0x0803, 0x0803, 0x0803, 0x0803, 0x0803, 0x0803,
    0x0803, 0x0803, 0x0803, 0x0803, 0x0803, 0x0803, 0x0803, 0x0803, 0x0803, 0x0803, 0x0803, 0x0803,
    0x0803, 0x0803, 0x0803, 0x0803, 0x0803, 0x0803, 0x0803, 0x0803, 0x08E8, 0x08E8, 0x08E8, 0x08E8,
    0x08E8, 0x08E8, 0x08E8, 0x08E8, 0x08E8, 0x08E8, 0x08E8, 0x08E8, 0x08E8, 0x08E8, 0x08E8, 0x08E8,
    0x08E8, 0x08E8, 0x08E8, 0x08E8, 0x08E8, 0x08E8, 0x08E8, 0x08E8, 0x08E8, 0x08E8, 0x08E8, 0x08E8,
    0x08E8, 0x08E8, 0x08E8, 0x08E8, 0x08E8, 0x08E8, 0x08E8, 0x08E8, 0x08E7, 0x08E7, 0x08E7, 0x08E7,
    0x08E7, 0x08E7, 0x08E7, 0x08E7, 0x08C7, 0x08C7, 0x08C7, 0x08C7, 0x08C7, 0x08C7, 0x08C7, 0x08C7,
    0x08C7, 0x08C7, 0x08C7, 0x08C7, 0x10A6, 0x1086, 0x1086, 0x1065, 0x116A, 0x126E, 0x1B10, 0x1B72,
    0x0A8D, 0x030F, 0x1ACF, 0x49EF, 0x7A54, 0xB216, 0xEA39, 0xF1F9, 0xF9FA, 0xF9B9, 0xF9DA, 0xF9DA,
    0xF9DA, 0xF9DA, 0xF9DA, 0xF9DA, 0xF9DA, 0xF9DA, 0xF9DA, 0xF9DA, 0xF9BA, 0xF9FB, 0xF9BA, 0xF9FA,
    0xF9F9, 0xEA39, 0xC238, 0x9296, 0x5AD3, 0x2AF1, 0x0B0F, 0x0ACE, 0x1392, 0x1ACF, 0x122C, 0x10E7,
    0x1086, 0x1066, 0x1086, 0x10C7, 0x08C7, 0x08C7, 0x08A7, 0x08C7, 0x08C7, 0x08C7, 0x08C7, 0x08C7,
    0x08C7, 0x08C7, 0x08C7, 0x08C7, 0x08C7, 0x08E7, 0x08E7, 0x08E7, 0x08E7, 0x08E7, 0x08E7, 0x08E8,
    0x08E8, 0x08E8, 0x08E8, 0x08E8, 0x08E8, 0x08E8, 0x08E8, 0x08E8, 0x08E8, 0x08E8, 0x08E8, 0x08E8,
    0x08E8, 0x08E8, 0x08E8, 0x08E8, 0x08E8, 0x08E8, 0x08E8, 0x08E8, 0x08E8, 0x08E8, 0x08E8, 0x08E8,
    0x08E8, 0x08E8, 0x08E8, 0x08E8, 0x08E8, 0x08E8, 0x08E8, 0x08E8, 0x08E8, 0x08E8, 0x08E8, 0x08E8,
    0x0C35, 0x0C35, 0x0C35, 0x0C35, 0x0C35, 0x0C35, 0x0C35, 0x0C35, 0x0C35, 0x0C35, 0x0C35, 0x0C35,
    0x0C35, 0x0C35, 0x0C35, 0x0C35, 0x0C35, 0x0C35, 0x0C35, 0x0C15, 0x0C14, 0x0C14, 0x0C14, 0x0C14,
    0x0C14, 0x0C14, 0x0C14, 0x0C14, 0x0C14, 0x0C14, 0x0C14, 0x0C14, 0x0C14, 0x0C14, 0x0C14, 0x0C14,
    0x0C14, 0x0BF4, 0x0BF4, 0x0BF4, 0x0BF4, 0x0BD3, 0x0BD3, 0x0BD3, 0x0BB3, 0x0BB2, 0x0B92, 0x0B92,
    0x0B72, 0x0B71, 0x0B51, 0x0B51, 0x0B51, 0x0B31, 0x0AEF, 0x0AEF, 0x1330, 0x13D3, 0x13D3, 0x1392,
    0x1455, 0x1392, 0x13F4, 0x12CF, 0x1C14, 0x1AF0, 0x13F4, 0x0B51, 0x0B91, 0x0C13, 0x22D0, 0x3BF6,
    0x59F0, 0x9AD7, 0xB194, 0xA993, 0xDA38, 0xE9B8, 0xE9D8, 0xE9B8, 0xE9F8, 0xE9B7, 0xE9F8, 0xE9B7,
    0xB256, 0xA932, 0xAA76, 0x69F1, 0x4B55, 0x2352, 0x1392, 0x03F3, 0x0B50, 0x1414, 0x1B72, 0x1B72,
    0x1331, 0x13F4, 0x13F4, 0x1414, 0x1392, 0x1435, 0x1351, 0x12CF, 0x12CF, 0x0B10, 0x0B31, 0x0B51,
    0x0B51, 0x0B51, 0x0B71, 0x0B72, 0x0B92, 0x0B92, 0x0BB2, 0x0BB3, 0x0BD3, 0x0BD3, 0x0BD3, 0x0BF4,
    0x0BF4, 0x0BF4, 0x0C14, 0x0C14, 0x0C14, 0x0C14, 0x0C14, 0x0C14, 0x0C14, 0x0C35, 0x0C35, 0x0C35,
    0x0C35, 0x0C35, 0x0C35, 0x0C35, 0x0C35, 0x0C35, 0x0C35, 0x0C35, 0x0C35, 0x0C35, 0x0C35, 0x0C35,
    0x0C35, 0x0C35, 0x0C35, 0x0C35, 0x0C35, 0x0C35, 0x0C35, 0x0C35, 0x0C35, 0x0C35, 0x0C35, 0x0C35,
    0x0C35, 0x0C35, 0x0C35, 0x0C35, 0x0803, 0x0803, 0x0803, 0x0803, 0x0803, 0x0803, 0x0803, 0x0803,
    0x0803, 0x0803, 0x0803, 0x0803, 0x0803, 0x0803, 0x0803, 0x0803, 0x0803, 0x0803, 0x0803, 0x0803,
    0x0803, 0x0803, 0x0803, 0x0803, 0x0803, 0x0803, 0x0803, 0x0803, 0x0803, 0x0803, 0x0803, 0x0803,
    0x0803, 0x0803, 0x0803, 0x0803, 0x0803, 0x0803, 0x0803, 0x0803, 0x0803, 0x0803, 0x0803, 0x0803,
    0x0803, 0x0803, 0x0803, 0x0803, 0x0803, 0x0803, 0x0803, 0x0802, 0x0802, 0x0803, 0x08C6, 0x098A,
    0x0A2C, 0x12CF, 0x124D, 0x122D, 0x11EC, 0x120C, 0x120C, 0x11CB, 0x116A, 0x128E, 0x11EC, 0x11CC,
    0x1ACF, 0x10A7, 0x12CF, 0x0969, 0x0169, 0x0AEF, 0x0003, 0x026D, 0x18C7, 0x21AC, 0x218B, 0x2066,
    0x22AF, 0x2024, 0x228F, 0x2067, 0x09AA, 0x0148, 0x0189, 0x02CE, 0x0886, 0x1330, 0x1108, 0x1A4E,
    0x1A4D, 0x120C, 0x12AF, 0x124D, 0x118A, 0x120C, 0x120C, 0x122D, 0x124D, 0x126E, 0x0ACF, 0x09CB,
    0x0907, 0x0844, 0x0802, 0x0802, 0x0803, 0x0803, 0x0803, 0x0803, 0x0803, 0x0803, 0x0803, 0x0803,
    0x0803, 0x0803, 0x0803, 0x0803, 0x0803, 0x0803, 0x0803, 0x0803, 0x0803, 0x0803, 0x0803, 0x0803,
    0x0803, 0x0803, 0x0803, 0x0803, 0x0803, 0x0803, 0x0803, 0x0803, 0x0803, 0x0803, 0x0803, 0x0803,
    0x0803, 0x0803, 0x0803, 0x0803, 0x0803, 0x0803, 0x0803, 0x0803, 0x0803, 0x0803, 0x0803, 0x0803,
    0x0803, 0x0803, 0x0803, 0x0803, 0x0803, 0x0803, 0x0803, 0x0803, 0x0825, 0x0825, 0x0825, 0x0825,
    0x0825, 0x0825, 0x0825, 0x0825, 0x0825, 0x0803, 0x0803, 0x0803, 0x0803, 0x0825, 0x0825, 0x0825,
    0x0825, 0x0825, 0x0825, 0x0825, 0x0825, 0x0825, 0x0825, 0x0825, 0x0825, 0x0825, 0x0825, 0x0825,
    0x0825, 0x0825, 0x0825, 0x0825, 0x0825, 0x0825, 0x0825, 0x0825, 0x0825, 0x0825, 0x0825, 0x0825,
    0x0825, 0x0825, 0x0825, 0x0825, 0x0825, 0x0825, 0x0825, 0x0825, 0x0825, 0x0825, 0x0824, 0x08A7,
    0x0A0C, 0x0A8E, 0x0ACF, 0x0ACF, 0x0A6D, 0x0A4D, 0x126E, 0x11EB, 0x124D, 0x124D, 0x1189, 0x124D,
    0x12D0, 0x11AB, 0x122D, 0x1310, 0x10C6, 0x1310, 0x11EC, 0x10A7, 0x1BB3, 0x1024, 0x198B, 0x1A2D,
    0x1002, 0x12F0, 0x1086, 0x1066, 0x12F0, 0x0802, 0x120C, 0x11CB, 0x1003, 0x1B11, 0x1025, 0x1A6E,
    0x1A4D, 0x10A6, 0x1372, 0x10E8, 0x122D, 0x12CF, 0x116A, 0x12F0, 0x12AF, 0x11EC, 0x124D, 0x124D,
    0x122D, 0x126E, 0x126E, 0x0AEF, 0x0B2F, 0x0AAF, 0x0A4D, 0x0969, 0x0865, 0x0824, 0x0825, 0x0825,
    0x0825, 0x0825, 0x0825, 0x0825, 0x0825, 0x0825, 0x0825, 0x0825, 0x0825, 0x0825, 0x0825, 0x0825,
    0x0825, 0x0825, 0x0825, 0x0825, 0x0825, 0x0825, 0x0825, 0x0825, 0x0825, 0x0825, 0x0825, 0x0825,
    0x0825, 0x0825, 0x0825, 0x0825, 0x0825, 0x0825, 0x0825, 0x0825, 0x0825, 0x0825, 0x0825, 0x0825,
    0x0825, 0x0825, 0x0825, 0x0825, 0x0825, 0x0825, 0x0825, 0x0825, 0x0825, 0x0825, 0x0825, 0x0825,
    0x0804, 0x0804, 0x0804, 0x0804, 0x0804, 0x0804, 0x0804, 0x0824, 0x0804, 0x11AA, 0x128D, 0x128D,
    0x11AA, 0x0803, 0x0823, 0x0823, 0x0823, 0x0823, 0x0823, 0x0823, 0x0823, 0x0823, 0x0823, 0x0823,
    0x0823, 0x0823, 0x0823, 0x0823, 0x0823, 0x0823, 0x0823, 0x0823, 0x0823, 0x0823, 0x0823, 0x0823,
    0x0823, 0x0823, 0x0823, 0x0823, 0x0823, 0x0823, 0x0823, 0x0823, 0x0823, 0x0823, 0x0823, 0x0823,
    0x0823, 0x0823, 0x0988, 0x0AAE, 0x0967, 0x09A9, 0x0A0B, 0x0906, 0x0968, 0x0A2B, 0x0884, 0x0948,
    0x09EA, 0x0842, 0x0989, 0x0A8D, 0x0822, 0x0989, 0x0A4C, 0x0802, 0x0A4C, 0x0989, 0x0802, 0x0A8D,
    0x08E6, 0x0802, 0x09EB, 0x0865, 0x0843, 0x11EB, 0x0823, 0x0865, 0x11EA, 0x0802, 0x08E6, 0x09A9,
    0x0801, 0x0948, 0x0948, 0x0802, 0x0AAE, 0x0885, 0x08C6, 0x0ACE, 0x0843, 0x0989, 0x0A4C, 0x0823,
    0x0A2B, 0x0A0B, 0x0885, 0x09EB, 0x08C6, 0x0906, 0x0A4C, 0x0926, 0x0948, 0x0A4C, 0x0968, 0x09EA,
    0x0A4C, 0x0843, 0x0803, 0x0823, 0x0823, 0x0823, 0x0823, 0x0823, 0x0823, 0x0823, 0x0823, 0x0823,
    0x0823, 0x0823, 0x0823, 0x0823, 0x0823, 0x0823, 0x0823, 0x0823, 0x0823, 0x0823, 0x0823, 0x0823,
    0x0823, 0x0823, 0x0823, 0x0823, 0x0823, 0x0823, 0x0823, 0x0823, 0x0823, 0x0823, 0x0823, 0x0823,
    0x0823, 0x0823, 0x0823, 0x0823, 0x0823, 0x0823, 0x0823, 0x0804, 0x0804, 0x0804, 0x0804, 0x0804,
    0x0804, 0x0804, 0x0804, 0x0804, 0x0804, 0x0804, 0x0804, 0x0804, 0x0804, 0x0804, 0x0804, 0x0825,
    0x0802, 0x1D18, 0x2FFF, 0x2FFF, 0x1D16, 0x0000, 0x0041, 0x0021, 0x0021, 0x0021, 0x0021, 0x0021,
    0x0021, 0x0021, 0x0021, 0x0021, 0x0021, 0x0021, 0x0021, 0x0021, 0x0021, 0x0021, 0x0021, 0x0021,
    0x0021, 0x0021, 0x0021, 0x0021, 0x0021, 0x0021, 0x0021, 0x0021, 0x0021, 0x0021, 0x0021, 0x0021,
    0x0021, 0x0021, 0x0021, 0x0021, 0x0021, 0x0021, 0x0021, 0x0000, 0x0000, 0x0021, 0x0000, 0x0000,
    0x0021, 0x0000, 0x0000, 0x0021, 0x0000, 0x0021, 0x0021, 0x0000, 0x0021, 0x0021, 0x0000, 0x0021,
    0x0000, 0x0000, 0x0021, 0x0000, 0x0000, 0x0021, 0x0000, 0x0021, 0x0021, 0x0000, 0x0021, 0x0021,
    0x0000, 0x0021, 0x0000, 0x0000, 0x0021, 0x0000, 0x0000, 0x0021, 0x0000, 0x0021, 0x0000, 0x0000,
    0x0021, 0x0000, 0x0000, 0x0021, 0x0000, 0x0021, 0x0000, 0x0000, 0x0021, 0x0000, 0x0000, 0x0001,
    0x0000, 0x0001, 0x0000, 0x0000, 0x0001, 0x0021, 0x0021, 0x0021, 0x0021, 0x0021, 0x0021, 0x0021,
    0x0021, 0x0021, 0x0021, 0x0021, 0x0021, 0x0021, 0x0021, 0x0021, 0x0021, 0x0021, 0x0021, 0x0021,
    0x0021, 0x0021, 0x0021, 0x0021, 0x0021, 0x0021, 0x0021, 0x0021, 0x0021, 0x0021, 0x0021, 0x0021,
    0x0021, 0x0021, 0x0021, 0x0021, 0x0021, 0x0021, 0x0021, 0x0021, 0x0021, 0x0021, 0x0021, 0x0804,
    0x0804, 0x0804, 0x0804, 0x0804, 0x0804, 0x0804, 0x0804, 0x0804, 0x0825, 0x0825, 0x0825, 0x0825,
    0x0825, 0x0825, 0x0825, 0x0845, 0x0803, 0x1CB6, 0x2F5F, 0x2F5F, 0x1CB5, 0x0000, 0x0042, 0x0021,
    0x0021, 0x0021, 0x0021, 0x0021, 0x0021, 0x0021, 0x0021, 0x0021, 0x0021, 0x0021, 0x0021, 0x0021,
    0x0021, 0x0021, 0x0021, 0x0021, 0x0021, 0x0021, 0x0021, 0x0021, 0x0021, 0x0021, 0x0021, 0x0021,
    0x0021, 0x0021, 0x0021, 0x0021, 0x0021, 0x0021, 0x0021, 0x0021, 0x0021, 0x0021, 0x0021, 0x0021,
    0x0021, 0x0021, 0x0021, 0x0021, 0x0021, 0x0021, 0x0021, 0x0021, 0x0021, 0x0021, 0x0021, 0x0021,
    0x0021, 0x0021, 0x0021, 0x0021, 0x0021, 0x0021, 0x0021, 0x0021, 0x0021, 0x0021, 0x0021, 0x0021,
    0x0021, 0x0021, 0x0021, 0x0021, 0x0021, 0x0021, 0x0021, 0x0021, 0x0021, 0x0021, 0x0021, 0x0021,
    0x0021, 0x0021, 0x0021, 0x0021, 0x0021, 0x0021, 0x0021, 0x0021, 0x0021, 0x0021, 0x0021, 0x0021,
    0x0021, 0x0021, 0x0021, 0x0021, 0x0021, 0x0021, 0x0021, 0x0021, 0x0021, 0x0021, 0x0021, 0x0021,
    0x0021, 0x0021, 0x0021, 0x0021, 0x0021, 0x0021, 0x0021, 0x0021, 0x0021, 0x0021, 0x0021, 0x0021,
    0x0021, 0x0021, 0x0021, 0x0021, 0x0021, 0x0021, 0x0021, 0x0021, 0x0021, 0x0021, 0x0021, 0x0021,
    0x0021, 0x0021, 0x0021, 0x0021, 0x0021, 0x0021, 0x0021, 0x0021, 0x0021, 0x0021, 0x0021, 0x0021,
    0x0021, 0x0021, 0x0021, 0x0824, 0x0825, 0x0825, 0x0825, 0x0825, 0x0825, 0x0825, 0x0825, 0x0825,
    0x0803, 0x0803, 0x0803, 0x0803, 0x0803, 0x0803, 0x0803, 0x0803, 0x0801, 0x1CB6, 0x2F7F, 0x2F7F,
    0x1CD5, 0x0000, 0x0042, 0x0021, 0x0021, 0x0021, 0x0021, 0x0021, 0x0021, 0x0021, 0x0021, 0x0021,
    0x0021, 0x0021, 0x0021, 0x0021, 0x0021, 0x0021, 0x0021, 0x0021, 0x0021, 0x0021, 0x0021, 0x0021,
    0x0021, 0x0021, 0x0021, 0x0021, 0x0021, 0x0021, 0x0021, 0x0021, 0x0021, 0x0021, 0x0021, 0x0021,
    0x0021, 0x0021, 0x0021, 0x0021, 0x0021, 0x0021, 0x0021, 0x0021, 0x0021, 0x0021, 0x0021, 0x0021,
    0x0021, 0x0021, 0x0021, 0x0021, 0x0021, 0x0021, 0x0021, 0x0021, 0x0021, 0x0021, 0x0021, 0x0021,
    0x0021, 0x0021, 0x0021, 0x0021, 0x0021, 0x0021, 0x0021, 0x0021, 0x0021, 0x0021, 0x0021, 0x0021,
    0x0021, 0x0021, 0x0021, 0x0021, 0x0021, 0x0021, 0x0021, 0x0021, 0x0021, 0x0021, 0x0021, 0x0021,
    0x0021, 0x0021, 0x0021, 0x0021, 0x0021, 0x0021, 0x0021, 0x0021, 0x0021, 0x0021, 0x0021, 0x0021,
    0x0021, 0x0021, 0x0021, 0x0021, 0x0021, 0x0021, 0x0021, 0x0021, 0x0021, 0x0021, 0x0021, 0x0021,
    0x0021, 0x0021, 0x0021, 0x0021, 0x0021, 0x0021, 0x0021, 0x0021, 0x0021, 0x0021, 0x0021, 0x0021,
    0x0021, 0x0021, 0x0021, 0x0021, 0x0021, 0x0021, 0x0021, 0x0021, 0x0021, 0x0021, 0x0021, 0x0021,
    0x0021, 0x0021, 0x0021, 0x0021, 0x0021, 0x0021, 0x0021, 0x0803, 0x0803, 0x0803, 0x0803, 0x0803,
    0x0803, 0x0803, 0x0803, 0x0803, 0x0C35, 0x0C35, 0x0C35, 0x0C35, 0x0C35, 0x0C35, 0x0C35, 0x0C35,
    0x0C14, 0x1E1C, 0x2F3F, 0x2F7F, 0x1CD5, 0x0000, 0x0042, 0x0021, 0x0021, 0x0021, 0x0021, 0x0021,
    0x0021, 0x0021, 0x0021, 0x0021, 0x0021, 0x0021, 0x0021, 0x0021, 0x0021, 0x0021, 0x0021, 0x0021,
    0x0021, 0x0021, 0x0021, 0x0021, 0x0021, 0x0021, 0x0021, 0x0021, 0x0021, 0x0021, 0x0021, 0x0021,
    0x0021, 0x0021, 0x0021, 0x0021, 0x0021, 0x0021, 0x0021, 0x0021, 0x0021, 0x0021, 0x0021, 0x0021,
    0x0021, 0x0021, 0x0021, 0x0021, 0x0021, 0x0021, 0x0021, 0x0021, 0x0021, 0x0021, 0x0021, 0x0021,
    0x0021, 0x0021, 0x0021, 0x0021, 0x0021, 0x0021, 0x0021, 0x0021, 0x0021, 0x0021, 0x0021, 0x0021,
    0x0021, 0x0021, 0x0021, 0x0021, 0x0021, 0x0021, 0x0021, 0x0021, 0x0021, 0x0021, 0x0021, 0x0021,
    0x0021, 0x0021, 0x0021, 0x0021, 0x0021, 0x0021, 0x0021, 0x0021, 0x0021, 0x0021, 0x0021, 0x0021,
    0x0021, 0x0021, 0x0021, 0x0021, 0x0021, 0x0021, 0x0021, 0x0021, 0x0021, 0x0021, 0x0021, 0x0021,
    0x0021, 0x0021, 0x0021, 0x0021, 0x0021, 0x0021, 0x0021, 0x0021, 0x0021, 0x0021, 0x0021, 0x0021,
    0x0021, 0x0021, 0x0021, 0x0021, 0x0021, 0x0021, 0x0021, 0x0021, 0x0021, 0x0021, 0x0021, 0x0021,
    0x0021, 0x0021, 0x0021, 0x0021, 0x0021, 0x0021, 0x0021, 0x0021, 0x0021, 0x0001, 0x0062, 0x0BF3,
    0x0C35, 0x0C15, 0x0C35, 0x0C35, 0x0C35, 0x0C35, 0x0C35, 0x0C35, 0x08E8, 0x08E8, 0x08E8, 0x08E8,
    0x08E8, 0x08E8, 0x08E8, 0x0908, 0x08C6, 0x1D18, 0x2F5F, 0x2F7F, 0x1CD5, 0x0000, 0x0042, 0x0021,
    0x0021, 0x0021, 0x0021, 0x0021, 0x0021, 0x0021, 0x0021, 0x0021, 0x0021, 0x0021, 0x0021, 0x0021,
    0x0021, 0x0021, 0x0021, 0x0021, 0x0021, 0x0021, 0x0021, 0x0021, 0x0021, 0x0021, 0x0021, 0x0021,
    0x0021, 0x0021, 0x0021, 0x0021, 0x0021, 0x0021, 0x0021, 0x0021, 0x0021, 0x0021, 0x0021, 0x0021,
    0x0021, 0x0021, 0x0021, 0x0021, 0x0021, 0x0021, 0x0021, 0x0021, 0x0021, 0x0021, 0x0021, 0x0021,
    0x0021, 0x0021, 0x0021, 0x0021, 0x0021, 0x0021, 0x0021, 0x0021, 0x0021, 0x0021, 0x0021, 0x0021,
    0x0021, 0x0021, 0x0021, 0x0021, 0x0021, 0x0021, 0x0021, 0x0021, 0x0021, 0x0021, 0x0021, 0x0021,
    0x0021, 0x0021, 0x0021, 0x0021, 0x0021, 0x0021, 0x0021, 0x0021, 0x0021, 0x0021, 0x0021, 0x0021,
    0x0021, 0x0021, 0x0021, 0x0021, 0x0021, 0x0021, 0x0021, 0x0021, 0x0021, 0x0021, 0x0021, 0x0021,
    0x0021, 0x0021, 0x0021, 0x0021, 0x0021, 0x0021, 0x0021, 0x0021, 0x0021, 0x0021, 0x0021, 0x0021,
    0x0021, 0x0021, 0x0021, 0x0021, 0x0021, 0x0021, 0x0021, 0x0021, 0x0021, 0x0021, 0x0021, 0x0021,
    0x0021, 0x0021, 0x0021, 0x0021, 0x0021, 0x0021, 0x0021, 0x0021, 0x0021, 0x0021, 0x0021, 0x0021,
    0x0021, 0x0021, 0x0022, 0x08E7, 0x08E8, 0x08E8, 0x08E8, 0x08E8, 0x08E8, 0x08E8, 0x08E8, 0x08E8,
    0x0803, 0x0803, 0x0803, 0x0803, 0x0803, 0x0803, 0x0803, 0x0804, 0x0802, 0x1CB6, 0x2F7F, 0x2F7F,
    0x1CD5, 0x0000, 0x0042, 0x0021, 0x0021, 0x0021, 0x0021, 0x0041, 0x0042, 0x0021, 0x0021, 0x0021,
    0x0021, 0x0021, 0x0042, 0x0021, 0x0021, 0x0021, 0x0042, 0x0042, 0x0042, 0x0042, 0x0042, 0x0041,
    0x0042, 0x0021, 0x0021, 0x0021, 0x0021, 0x0021, 0x0042, 0x0042, 0x0042, 0x0042, 0x0021, 0x0021,
    0x0021, 0x0021, 0x0021, 0x0042, 0x0041, 0x0021, 0x0021, 0x0021, 0x0021, 0x0041, 0x0042, 0x0021,
    0x0021, 0x0021, 0x0021, 0x0021, 0x0021, 0x0021, 0x0021, 0x0042, 0x0042, 0x0042, 0x0042, 0x0021,
    0x0021, 0x0021, 0x0021, 0x0041, 0x0042, 0x0021, 0x0021, 0x0021, 0x0021, 0x0021, 0x0042, 0x0042,
    0x0042, 0x0042, 0x0021, 0x0021, 0x0021, 0x0021, 0x0021, 0x0042, 0x0041, 0x0021, 0x0021, 0x0021,
    0x0021, 0x0042, 0x0041, 0x0021, 0x0021, 0x0021, 0x0021, 0x0021, 0x0041, 0x0042, 0x0021, 0x0021,
    0x0021, 0x0021, 0x0021, 0x0021, 0x0042, 0x0041, 0x0021, 0x0021, 0x0021, 0x0021, 0x0021, 0x0021,
    0x0021, 0x0021, 0x0021, 0x0021, 0x0021, 0x0021, 0x0021, 0x0021, 0x0021, 0x0021, 0x0021, 0x0021,
    0x0021, 0x0021, 0x0021, 0x0021, 0x0021, 0x0021, 0x0021, 0x0021, 0x0021, 0x0021, 0x0021, 0x0021,
    0x0021, 0x0021, 0x0021, 0x0021, 0x0021, 0x0021, 0x0021, 0x0803, 0x0803, 0x0803, 0x0803, 0x0803,
    0x0803, 0x0803, 0x0803, 0x0803, 0x0824, 0x0824, 0x0824, 0x0824, 0x0824, 0x0824, 0x0824, 0x0825,
    0x0803, 0x1CD6, 0x2F7F, 0x2F7F, 0x1CD5, 0x0000, 0x0042, 0x0021, 0x0021, 0x0021, 0x0021, 0x0000,
    0x0000, 0x0000, 0x0021, 0x0021, 0x0021, 0x0000, 0x0000, 0x0000, 0x0021, 0x0000, 0x0000, 0x0000,
    0x0000, 0x0000, 0x0000, 0x0000, 0x0000, 0x0000, 0x0021, 0x0021, 0x0021, 0x0000, 0x0000, 0x0000,
    0x0000, 0x0000, 0x0000, 0x0021, 0x0021, 0x0021, 0x0001, 0x0000, 0x0000, 0x0021, 0x0021, 0x0021,
    0x0021, 0x0000, 0x0000, 0x0001, 0x0021, 0x0021, 0x0021, 0x0021, 0x0021, 0x0021, 0x0000, 0x0000,
    0x0000, 0x0000, 0x0000, 0x0000, 0x0021, 0x0021, 0x0021, 0x0000, 0x0000, 0x0001, 0x0021, 0x0021,
    0x0021, 0x0000, 0x0000, 0x0000, 0x0000, 0x0000, 0x0000, 0x0021, 0x0021, 0x0021, 0x0000, 0x0000,
    0x0000, 0x0021, 0x0021, 0x0021, 0x0001, 0x0000, 0x0000, 0x0021, 0x0021, 0x0021, 0x0021, 0x0001,
    0x0000, 0x0000, 0x0000, 0x0021, 0x0021, 0x0021, 0x0021, 0x0001, 0x0000, 0x0000, 0x0021, 0x0021,
    0x0021, 0x0021, 0x0021, 0x0021, 0x0021, 0x0021, 0x0021, 0x0021, 0x0021, 0x0021, 0x0021, 0x0021,
    0x0021, 0x0021, 0x0021, 0x0021, 0x0021, 0x0021, 0x0021, 0x0021, 0x0021, 0x0021, 0x0021, 0x0021,
    0x0021, 0x0021, 0x0021, 0x0021, 0x0021, 0x0021, 0x0021, 0x0021, 0x0021, 0x0021, 0x0021, 0x0824,
    0x0824, 0x0824, 0x0824, 0x0824, 0x0824, 0x0824, 0x0824, 0x0824, 0x0804, 0x0804, 0x0804, 0x0804,
    0x0804, 0x0804, 0x0804, 0x0825, 0x0803, 0x1CD6, 0x2F7F, 0x2F7F, 0x1CD5, 0x0000, 0x0042, 0x0021,
    0x0021, 0x0021, 0x0842, 0x8C92, 0xAD75, 0x31C8, 0x0000, 0x0842, 0x0000, 0x5AEC, 0xAD75, 0x4249,
    0x0000, 0x31A7, 0xAD75, 0xA535, 0xAD56, 0xAD56, 0xAD56, 0xA555, 0xAD96, 0x5AEC, 0x0000, 0x0042,
    0x0000, 0x2125, 0x73CF, 0xA535, 0xA535, 0x7BF0, 0x2966, 0x0000, 0x0041, 0x0000, 0x2966, 0xAD75,
    0x94D4, 0x0862, 0x0021, 0x0021, 0x0041, 0x8C92, 0xA555, 0x10C4, 0x0000, 0x0021, 0x0021, 0x0021,
    0x0021, 0x0000, 0x18E4, 0x73AF, 0xA515, 0xA535, 0x7BF0, 0x2946, 0x0000, 0x0001, 0x0862, 0x9CF4,
    0xA555, 0x18E4, 0x0000, 0x0021, 0x0000, 0x31A7, 0x8410, 0xA535, 0xA515, 0x7BCF, 0x2966, 0x0000,
    0x0042, 0x0000, 0x5B0D, 0xAD75, 0x6B6E, 0x0000, 0x0042, 0x0000, 0x2946, 0xAD75, 0x7BF0, 0x0000,
    0x0021, 0x0021, 0x0001, 0x10A3, 0x9CF4, 0xAD55, 0x4A6A, 0x0000, 0x0041, 0x0021, 0x0000, 0x2146,
    0xAD75, 0x8C93, 0x0042, 0x0021, 0x0021, 0x0021, 0x0021, 0x0021, 0x0021, 0x0021, 0x0021, 0x0021,
    0x0021, 0x0021, 0x0021, 0x0021, 0x0021, 0x0021, 0x0021, 0x0021, 0x0021, 0x0021, 0x0021, 0x0021,
    0x0021, 0x0021, 0x0021, 0x0021, 0x0021, 0x0021, 0x0021, 0x0021, 0x0021, 0x0021, 0x0021, 0x0021,
    0x0021, 0x0021, 0x0021, 0x0804, 0x0804, 0x0804, 0x0804, 0x0804, 0x0804, 0x0804, 0x0804, 0x0804,
    0x0825, 0x0825, 0x0825, 0x0825, 0x0825, 0x0825, 0x0825, 0x0845, 0x0803, 0x1CD7, 0x2F7F, 0x2F7F,
    0x1CD5, 0x0000, 0x0042, 0x0021, 0x0021, 0x0001, 0x0862, 0xE71D, 0xFFFF, 0xBE19, 0x0001, 0x0842,
    0x0000, 0x8C93, 0xFFFF, 0x6B8F, 0x0000, 0x4A8B, 0xFFFF, 0xFFFF, 0xF7DF, 0xF7DF, 0xF7DF, 0xF7BF,
    0xFFFF, 0x8431, 0x0000, 0x0000, 0x5B0C, 0xF79E, 0xFFFF, 0xFFFF, 0xFFFF, 0xFFFF, 0xFFDF, 0x73AF,
    0x0000, 0x0000, 0x424A, 0xFFFF, 0xFFFF, 0x738F, 0x0000, 0x0021, 0x0042, 0xE71D, 0xFFFF, 0x2125,
    0x0000, 0x0021, 0x0021, 0x0021, 0x0000, 0x2946, 0xDF1C, 0xFFFF, 0xFFFF, 0xFFFF, 0xFFFF, 0xEF7E,
    0x4229, 0x0000, 0x10A3, 0xF7DF, 0xFFFF, 0x2966, 0x0000, 0x0000, 0x8431, 0xFFFF, 0xFFFF, 0xFFDF,
    0xFFFF, 0xFFFF, 0xF79E, 0x5AEC, 0x0000, 0x0000, 0x94D4, 0xFFFF, 0xF7BF, 0x2946, 0x0000, 0x0000,
    0x3A08, 0xFFFF, 0xC619, 0x0000, 0x0021, 0x0042, 0x0000, 0x5AEC, 0xFFFF, 0xFFFF, 0xC639, 0x0000,
    0x0021, 0x0041, 0x0000, 0x3A08, 0xFFFF, 0xE73D, 0x0862, 0x0001, 0x0021, 0x0021, 0x0021, 0x0021,
    0x0021, 0x0021, 0x0021, 0x0021, 0x0021, 0x0021, 0x0021, 0x0021, 0x0021, 0x0021, 0x0021, 0x0021,
    0x0021, 0x0021, 0x0021, 0x0021, 0x0021, 0x0021, 0x0021, 0x0021, 0x0021, 0x0021, 0x0021, 0x0021,
    0x0021, 0x0021, 0x0021, 0x0021, 0x0021, 0x0021, 0x0021, 0x0825, 0x0825, 0x0825, 0x0825, 0x0825,
    0x0825, 0x0825, 0x0825, 0x0825, 0x0802, 0x0802, 0x0802, 0x0802, 0x0802, 0x0802, 0x0802, 0x0803,
    0x0800, 0x1C96, 0x2F7F, 0x2F7F, 0x1CD5, 0x0000, 0x0042, 0x0021, 0x0021, 0x0001, 0x0862, 0xD6BB,
    0xFFDF, 0xFFFF, 0x52CB, 0x0000, 0x0000, 0x8431, 0xFFDF, 0x634E, 0x0000, 0x424A, 0xFFDF, 0xCE5A,
    0x10A3, 0x1083, 0x10A3, 0x10A3, 0x10A3, 0x0862, 0x0000, 0x39E8, 0xFFDF, 0xFFFF, 0x73D0, 0x18C4,
    0x10A3, 0x630D, 0xF79E, 0xFFFF, 0x52CC, 0x0000, 0x4229, 0xF7DF, 0xFFDF, 0xE73D, 0x10C3, 0x0000,
    0x0842, 0xCE9B, 0xF7BF, 0x2105, 0x0000, 0x0021, 0x0021, 0x0041, 0x0000, 0x9CF4, 0xFFFF, 0x8431,
    0x18C3, 0x18C3, 0x8C72, 0xFFFF, 0xDF1D, 0x0041, 0x1083, 0xE73D, 0xF7BF, 0x2966, 0x0000, 0x6B6E,
    0xFFFF, 0xE73D, 0x52AB, 0x10A3, 0x18E4, 0x8431, 0xFFFF, 0xFFFF, 0x2966, 0x0000, 0x8C93, 0xFFDF,
    0xFFFF, 0xA535, 0x0000, 0x0000, 0x39E8, 0xFFDF, 0xB5B7, 0x0000, 0x0021, 0x0021, 0x0000, 0xBDF8,
    0xE75D, 0xBDF8, 0xFFDF, 0x31A7, 0x0000, 0x0842, 0x0000, 0x39C8, 0xFFDF, 0xD6BB, 0x0862, 0x0001,
    0x0021, 0x0021, 0x0021, 0x0021, 0x0021, 0x0021, 0x0021, 0x0021, 0x0021, 0x0021, 0x0021, 0x0021,
    0x0021, 0x0021, 0x0021, 0x0021, 0x0021, 0x0021, 0x0021, 0x0021, 0x0021, 0x0021, 0x0021, 0x0021,
    0x0021, 0x0021, 0x0021, 0x0021, 0x0021, 0x0021, 0x0021, 0x0021, 0x0021, 0x0021, 0x0021, 0x0802,
    0x0802, 0x0802, 0x0802, 0x0802, 0x0802, 0x0802, 0x0802, 0x0802, 0x0ACF, 0x0ACF, 0x0ACF, 0x0ACF,
    0x0ACF, 0x0ACF, 0x0ACF, 0x0ACF, 0x0AAE, 0x1DBA, 0x2F3F, 0x2F7F, 0x1CD5, 0x0000, 0x0042, 0x0021,
    0x0021, 0x0001, 0x0862, 0xDEDC, 0xEF9E, 0xE71D, 0xD6BB, 0x0862, 0x0000, 0x8452, 0xFFFF, 0x634E,
    0x0000, 0x4A4A, 0xFFFF, 0xC639, 0x0000, 0x0000, 0x0000, 0x0000, 0x0000, 0x0001, 0x0000, 0xAD56,
    0xFFFF, 0x9493, 0x0000, 0x0001, 0x0001, 0x0000, 0x73AF, 0xFFFF, 0xC659, 0x0000, 0x4229, 0xFFFF,
    0xD6DC, 0xFFFF, 0x8C93, 0x0000, 0x0862, 0xD6BB, 0xF7DF, 0x2105, 0x0000, 0x0021, 0x0021, 0x0021,
    0x0000, 0xB5B7, 0xFFDF, 0x6B6E, 0x0000, 0x0000, 0x0021, 0xA515, 0xA535, 0x1083, 0x0862, 0xE75E,
    0xF7DF, 0x2146, 0x0041, 0xDEFC, 0xFFFF, 0x52AB, 0x0000, 0x0021, 0x0000, 0x0001, 0x8431, 0x8410,
    0x2146, 0x0000, 0x9493, 0xFFFF, 0xD6BB, 0xFFFF, 0x3A09, 0x0000, 0x39E8, 0xFFFF, 0xB5B7, 0x0000,
    0x0042, 0x0000, 0x2146, 0xFFFF, 0xAD56, 0x52AB, 0xFFFF, 0x8C72, 0x0000, 0x0842, 0x0000, 0x39E8,
    0xFFFF, 0xD6BB, 0x0862, 0x0001, 0x0021, 0x0021, 0x0021, 0x0021, 0x0021, 0x0021, 0x0021, 0x0021,
    0x0021, 0x0021, 0x0021, 0x0021, 0x0021, 0x0021, 0x0021, 0x0021, 0x0021, 0x0021, 0x0021, 0x0021,
    0x0021, 0x0021, 0x0021, 0x0021, 0x0021, 0x0021, 0x0021, 0x0021, 0x0021, 0x0021, 0x0021, 0x0021,
    0x0021, 0x0021, 0x0042, 0x0A8E, 0x0ACF, 0x0AAF, 0x0ACF, 0x0ACF, 0x0ACF, 0x0ACF, 0x0ACF, 0x0ACF,
    0x0ACF, 0x0ACF, 0x0ACF, 0x0ACF, 0x0ACF, 0x0ACF, 0x0ACF, 0x0ACF, 0x0AAE, 0x1DBA, 0x2F3F, 0x2F7F,
    0x1CD5, 0x0000, 0x0042, 0x0021, 0x0021, 0x0001, 0x0842, 0xDEFC, 0xE75D, 0x5B0D, 0xFFFF, 0x73AF,
    0x0000, 0x8C72, 0xFFFF, 0x634E, 0x0000, 0x4A4A, 0xFFFF, 0xE75D, 0xAD76, 0xAD76, 0xAD76, 0xAD76,
    0xAD56, 0x18E4, 0x0041, 0xDEFC, 0xFFFF, 0x4229, 0x0000, 0x0842, 0x0042, 0x0000, 0x2966, 0xF7DF,
    0xF79F, 0x1083, 0x39C8, 0xFFFF, 0x9D15, 0x8C93, 0xFFFF, 0x2105, 0x0001, 0xD6BB, 0xF7DF, 0x2105,
    0x0000, 0x0021, 0x0021, 0x0042, 0x0000, 0x6B6E, 0xFFFF, 0xFFFF, 0xBE18, 0x8410, 0x4229, 0x0000,
    0x0000, 0x0001, 0x1083, 0xE75E, 0xFFDF, 0x1905, 0x2987, 0xFFFF, 0xE73D, 0x0883, 0x0021, 0x0021,
    0x0000, 0x0000, 0x0000, 0x0000, 0x0000, 0x0000, 0x8C72, 0xFFFF, 0x634E, 0xD6DC, 0xC65A, 0x0000,
    0x39E8, 0xFFFF, 0xB5B7, 0x0000, 0x0842, 0x0000, 0x7BF0, 0xFFFF, 0x6B6E, 0x10A3, 0xF7DF, 0xE73D,
    0x1083, 0x0021, 0x0000, 0x39E8, 0xFFFF, 0xD6BB, 0x0862, 0x0001, 0x0021, 0x0021, 0x0021, 0x0021,
    0x0021, 0x0021, 0x0021, 0x0021, 0x0021, 0x0021, 0x0021, 0x0021, 0x0021, 0x0021, 0x0021, 0x0021,
    0x0021, 0x0021, 0x0021, 0x0021, 0x0021, 0x0021, 0x0021, 0x0021, 0x0021, 0x0021, 0x0021, 0x0021,
    0x0021, 0x0021, 0x0021, 0x0021, 0x0021, 0x0021, 0x0042, 0x0A8E, 0x0ACF, 0x0AAF, 0x0ACF, 0x0ACF,
    0x0ACF, 0x0ACF, 0x0ACF, 0x0ACF, 0x0802, 0x0802, 0x0802, 0x0802, 0x0802, 0x0802, 0x0802, 0x0803,
    0x0801, 0x1C96, 0x2F7F, 0x2F7F, 0x1CD5, 0x0000, 0x0042, 0x0021, 0x0021, 0x0001, 0x0842, 0xDEDC,
    0xF7BF, 0x1083, 0xB5B7, 0xEF9E, 0x0041, 0x8431, 0xFFFF, 0x634E, 0x0000, 0x4A6A, 0xFFFF, 0xF7BF,
    0xF7DF, 0xF7DF, 0xF7DF, 0xF7DF, 0xF7BF, 0x2145, 0x0882, 0xEF7E, 0xFFFF, 0x31A7, 0x0000, 0x0021,
    0x0021, 0x0000, 0x18E4, 0xEF7E, 0xFFFF, 0x2125, 0x31C7, 0xFFFF, 0xA556, 0x10A3, 0xF7DF, 0xA535,
    0x0000, 0xD6DB, 0xF7DF, 0x2105, 0x0000, 0x0021, 0x0021, 0x0021, 0x0021, 0x0041, 0x8452, 0xEF7E,
    0xFFFF, 0xFFFF, 0xFFFF, 0xDEDB, 0x4A6A, 0x0000, 0x10A3, 0xE75E, 0xFFFF, 0x18E4, 0x4229, 0xFFFF,
    0xCE9B, 0x0862, 0x0000, 0x10A3, 0xA535, 0xAD76, 0xA556, 0xAD76, 0x5AEC, 0x0000, 0x8C93, 0xFFFF,
    0x4A6A, 0x4A8B, 0xFFFF, 0x4229, 0x2966, 0xFFFF, 0xB5B7, 0x0000, 0x0021, 0x0842, 0xD6BB, 0xFFFF,
    0x31A7, 0x0000, 0xBE19, 0xFFFF, 0x5AEC, 0x0000, 0x0000, 0x39E8, 0xFFFF, 0xD6BB, 0x0862, 0x0001,
    0x0021, 0x0021, 0x0021, 0x0021, 0x0021, 0x0021, 0x0021, 0x0021, 0x0021, 0x0021, 0x0021, 0x0021,
    0x0021, 0x0021, 0x0021, 0x0021, 0x0021, 0x0021, 0x0021, 0x0021, 0x0021, 0x0021, 0x0021, 0x0021,
    0x0021, 0x0021, 0x0021, 0x0021, 0x0021, 0x0021, 0x0021, 0x0021, 0x0021, 0x0021, 0x0021, 0x0802,
    0x0802, 0x0802, 0x0802, 0x0802, 0x0802, 0x0802, 0x0802, 0x0802, 0x0825, 0x0825, 0x0825, 0x0825,
    0x0825, 0x0825, 0x0845, 0x0845, 0x0802, 0x1CB6, 0x2F7F, 0x2F7F, 0x1CD5, 0x0000, 0x0042, 0x0021,
    0x0021, 0x0001, 0x0842, 0xD6DC, 0xF7DF, 0x1083, 0x2966, 0xFFFF, 0x73AF, 0x73AF, 0xFFFF, 0x634E,
    0x0000, 0x4A4A, 0xFFFF, 0xCE7A, 0x0883, 0x0882, 0x0883, 0x0883, 0x0883, 0x0001, 0x1083, 0xE73D,
    0xFFFF, 0x39E8, 0x0000, 0x0041, 0x0021, 0x0000, 0x2125, 0xF7BF, 0xF7DF, 0x18E4, 0x31C8, 0xFFFF,
    0xB5B7, 0x0000, 0x8431, 0xFFFF, 0x39C8, 0xC659, 0xFFDF, 0x2105, 0x0000, 0x0021, 0x0021, 0x0021,
    0x0001, 0x0000, 0x0000, 0x18E4, 0x5AEC, 0x9493, 0xD6DB, 0xFFFF, 0xF7BF, 0x2105, 0x0862, 0xEF5E,
    0xFFFF, 0x18E4, 0x31C8, 0xFFFF, 0xDEFC, 0x0883, 0x0000, 0x18E4, 0xEF7E, 0xFFFF, 0xFFFF, 0xFFFF,
    0x8C72, 0x0000, 0x8C93, 0xFFFF, 0x5B0C, 0x0000, 0xD6DB, 0xCE7A, 0x39C8, 0xFFFF, 0xB5B7, 0x0000,
    0x0000, 0x424A, 0xFFFF, 0xD6BB, 0x18C4, 0x0861, 0x8431, 0xFFFF, 0xB5D8, 0x0000, 0x0000, 0x39E8,
    0xFFFF, 0xD6BB, 0x0862, 0x0001, 0x0021, 0x0021, 0x0021, 0x0021, 0x0021, 0x0021, 0x0021, 0x0021,
    0x0021, 0x0021, 0x0021, 0x0021, 0x0021, 0x0021, 0x0021, 0x0021, 0x0021, 0x0021, 0x0021, 0x0021,
    0x0021, 0x0021, 0x0021, 0x0021, 0x0021, 0x0021, 0x0021, 0x0021, 0x0021, 0x0021, 0x0021, 0x0021,
    0x0021, 0x0021, 0x0021, 0x0824, 0x0845, 0x0825, 0x0825, 0x0825, 0x0825, 0x0825, 0x0825, 0x0825,
    0x0804, 0x0804, 0x0804, 0x0825, 0x0825, 0x0804, 0x0803, 0x0804, 0x08E7, 0x1D9A, 0x2F5F, 0x2F7F,
    0x1CD5, 0x0000, 0x0042, 0x0021, 0x0021, 0x0001, 0x0842, 0xD6DC, 0xF7BF, 0x1905, 0x0000, 0xA535,
    0xEF9E, 0xA556, 0xFFFF, 0x6B6E, 0x0000, 0x4A4A, 0xFFFF, 0xCE5A, 0x0021, 0x0021, 0x0021, 0x0021,
    0x0021, 0x0021, 0x0021, 0xC619, 0xFFFF, 0x73AF, 0x0000, 0x0842, 0x0842, 0x0000, 0x52AB, 0xFFFF,
    0xDEFC, 0x0001, 0x39E8, 0xFFFF, 0xAD97, 0x0000, 0x1083, 0xE75D, 0xC639, 0xCE7A, 0xF7DF, 0x2105,
    0x0000, 0x0021, 0x0021, 0x0001, 0x0882, 0x6B6E, 0x8C93, 0x0021, 0x0000, 0x0000, 0x0862, 0xC639,
    0xFFFF, 0x5AEC, 0x0001, 0xEF7E, 0xF7DF, 0x2125, 0x0882, 0xEF7E, 0xFFDF, 0x39C8, 0x0000, 0x0862,
    0x10A3, 0x0020, 0x94B3, 0xFFDF, 0x7C11, 0x0000, 0x8C93, 0xFFFF, 0x632D, 0x0000, 0x4A8B, 0xFFFF,
    0xA535, 0xFFFF, 0xBDD8, 0x0000, 0x0000, 0xA535, 0xFFFF, 0xFFFF, 0xF7DF, 0xF7DF, 0xFFFF, 0xFFFF,
    0xF7BF, 0x31A7, 0x0000, 0x39E8, 0xFFFF, 0xD6BB, 0x0862, 0x0021, 0x0842, 0x0042, 0x0042, 0x0021,
    0x0021, 0x0021, 0x0021, 0x0021, 0x0021, 0x0021, 0x0021, 0x0021, 0x0021, 0x0021, 0x0021, 0x0021,
    0x0021, 0x0021, 0x0021, 0x0021, 0x0021, 0x0021, 0x0021, 0x0021, 0x0021, 0x0021, 0x0021, 0x0021,
    0x0021, 0x0021, 0x0021, 0x0021, 0x0021, 0x0021, 0x0042, 0x0845, 0x0803, 0x0804, 0x0825, 0x0825,
    0x0825, 0x0804, 0x0804, 0x0804, 0x0825, 0x0825, 0x0804, 0x0803, 0x0803, 0x08C7, 0x0A0C, 0x0B31,
    0x0A8E, 0x1D99, 0x2F5F, 0x2F7F, 0x1CD5, 0x0000, 0x0042, 0x0021, 0x0021, 0x0001, 0x0842, 0xD6DC,
    0xF7BF, 0x18E4, 0x0000, 0x2125, 0xF79E, 0xF7BF, 0xFFFF, 0x6B6E, 0x0000, 0x4A4A, 0xFFFF, 0xC639,
    0x0000, 0x0000, 0x0000, 0x0000, 0x0000, 0x0000, 0x0000, 0x6B4E, 0xFFFF, 0xE71C, 0x31C8, 0x0000,
    0x0000, 0x2125, 0xCE9A, 0xFFFF, 0x8451, 0x0000, 0x4229, 0xFFFF, 0xAD96, 0x0000, 0x0000, 0x6B4E,
    0xFFFF, 0xF7BF, 0xEF9E, 0x2125, 0x0000, 0x0021, 0x0021, 0x0001, 0x1083, 0xEF7E, 0xFFFF, 0x6B6E,
    0x0000, 0x0000, 0x1083, 0xCE7A, 0xFFFF, 0x4A6A, 0x0021, 0xEF7E, 0xF7DF, 0x2966, 0x0000, 0x94B3,
    0xFFFF, 0xBE18, 0x18E4, 0x0000, 0x0000, 0x18E4, 0xBDF8, 0xFFFF, 0x8C72, 0x0000, 0x8C93, 0xFFFF,
    0x5B0C, 0x0000, 0x0000, 0xB5D8, 0xFFFF, 0xFFFF, 0xB5D8, 0x0000, 0x18E4, 0xEF7E, 0xF7DF, 0xAD96,
    0xA556, 0xAD76, 0xA555, 0xD6BB, 0xFFFF, 0x8C52, 0x0000, 0x39E8, 0xFFFF, 0xD6BB, 0x0000, 0x0000,
    0x0000, 0x0000, 0x0000, 0x0001, 0x0021, 0x0021, 0x0021, 0x0021, 0x0021, 0x0021, 0x0021, 0x0021,
    0x0021, 0x0021, 0x0021, 0x0021, 0x0021, 0x0021, 0x0021, 0x0021, 0x0021, 0x0021, 0x0021, 0x0021,
    0x0021, 0x0021, 0x0021, 0x0021, 0x0021, 0x0021, 0x0021, 0x0021, 0x0021, 0x0001, 0x0063, 0x0AF0,
    0x0ACF, 0x0908, 0x0804, 0x0803, 0x0804, 0x0825, 0x0825, 0x0825, 0x0804, 0x0802, 0x0824, 0x0969,
    0x0AEF, 0x0ACF, 0x09EB, 0x08A6, 0x0800, 0x1C75, 0x2F7F, 0x2F7F, 0x1CD5, 0x0000, 0x0042, 0x0021,
    0x0021, 0x0001, 0x0842, 0xDEFC, 0xF7DF, 0x18E4, 0x0001, 0x0000, 0x8431, 0xFFFF, 0xFFFF, 0x6B6E,
    0x0000, 0x4A6A, 0xFFFF, 0xEF5E, 0xAD56, 0xAD56, 0xAD56, 0xA556, 0xAD96, 0x7BD0, 0x0000, 0x0021,
    0xA555, 0xFFFF, 0xFFFF, 0xB5D8, 0xB597, 0xF7BF, 0xFFFF, 0xBDF8, 0x0882, 0x0000, 0x4209, 0xFFFF,
    0xB5B7, 0x0000, 0x0021, 0x0841, 0xCE7A, 0xFFFF, 0xEF9F, 0x2125, 0x0000, 0x0021, 0x0021, 0x0041,
    0x0000, 0x634D, 0xFFFF, 0xFFFF, 0xBE19, 0xAD56, 0xE73D, 0xFFFF, 0xCE7A, 0x0862, 0x0883, 0xEF7E,
    0xFFFF, 0x2966, 0x0000, 0x10A3, 0xC639, 0xFFFF, 0xEF9E, 0xAD97, 0xBDD8, 0xF7DF, 0xFFFF, 0xFFDF,
    0x5B0C, 0x0000, 0x9493, 0xFFFF, 0x5B0D, 0x0000, 0x0000, 0x31C8, 0xFFDF, 0xFFFF, 0xBDF8, 0x0000,
    0x6B8E, 0xFFFF, 0xC619, 0x0000, 0x0000, 0x0000, 0x0000, 0x52CC, 0xFFFF, 0xDF1D, 0x0041, 0x39C8,
    0xFFFF, 0xEF9E, 0xAD76, 0xAD56, 0xAD56, 0xAD56, 0xAD76, 0x2145, 0x0000, 0x0021, 0x0021, 0x0021,
    0x0021, 0x0021, 0x0021, 0x0021, 0x0021, 0x0021, 0x0021, 0x0021, 0x0021, 0x0021, 0x0021, 0x0021,
    0x0021, 0x0021, 0x0021, 0x0021, 0x0021, 0x0021, 0x0021, 0x0021, 0x0021, 0x0021, 0x0021, 0x0021,
    0x0021, 0x0021, 0x0001, 0x0803, 0x0949, 0x0A8E, 0x0ACF, 0x0A2D, 0x0886, 0x0802, 0x0803, 0x0804,
    0x0908, 0x0B51, 0x0BF4, 0x0B31, 0x09AB, 0x0886, 0x0825, 0x0886, 0x098A, 0x1DDA, 0x2F3F, 0x2F7F,
    0x1CD5, 0x0000, 0x0042, 0x0021, 0x0021, 0x0001, 0x0842, 0xCE7A, 0xE73D, 0x18E4, 0x0001, 0x0021,
    0x10A3, 0xCE9A, 0xEF9E, 0x632D, 0x0000, 0x4249, 0xEF9E, 0xE75E, 0xF7DF, 0xF7DF, 0xF7DF, 0xF7BF,
    0xFFFF, 0xAD97, 0x0000, 0x0021, 0x0021, 0x6B4E, 0xC639, 0xEF9F, 0xF7BF, 0xCE7A, 0x73CF, 0x0862,
    0x0021, 0x0000, 0x39E8, 0xEF9E, 0xA535, 0x0000, 0x0842, 0x0000, 0x4A8A, 0xEF7E, 0xDF1C, 0x2105,
    0x0000, 0x0021, 0x0021, 0x0021, 0x0021, 0x0000, 0x5AEC, 0xC618, 0xEF7E, 0xF7BF, 0xDEDB, 0x94B3,
    0x18C4, 0x0000, 0x10A3, 0xDEDC, 0xE75E, 0x2146, 0x0000, 0x0001, 0x0862, 0x73AF, 0xCE59, 0xEF9F,
    0xEF9F, 0xCE7A, 0x8C72, 0x3187, 0x0001, 0x0000, 0x8431, 0xEF9E, 0x5ACC, 0x0000, 0x0842, 0x0000,
    0x94B3, 0xEF7E, 0xAD56, 0x0000, 0xB5B7, 0xEF7D, 0x632D, 0x0000, 0x0862, 0x0842, 0x0021, 0x1083,
    0xCE9B, 0xF79E, 0x4229, 0x2966, 0xEF7E, 0xE75E, 0xF7DF, 0xF7DF, 0xF7DF, 0xF7DF, 0xFFDF, 0x31C7,
    0x0000, 0x0021, 0x0021, 0x0021, 0x0021, 0x0021, 0x0021, 0x0021, 0x0021, 0x0021, 0x0021, 0x0021,
    0x0021, 0x0021, 0x0021, 0x0021, 0x0021, 0x0021, 0x0021, 0x0021, 0x0021, 0x0021, 0x0021, 0x0021,
    0x0021, 0x0021, 0x0021, 0x0021, 0x0021, 0x0021, 0x0022, 0x08E7, 0x0845, 0x0865, 0x0949, 0x0A8E,
    0x0BF3, 0x0BF3, 0x0A4D, 0x08E7, 0x0C35, 0x0CF8, 0x0C35, 0x0B72, 0x0BB2, 0x0C76, 0x0E3D, 0x0D7A,
    0x0C55, 0x1E7D, 0x2F1F, 0x2F7F, 0x1CD5, 0x0000, 0x0042, 0x0021, 0x0021, 0x0021, 0x0021, 0x1083,
    0x10A3, 0x0021, 0x0021, 0x0021, 0x0001, 0x0862, 0x10A3, 0x0842, 0x0021, 0x0042, 0x10A3, 0x1083,
    0x0883, 0x0882, 0x0883, 0x0882, 0x0883, 0x0862, 0x0021, 0x0021, 0x0021, 0x0000, 0x0001, 0x0862,
    0x0882, 0x0001, 0x0000, 0x0001, 0x0021, 0x0021, 0x0042, 0x10A3, 0x0882, 0x0021, 0x0021, 0x0021,
    0x0001, 0x1083, 0x10A3, 0x0021, 0x0021, 0x0021, 0x0021, 0x0021, 0x0021, 0x0021, 0x0000, 0x0000,
    0x0862, 0x0882, 0x0041, 0x0000, 0x0000, 0x0021, 0x0021, 0x1083, 0x10A3, 0x0021, 0x0021, 0x0021,
    0x0001, 0x0000, 0x0001, 0x0862, 0x0882, 0x0021, 0x0000, 0x0000, 0x0021, 0x0021, 0x0862, 0x10A3,
    0x0842, 0x0021, 0x0021, 0x0021, 0x0021, 0x10A3, 0x0862, 0x0021, 0x10A3, 0x10A3, 0x0021, 0x0021,
    0x0021, 0x0021, 0x0021, 0x0001, 0x0862, 0x10A3, 0x0862, 0x0021, 0x10A3, 0x10A3, 0x0883, 0x0882,
    0x0883, 0x0883, 0x0883, 0x0021, 0x0021, 0x0021, 0x0021, 0x0021, 0x0021, 0x0021, 0x0021, 0x0021,
    0x0021, 0x0021, 0x0021, 0x0021, 0x0021, 0x0021, 0x0021, 0x0021, 0x0021, 0x0021, 0x0021, 0x0021,
    0x0021, 0x0021, 0x0021, 0x0021, 0x0021, 0x0021, 0x0021, 0x0021, 0x0021, 0x0001, 0x0062, 0x0C14,
    0x0E1D, 0x0D39, 0x0BD4, 0x0B72, 0x0BD3, 0x0CD8, 0x0CD7, 0x0C14, 0x0803, 0x0801, 0x0802, 0x08C7,
    0x0A6D, 0x0ACF, 0x09CB, 0x0866, 0x0801, 0x1C96, 0x2F7F, 0x2F7F, 0x1CD5, 0x0000, 0x0042, 0x0021,
    0x0021, 0x0021, 0x0021, 0x0001, 0x0001, 0x0021, 0x0021, 0x0021, 0x0021, 0x0001, 0x0001, 0x0001,
    0x0021, 0x0021, 0x0001, 0x0001, 0x0001, 0x0001, 0x0001, 0x0001, 0x0001, 0x0001, 0x0021, 0x0021,
    0x0021, 0x0041, 0x0021, 0x0001, 0x0001, 0x0021, 0x0042, 0x0021, 0x0021, 0x0021, 0x0021, 0x0001,
    0x0001, 0x0021, 0x0021, 0x0021, 0x0021, 0x0001, 0x0001, 0x0021, 0x0021, 0x0021, 0x0021, 0x0021,
    0x0021, 0x0021, 0x0041, 0x0021, 0x0001, 0x0001, 0x0001, 0x0041, 0x0021, 0x0021, 0x0021, 0x0001,
    0x0001, 0x0021, 0x0021, 0x0021, 0x0021, 0x0042, 0x0021, 0x0001, 0x0001, 0x0021, 0x0041, 0x0021,
    0x0021, 0x0021, 0x0001, 0x0001, 0x0001, 0x0021, 0x0021, 0x0021, 0x0021, 0x0001, 0x0001, 0x0021,
    0x0001, 0x0001, 0x0021, 0x0021, 0x0021, 0x0021, 0x0021, 0x0021, 0x0001, 0x0001, 0x0001, 0x0021,
    0x0001, 0x0001, 0x0001, 0x0001, 0x0001, 0x0001, 0x0001, 0x0021, 0x0021, 0x0021, 0x0021, 0x0021,
    0x0021, 0x0021, 0x0021, 0x0021, 0x0021, 0x0021, 0x0021, 0x0021, 0x0021, 0x0021, 0x0021, 0x0021,
    0x0021, 0x0021, 0x0021, 0x0021, 0x0021, 0x0021, 0x0021, 0x0021, 0x0021, 0x0021, 0x0021, 0x0021,
    0x0021, 0x0021, 0x0021, 0x0803, 0x0928, 0x0A8E, 0x0ACF, 0x09AA, 0x0824, 0x0801, 0x0802, 0x0804,
    0x0865, 0x09AA, 0x0B51, 0x0AEF, 0x098A, 0x0824, 0x0804, 0x0804, 0x0802, 0x1CD7, 0x2F7F, 0x2F7F,
    0x1CD5, 0x0000, 0x0042, 0x0021, 0x0021, 0x0021, 0x0021, 0x0021, 0x0021, 0x0021, 0x0021, 0x0021,
    0x0021, 0x0021, 0x0021, 0x0021, 0x0021, 0x0021, 0x0021, 0x0021, 0x0021, 0x0021, 0x0021, 0x0021,
    0x0021, 0x0021, 0x0021, 0x0021, 0x0021, 0x0021, 0x0021, 0x0021, 0x0021, 0x0021, 0x0021, 0x0021,
    0x0021, 0x0021, 0x0021, 0x0021, 0x0021, 0x0021, 0x0021, 0x0021, 0x0021, 0x0021, 0x0021, 0x0021,
    0x0021, 0x0021, 0x0021, 0x0021, 0x0021, 0x0021, 0x0021, 0x0021, 0x0021, 0x0021, 0x0021, 0x0021,
    0x0021, 0x0021, 0x0021, 0x0021, 0x0021, 0x0021, 0x0021, 0x0021, 0x0021, 0x0021, 0x0021, 0x0021,
    0x0021, 0x0021, 0x0021, 0x0021, 0x0021, 0x0021, 0x0021, 0x0021, 0x0021, 0x0021, 0x0021, 0x0021,
    0x0021, 0x0021, 0x0021, 0x0021, 0x0021, 0x0021, 0x0021, 0x0021, 0x0021, 0x0021, 0x0021, 0x0021,
    0x0021, 0x0021, 0x0021, 0x0021, 0x0021, 0x0021, 0x0021, 0x0021, 0x0021, 0x0021, 0x0021, 0x0021,
    0x0021, 0x0021, 0x0021, 0x0021, 0x0021, 0x0021, 0x0021, 0x0021, 0x0021, 0x0021, 0x0021, 0x0021,
    0x0021, 0x0021, 0x0021, 0x0021, 0x0021, 0x0021, 0x0021, 0x0021, 0x0021, 0x0021, 0x0021, 0x0021,
    0x0021, 0x0021, 0x0021, 0x0021, 0x0021, 0x0021, 0x0021, 0x0803, 0x0804, 0x0804, 0x08A7, 0x0A2D,
    0x0B51, 0x0AEF, 0x08E8, 0x0804, 0x0B51, 0x0A4D, 0x08C7, 0x0803, 0x0804, 0x0804, 0x0803, 0x08E7,
    0x0A8E, 0x1DBA, 0x2F3F, 0x2F7F, 0x1CD5, 0x0000, 0x0042, 0x0021, 0x0021, 0x0021, 0x0021, 0x0021,
    0x0021, 0x0021, 0x0021, 0x0021, 0x0021, 0x0021, 0x0021, 0x0021, 0x0021, 0x0021, 0x0021, 0x0021,
    0x0021, 0x0021, 0x0021, 0x0021, 0x0021, 0x0021, 0x0021, 0x0021, 0x0021, 0x0021, 0x0021, 0x0021,
    0x0021, 0x0021, 0x0021, 0x0021, 0x0021, 0x0021, 0x0021, 0x0021, 0x0021, 0x0021, 0x0021, 0x0021,
    0x0021, 0x0021, 0x0021, 0x0021, 0x0021, 0x0021, 0x0021, 0x0021, 0x0021, 0x0021, 0x0021, 0x0021,
    0x0021, 0x0021, 0x0021, 0x0021, 0x0021, 0x0021, 0x0021, 0x0021, 0x0021, 0x0021, 0x0021, 0x0021,
    0x0021, 0x0021, 0x0021, 0x0021, 0x0021, 0x0021, 0x0021, 0x0021, 0x0021, 0x0021, 0x0021, 0x0021,
    0x0021, 0x0021, 0x0021, 0x0021, 0x0021, 0x0021, 0x0021, 0x0021, 0x0021, 0x0021, 0x0021, 0x0021,
    0x0021, 0x0021, 0x0021, 0x0021, 0x0021, 0x0021, 0x0021, 0x0021, 0x0021, 0x0021, 0x0021, 0x0021,
    0x0021, 0x0021, 0x0021, 0x0021, 0x0021, 0x0021, 0x0021, 0x0021, 0x0021, 0x0021, 0x0021, 0x0021,
    0x0021, 0x0021, 0x0021, 0x0021, 0x0021, 0x0021, 0x0021, 0x0021, 0x0021, 0x0021, 0x0021, 0x0021,
    0x0021, 0x0021, 0x0021, 0x0021, 0x0021, 0x0021, 0x0021, 0x0021, 0x0021, 0x0021, 0x0062, 0x09CB,
    0x0845, 0x0803, 0x0804, 0x0803, 0x0804, 0x098A, 0x0B10, 0x0AF0, 0x0825, 0x0803, 0x0804, 0x0804,
    0x0803, 0x08E7, 0x0AEF, 0x0B51, 0x0948, 0x1CB6, 0x2F7F, 0x2F7F, 0x1CD5, 0x0000, 0x0042, 0x0021,
    0x0021, 0x0021, 0x0021, 0x0021, 0x0021, 0x0021, 0x0021, 0x0021, 0x0021, 0x0021, 0x0041, 0x0021,
    0x0021, 0x0021, 0x0021, 0x0021, 0x0021, 0x0021, 0x0021, 0x0021, 0x0021, 0x0021, 0x0021, 0x0021,
    0x0021, 0x0021, 0x0021, 0x0021, 0x0021, 0x0021, 0x0021, 0x0041, 0x0021, 0x0021, 0x0021, 0x0021,
    0x0021, 0x0021, 0x0041, 0x0021, 0x0021, 0x0021, 0x0021, 0x0021, 0x0041, 0x0021, 0x0021, 0x0021,
    0x0021, 0x0021, 0x0021, 0x0021, 0x0021, 0x0021, 0x0021, 0x0021, 0x0021, 0x0021, 0x0021, 0x0021,
    0x0021, 0x0021, 0x0021, 0x0021, 0x0021, 0x0021, 0x0021, 0x0021, 0x0021, 0x0021, 0x0021, 0x0021,
    0x0021, 0x0021, 0x0021, 0x0021, 0x0021, 0x0021, 0x0021, 0x0021, 0x0021, 0x0021, 0x0021, 0x0021,
    0x0021, 0x0021, 0x0021, 0x0021, 0x0021, 0x0021, 0x0021, 0x0021, 0x0021, 0x0021, 0x0021, 0x0021,
    0x0021, 0x0021, 0x0021, 0x0021, 0x0021, 0x0021, 0x0021, 0x0021, 0x0021, 0x0021, 0x0021, 0x0021,
    0x0021, 0x0021, 0x0021, 0x0021, 0x0021, 0x0021, 0x0021, 0x0021, 0x0021, 0x0021, 0x0021, 0x0021,
    0x0021, 0x0021, 0x0021, 0x0021, 0x0021, 0x0021, 0x0021, 0x0021, 0x0021, 0x0021, 0x0021, 0x0021,
    0x0021, 0x0021, 0x0021, 0x0A0C, 0x0B72, 0x0A2D, 0x0845, 0x0803, 0x0804, 0x0804, 0x0803, 0x08A7,
    0x0825, 0x0804, 0x0804, 0x09AA, 0x0B30, 0x0B30, 0x09AA, 0x0804, 0x0802, 0x1CD7, 0x2F7F, 0x2F7F,
    0x1CD5, 0x0000, 0x0042, 0x0021, 0x0021, 0x0021, 0x0021, 0x0000, 0x0000, 0x0000, 0x0000, 0x0001,
    0x0000, 0x0000, 0x0000, 0x0001, 0x0000, 0x0000, 0x0000, 0x0021, 0x0000, 0x0000, 0x0000, 0x0021,
    0x0001, 0x0000, 0x0021, 0x0000, 0x0000, 0x0000, 0x0021, 0x0021, 0x0021, 0x0000, 0x0000, 0x0000,
    0x0001, 0x0000, 0x0000, 0x0000, 0x0000, 0x0001, 0x0000, 0x0000, 0x0000, 0x0021, 0x0000, 0x0000,
    0x0000, 0x0001, 0x0000, 0x0021, 0x0001, 0x0000, 0x0000, 0x0000, 0x0021, 0x0000, 0x0000, 0x0021,
    0x0000, 0x0001, 0x0000, 0x0000, 0x0000, 0x0000, 0x0021, 0x0021, 0x0021, 0x0021, 0x0021, 0x0021,
    0x0021, 0x0021, 0x0021, 0x0021, 0x0021, 0x0021, 0x0021, 0x0021, 0x0021, 0x0021, 0x0021, 0x0021,
    0x0021, 0x0021, 0x0021, 0x0021, 0x0021, 0x0021, 0x0021, 0x0021, 0x0021, 0x0021, 0x0021, 0x0021,
    0x0021, 0x0021, 0x0021, 0x0021, 0x0021, 0x0021, 0x0021, 0x0021, 0x0021, 0x0021, 0x0021, 0x0021,
    0x0021, 0x0021, 0x0021, 0x0021, 0x0021, 0x0021, 0x0021, 0x0021, 0x0021, 0x0021, 0x0021, 0x0021,
    0x0021, 0x0021, 0x0021, 0x0021, 0x0021, 0x0021, 0x0021, 0x0021, 0x0021, 0x0021, 0x0021, 0x0021,
    0x0021, 0x0021, 0x0021, 0x0021, 0x0021, 0x0021, 0x0021, 0x0803, 0x0845, 0x0A4D, 0x0B72, 0x0A6E,
    0x08C8, 0x0803, 0x0804, 0x0804, 0x0803, 0x0928, 0x0AF0, 0x0A8E, 0x0886, 0x0802, 0x0802, 0x0804,
    0x0802, 0x1C96, 0x2F7F, 0x2F7F, 0x1CD5, 0x0000, 0x0042, 0x0021, 0x0021, 0x0021, 0x0021, 0x1390,
    0x1390, 0x13D1, 0x0A2A, 0x00E4, 0x1C74, 0x1412, 0x13D1, 0x00A3, 0x0A6B, 0x13F2, 0x0A4A, 0x0021,
    0x12ED, 0x13B1, 0x00C4, 0x0000, 0x00A3, 0x132E, 0x0000, 0x09C8, 0x13F2, 0x09C8, 0x0000, 0x0021,
    0x0021, 0x12AC, 0x1C53, 0x134F, 0x0062, 0x1390, 0x1412, 0x1C32, 0x0A8B, 0x0083, 0x1390, 0x1C33,
    0x0A4B, 0x0020, 0x12AC, 0x1C53, 0x134F, 0x0062, 0x12CD, 0x0062, 0x00A3, 0x136F, 0x13B0, 0x0A4B,
    0x0000, 0x12CC, 0x0A4A, 0x0000, 0x0A09, 0x0987, 0x0946, 0x1412, 0x13F2, 0x0926, 0x0000, 0x0021,
    0x0021, 0x0021, 0x0021, 0x0021, 0x0021, 0x0021, 0x0021, 0x0021, 0x0021, 0x0021, 0x0021, 0x0021,
    0x0021, 0x0021, 0x0021, 0x0021, 0x0021, 0x0021, 0x0021, 0x0021, 0x0021, 0x0021, 0x0021, 0x0021,
    0x0021, 0x0021, 0x0021, 0x0021, 0x0021, 0x0021, 0x0021, 0x0021, 0x0021, 0x0021, 0x0021, 0x0021,
    0x0021, 0x0021, 0x0021, 0x0021, 0x0021, 0x0021, 0x0021, 0x0021, 0x0021, 0x0021, 0x0021, 0x0021,
    0x0021, 0x0021, 0x0021, 0x0021, 0x0021, 0x0021, 0x0021, 0x0021, 0x0021, 0x0021, 0x0021, 0x0021,
    0x0021, 0x0021, 0x0021, 0x0021, 0x0021, 0x0021, 0x0021, 0x0021, 0x0021, 0x0021, 0x0021, 0x0804,
    0x0803, 0x0802, 0x0804, 0x0949, 0x0AF0, 0x0A8E, 0x0886, 0x0803, 0x0C55, 0x0E1C, 0x0CF8, 0x0BB3,
    0x0BF4, 0x0C35, 0x0C35, 0x0BD4, 0x0BF4, 0x1E5D, 0x2F1F, 0x2F7F, 0x1CD5, 0x0000, 0x0042, 0x0021,
    0x0021, 0x0001, 0x0062, 0x1C74, 0x0062, 0x0041, 0x1C95, 0x12AC, 0x13B0, 0x0020, 0x12ED, 0x13F2,
    0x12AC, 0x00A3, 0x1412, 0x12ED, 0x130E, 0x09A8, 0x13D1, 0x0000, 0x13D1, 0x1D37, 0x0062, 0x1C33,
    0x0105, 0x1C33, 0x00A3, 0x0000, 0x09C8, 0x1CB5, 0x0062, 0x0A8C, 0x09A7, 0x1C53, 0x00E4, 0x0083,
    0x0041, 0x13B0, 0x130E, 0x0062, 0x12CC, 0x09E9, 0x1C94, 0x0062, 0x12AC, 0x0946, 0x1C33, 0x00A4,
    0x13F2, 0x0A09, 0x00A2, 0x1C33, 0x09A8, 0x136F, 0x263C, 0x0021, 0x12CD, 0x12CD, 0x1C74, 0x0926,
    0x0967, 0x0A8B, 0x0000, 0x0021, 0x0021, 0x0021, 0x0021, 0x0021, 0x0021, 0x0021, 0x0021, 0x0021,
    0x0021, 0x0021, 0x0021, 0x0021, 0x0021, 0x0021, 0x0021, 0x0021, 0x0021, 0x0021, 0x0021, 0x0021,
    0x0021, 0x0021, 0x0021, 0x0021, 0x0021, 0x0021, 0x0021, 0x0021, 0x0021, 0x0021, 0x0021, 0x0021,
    0x0021, 0x0021, 0x0021, 0x0021, 0x0021, 0x0021, 0x0021, 0x0021, 0x0021, 0x0021, 0x0021, 0x0021,
    0x0021, 0x0021, 0x0021, 0x0021, 0x0021, 0x0021, 0x0021, 0x0021, 0x0021, 0x0021, 0x0021, 0x0021,
    0x0021, 0x0021, 0x0021, 0x0021, 0x0021, 0x0021, 0x0021, 0x0021, 0x0021, 0x0021, 0x0021, 0x0021,
    0x0021, 0x0001, 0x0062, 0x0B92, 0x0C14, 0x0C55, 0x0C15, 0x0BD3, 0x0BF4, 0x0D9B, 0x0D7A, 0x0C55,
    0x08E8, 0x0887, 0x08C7, 0x0908, 0x0908, 0x08A7, 0x08C7, 0x0A6D, 0x0BB3, 0x1E5C, 0x2F3F, 0x2F7F,
    0x1CD5, 0x0000, 0x0042, 0x0021, 0x0021, 0x0021, 0x0042, 0x1C94, 0x12AC, 0x12ED, 0x134F, 0x09E9,
    0x1CB5, 0x0A6B, 0x1C53, 0x0A6B, 0x0000, 0x0925, 0x13D1, 0x130E, 0x0A09, 0x0021, 0x13B1, 0x0987,
    0x130E, 0x12ED, 0x0926, 0x13B1, 0x0000, 0x13B1, 0x0946, 0x0000, 0x0042, 0x13B0, 0x1C12, 0x0A2A,
    0x0001, 0x1CF6, 0x1412, 0x1411, 0x09C8, 0x0125, 0x1C73, 0x13B0, 0x0925, 0x0021, 0x13B1, 0x1C12,
    0x0A2A, 0x0000, 0x13F2, 0x09A8, 0x1412, 0x0000, 0x0000, 0x09A8, 0x136F, 0x0A8B, 0x13D1, 0x130E,
    0x0A4B, 0x0A4B, 0x0A09, 0x1C74, 0x130D, 0x0062, 0x0021, 0x0021, 0x0021, 0x0021, 0x0021, 0x0021,
    0x0021, 0x0021, 0x0021, 0x0021, 0x0021, 0x0021, 0x0021, 0x0021, 0x0021, 0x0021, 0x0021, 0x0021,
    0x0021, 0x0021, 0x0021, 0x0021, 0x0021, 0x0021, 0x0021, 0x0021, 0x0021, 0x0021, 0x0021, 0x0021,
    0x0021, 0x0021, 0x0021, 0x0021, 0x0021, 0x0021, 0x0021, 0x0021, 0x0021, 0x0021, 0x0021, 0x0021,
    0x0021, 0x0021, 0x0021, 0x0021, 0x0021, 0x0021, 0x0021, 0x0021, 0x0021, 0x0021, 0x0021, 0x0021,
    0x0021, 0x0021, 0x0021, 0x0021, 0x0021, 0x0021, 0x0021, 0x0021, 0x0021, 0x0021, 0x0021, 0x0021,
    0x0021, 0x0021, 0x0021, 0x0021, 0x0021, 0x0001, 0x00A3, 0x0B72, 0x09AB, 0x0886, 0x08C7, 0x0909,
    0x0908, 0x08A7, 0x08A7, 0x096A, 0x0804, 0x0804, 0x0804, 0x0803, 0x0802, 0x0949, 0x0B10, 0x0AAF,
    0x0864, 0x1C96, 0x2F7F, 0x2F7F, 0x1CD5, 0x0000, 0x0042, 0x0021, 0x0021, 0x0021, 0x0042, 0x1C94,
    0x0A09, 0x1CF6, 0x09C8, 0x0925, 0x1CB5, 0x0A6A, 0x09A8, 0x0000, 0x0105, 0x1C33, 0x0062, 0x12AC,
    0x0A2A, 0x0000, 0x1C33, 0x1C74, 0x130E, 0x1CB5, 0x0A0A, 0x13B1, 0x0000, 0x13F1, 0x0926, 0x0000,
    0x0905, 0x00C4, 0x00A3, 0x13F2, 0x12ED, 0x13B1, 0x00A4, 0x0042, 0x0021, 0x0946, 0x0042, 0x0946,
    0x1C95, 0x09E9, 0x0083, 0x00A3, 0x1412, 0x128C, 0x1390, 0x0967, 0x1C53, 0x0000, 0x0000, 0x0A2A,
    0x130E, 0x12ED, 0x0946, 0x132E, 0x1CD5, 0x0A6B, 0x00E4, 0x0021, 0x128C, 0x1C53, 0x0000, 0x0021,
    0x0021, 0x0021, 0x0021, 0x0021, 0x0021, 0x0021, 0x0021, 0x0021, 0x0021, 0x0021, 0x0021, 0x0021,
    0x0021, 0x0021, 0x0021, 0x0021, 0x0021, 0x0021, 0x0021, 0x0021, 0x0021, 0x0021, 0x0021, 0x0021,
    0x0021, 0x0021, 0x0021, 0x0021, 0x0021, 0x0021, 0x0021, 0x0021, 0x0021, 0x0021, 0x0021, 0x0021,
    0x0021, 0x0021, 0x0021, 0x0021, 0x0021, 0x0021, 0x0021, 0x0021, 0x0021, 0x0021, 0x0021, 0x0021,
    0x0021, 0x0021, 0x0021, 0x0021, 0x0021, 0x0021, 0x0021, 0x0021, 0x0021, 0x0021, 0x0021, 0x0021,
    0x0021, 0x0021, 0x0021, 0x0021, 0x0021, 0x0021, 0x0021, 0x0021, 0x0021, 0x0021, 0x0021, 0x0949,
    0x0B10, 0x0AAE, 0x08A6, 0x0802, 0x0803, 0x0804, 0x0804, 0x0803, 0x0825, 0x0804, 0x0803, 0x08E7,
    0x0B51, 0x0AEF, 0x08E7, 0x0803, 0x0802, 0x1CD7, 0x2F7F, 0x2F7F, 0x1CD5, 0x0000, 0x0042, 0x0021,
    0x0021, 0x0001, 0x0062, 0x1C74, 0x0000, 0x0083, 0x1CD5, 0x12AC, 0x134F, 0x0000, 0x0000, 0x0082,
    0x1D99, 0x136F, 0x0A09, 0x09A8, 0x13D1, 0x132E, 0x12ED, 0x0945, 0x0A4B, 0x1D17, 0x0104, 0x13D1,
    0x12CD, 0x13F1, 0x0042, 0x0000, 0x09A8, 0x1CD5, 0x0A4A, 0x13D1, 0x0A4A, 0x1C94, 0x12AC, 0x0A6B,
    0x0987, 0x134F, 0x13F2, 0x0A2A, 0x13F2, 0x0A4A, 0x1CB5, 0x0A4A, 0x13F2, 0x0A09, 0x1C33, 0x0083,
    0x12ED, 0x1370, 0x0A29, 0x1C74, 0x00E4, 0x1370, 0x09A8, 0x0041, 0x267C, 0x128C, 0x1C33, 0x12CD,
    0x12ED, 0x1390, 0x0000, 0x0021, 0x0021, 0x0021, 0x0021, 0x0021, 0x0021, 0x0021, 0x0021, 0x0021,
    0x0021, 0x0021, 0x0021, 0x0021, 0x0021, 0x0021, 0x0021, 0x0021, 0x0021, 0x0021, 0x0021, 0x0021,
    0x0021, 0x0021, 0x0021, 0x0021, 0x0021, 0x0021, 0x0021, 0x0021, 0x0021, 0x0021, 0x0021, 0x0021,
    0x0021, 0x0021, 0x0021, 0x0021, 0x0021, 0x0021, 0x0021, 0x0021, 0x0021, 0x0021, 0x0021, 0x0021,
    0x0021, 0x0021, 0x0021, 0x0021, 0x0021, 0x0021, 0x0021, 0x0021, 0x0021, 0x0021, 0x0021, 0x0021,
    0x0021, 0x0021, 0x0021, 0x0021, 0x0021, 0x0021, 0x0021, 0x0021, 0x0021, 0x0021, 0x0021, 0x0021,
    0x0021, 0x0021, 0x0021, 0x0803, 0x0804, 0x098A, 0x0B51, 0x0AEF, 0x0866, 0x0803, 0x0805, 0x0825,
    0x0803, 0x08C7, 0x0AEF, 0x0B51, 0x0949, 0x0802, 0x0804, 0x0845, 0x0803, 0x1CD6, 0x2F7F, 0x2F7F,
    0x1CD5, 0x0000, 0x0042, 0x0021, 0x0021, 0x0021, 0x0021, 0x0987, 0x0062, 0x0000, 0x0946, 0x0987,
    0x0925, 0x0021, 0x0021, 0x0083, 0x0A6B, 0x128C, 0x128C, 0x0021, 0x0987, 0x0A4B, 0x0021, 0x0000,
    0x0000, 0x0926, 0x0000, 0x00C4, 0x12AC, 0x00A3, 0x0000, 0x0021, 0x0000, 0x0946, 0x12ED, 0x09A8,
    0x0000, 0x0A09, 0x12CC, 0x12CC, 0x0A09, 0x0000, 0x0A09, 0x12CD, 0x00E5, 0x0000, 0x0946, 0x12ED,
    0x09A8, 0x0000, 0x0987, 0x0042, 0x0000, 0x09C8, 0x0A8C, 0x00E4, 0x0000, 0x0946, 0x00A4, 0x0000,
    0x0966, 0x00C4, 0x0042, 0x12AC, 0x0A6B, 0x0041, 0x0021, 0x0021, 0x0021, 0x0021, 0x0021, 0x0021,
    0x0021, 0x0021, 0x0021, 0x0021, 0x0021, 0x0021, 0x0021, 0x0021, 0x0021, 0x0021, 0x0021, 0x0021,
    0x0021, 0x0021, 0x0021, 0x0021, 0x0021, 0x0021, 0x0021, 0x0021, 0x0021, 0x0021, 0x0021, 0x0021,
    0x0021, 0x0021, 0x0021, 0x0021, 0x0021, 0x0021, 0x0021, 0x0021, 0x0021, 0x0021, 0x0021, 0x0021,
    0x0021, 0x0021, 0x0021, 0x0021, 0x0021, 0x0021, 0x0021, 0x0021, 0x0021, 0x0021, 0x0021, 0x0021,
    0x0021, 0x0021, 0x0021, 0x0021, 0x0021, 0x0021, 0x0021, 0x0021, 0x0021, 0x0021, 0x0021, 0x0021,
    0x0021, 0x0021, 0x0021, 0x0021, 0x0021, 0x0021, 0x0021, 0x0825, 0x0825, 0x0803, 0x0803, 0x09AB,
    0x0B92, 0x0A2D, 0x0845, 0x0803, 0x0B10, 0x0B51, 0x09AA, 0x0804, 0x0804, 0x0845, 0x0825, 0x0845,
    0x0803, 0x1CD7, 0x2F7F, 0x2F7F, 0x1CD5, 0x0000, 0x0042, 0x0021, 0x0021, 0x0021, 0x0021, 0x0000,
    0x0021, 0x0021, 0x0000, 0x0000, 0x0000, 0x0021, 0x0021, 0x0001, 0x0000, 0x0000, 0x0000, 0x0021,
    0x0000, 0x0000, 0x0021, 0x0021, 0x0021, 0x0000, 0x0021, 0x0000, 0x0000, 0x0001, 0x0021, 0x0021,
    0x0021, 0x0000, 0x0000, 0x0000, 0x0021, 0x0000, 0x0000, 0x0000, 0x0000, 0x0021, 0x0000, 0x0000,
    0x0000, 0x0021, 0x0000, 0x0000, 0x0000, 0x0021, 0x0000, 0x0021, 0x0021, 0x0000, 0x0000, 0x0000,
    0x0021, 0x0000, 0x0001, 0x0021, 0x0000, 0x0000, 0x0001, 0x0000, 0x0000, 0x0021, 0x0021, 0x0021,
    0x0021, 0x0021, 0x0021, 0x0021, 0x0021, 0x0021, 0x0021, 0x0021, 0x0021, 0x0021, 0x0021, 0x0021,
    0x0021, 0x0021, 0x0021, 0x0021, 0x0021, 0x0021, 0x0021, 0x0021, 0x0021, 0x0021, 0x0021, 0x0021,
    0x0021, 0x0021, 0x0021, 0x0021, 0x0021, 0x0021, 0x0021, 0x0021, 0x0021, 0x0021, 0x0021, 0x0021,
    0x0021, 0x0021, 0x0021, 0x0021, 0x0021, 0x0021, 0x0021, 0x0021, 0x0021, 0x0021, 0x0021, 0x0021,
    0x0021, 0x0021, 0x0021, 0x0021, 0x0021, 0x0021, 0x0021, 0x0021, 0x0021, 0x0021, 0x0021, 0x0021,
    0x0021, 0x0021, 0x0021, 0x0021, 0x0021, 0x0021, 0x0021, 0x0021, 0x0021, 0x0021, 0x0021, 0x0825,
    0x0825, 0x0845, 0x0845, 0x0804, 0x0845, 0x0A4D, 0x0B92, 0x0A4D, 0x08E8, 0x1001, 0x1001, 0x0803,
    0x0803, 0x0803, 0x0803, 0x0803, 0x0801, 0x1C96, 0x2F7F, 0x2F7F, 0x1CD5, 0x0000, 0x0042, 0x0021,
    0x0021, 0x0021, 0x0021, 0x0021, 0x0021, 0x0021, 0x0021, 0x0021, 0x0021, 0x0021, 0x0021, 0x0021,
    0x0041, 0x0041, 0x0041, 0x0021, 0x0021, 0x0041, 0x0021, 0x0021, 0x0021, 0x0021, 0x0021, 0x0021,
    0x0041, 0x0021, 0x0021, 0x0021, 0x0021, 0x0021, 0x0041, 0x0021, 0x0021, 0x0021, 0x0041, 0x0041,
    0x0021, 0x0021, 0x0021, 0x0041, 0x0021, 0x0021, 0x0021, 0x0041, 0x0021, 0x0021, 0x0021, 0x0021,
    0x0021, 0x0021, 0x0041, 0x0021, 0x0021, 0x0021, 0x0021, 0x0021, 0x0021, 0x0021, 0x0021, 0x0041,
    0x0041, 0x0021, 0x0021, 0x0021, 0x0021, 0x0021, 0x0021, 0x0021, 0x0021, 0x0021, 0x0021, 0x0021,
    0x0021, 0x0021, 0x0021, 0x0021, 0x0021, 0x0021, 0x0021, 0x0021, 0x0021, 0x0021, 0x0021, 0x0021,
    0x0021, 0x0021, 0x0021, 0x0021, 0x0021, 0x0021, 0x0021, 0x0021, 0x0021, 0x0021, 0x0021, 0x0021,
    0x0021, 0x0021, 0x0021, 0x0021, 0x0021, 0x0021, 0x0021, 0x0021, 0x0021, 0x0021, 0x0021, 0x0021,
    0x0021, 0x0021, 0x0021, 0x0021, 0x0021, 0x0021, 0x0021, 0x0021, 0x0021, 0x0021, 0x0021, 0x0021,
    0x0021, 0x0021, 0x0021, 0x0021, 0x0021, 0x0021, 0x0021, 0x0021, 0x0021, 0x0021, 0x0021, 0x0021,
    0x0021, 0x0021, 0x0021, 0x0802, 0x0803, 0x0803, 0x0803, 0x0803, 0x0802, 0x1001, 0x0803, 0x096A,
    0x0A6E, 0x0AD0, 0x0AD0, 0x0ACF, 0x0ACF, 0x0AD0, 0x0A6E, 0x0A4D, 0x0B72, 0x1E9D, 0x2F1F, 0x2F7F,
    0x1CD5, 0x0000, 0x0042, 0x0021, 0x0021, 0x0021, 0x0021, 0x0021, 0x0021, 0x0021, 0x0021, 0x0021,
    0x0021, 0x0021, 0x0021, 0x0021, 0x0021, 0x0021, 0x0021, 0x0021, 0x0021, 0x0021, 0x0021, 0x0021,
    0x0021, 0x0021, 0x0021, 0x0021, 0x0021, 0x0021, 0x0021, 0x0021, 0x0021, 0x0021, 0x0021, 0x0021,
    0x0021, 0x0021, 0x0021, 0x0021, 0x0021, 0x0021, 0x0021, 0x0021, 0x0021, 0x0021, 0x0021, 0x0021,
    0x0021, 0x0021, 0x0021, 0x0021, 0x0021, 0x0021, 0x0021, 0x0021, 0x0021, 0x0021, 0x0021, 0x0021,
    0x0021, 0x0021, 0x0021, 0x0021, 0x0021, 0x0021, 0x0021, 0x0021, 0x0021, 0x0021, 0x0021, 0x0021,
    0x0021, 0x0021, 0x0021, 0x0021, 0x0021, 0x0021, 0x0021, 0x0021, 0x0021, 0x0021, 0x0021, 0x0021,
    0x0021, 0x0021, 0x0021, 0x0021, 0x0021, 0x0021, 0x0021, 0x0021, 0x0021, 0x0021, 0x0021, 0x0021,
    0x0021, 0x0021, 0x0021, 0x0021, 0x0021, 0x0021, 0x0021, 0x0021, 0x0021, 0x0021, 0x0021, 0x0021,
    0x0021, 0x0021, 0x0021, 0x0021, 0x0021, 0x0021, 0x0021, 0x0021, 0x0021, 0x0021, 0x0021, 0x0021,
    0x0021, 0x0021, 0x0021, 0x0021, 0x0021, 0x0021, 0x0021, 0x0021, 0x0021, 0x0021, 0x0021, 0x0021,
    0x0021, 0x0021, 0x0021, 0x0021, 0x0021, 0x0001, 0x0083, 0x0B31, 0x0A6E, 0x0A6E, 0x0AD0, 0x0ACF,
    0x0ACF, 0x0AD0, 0x0AAF, 0x0A6E, 0x0AD0, 0x0ACF, 0x0ACF, 0x0AD0, 0x0AAF, 0x0A4D, 0x0C14, 0x0E9F,
    0x0B72, 0x1D79, 0x2F5F, 0x2F7F, 0x1CD5, 0x0000, 0x0042, 0x0021, 0x0021, 0x0021, 0x0021, 0x0021,
    0x0021, 0x0021, 0x0021, 0x0021, 0x0021, 0x0021, 0x0021, 0x0021, 0x0021, 0x0021, 0x0021, 0x0021,
    0x0021, 0x0021, 0x0021, 0x0021, 0x0021, 0x0021, 0x0021, 0x0021, 0x0021, 0x0021, 0x0021, 0x0021,
    0x0021, 0x0021, 0x0021, 0x0021, 0x0021, 0x0021, 0x0021, 0x0021, 0x0021, 0x0021, 0x0021, 0x0021,
    0x0021, 0x0021, 0x0021, 0x0021, 0x0021, 0x0021, 0x0021, 0x0021, 0x0021, 0x0021, 0x0021, 0x0021,
    0x0021, 0x0021, 0x0021, 0x0021, 0x0021, 0x0021, 0x0021, 0x0021, 0x0021, 0x0021, 0x0021, 0x0021,
    0x0021, 0x0021, 0x0021, 0x0021, 0x0021, 0x0021, 0x0021, 0x0021, 0x0021, 0x0021, 0x0021, 0x0021,
    0x0021, 0x0021, 0x0021, 0x0021, 0x0021, 0x0021, 0x0021, 0x0021, 0x0021, 0x0021, 0x0021, 0x0021,
    0x0021, 0x0021, 0x0021, 0x0021, 0x0021, 0x0021, 0x0021, 0x0021, 0x0021, 0x0021, 0x0021, 0x0021,
    0x0021, 0x0021, 0x0021, 0x0021, 0x0021, 0x0021, 0x0021, 0x0021, 0x0021, 0x0021, 0x0021, 0x0021,
    0x0021, 0x0021, 0x0021, 0x0021, 0x0021, 0x0021, 0x0021, 0x0021, 0x0021, 0x0021, 0x0021, 0x0021,
    0x0021, 0x0021, 0x0021, 0x0021, 0x0021, 0x0021, 0x0021, 0x0021, 0x0021, 0x0021, 0x0042, 0x0B51,
    0x0EBF, 0x0C76, 0x0A4D, 0x0AAF, 0x0AD0, 0x0ACF, 0x0ACF, 0x0AD0, 0x0803, 0x0803, 0x0803, 0x1001,
    0x0804, 0x0AF0, 0x0BF4, 0x0908, 0x0801, 0x1C96, 0x2F7F, 0x2F7F, 0x1CD5, 0x0000, 0x0042, 0x0021,
    0x0021, 0x0021, 0x0021, 0x0021, 0x0021, 0x0021, 0x0021, 0x0021, 0x0021, 0x0021, 0x0021, 0x0021,
    0x0021, 0x0021, 0x0021, 0x0021, 0x0021, 0x0021, 0x0021, 0x0021, 0x0021, 0x0021, 0x0021, 0x0021,
    0x0021, 0x0021, 0x0021, 0x0021, 0x0021, 0x0021, 0x0021, 0x0021, 0x0021, 0x0021, 0x0021, 0x0021,
    0x0021, 0x0021, 0x0021, 0x0021, 0x0021, 0x0021, 0x0021, 0x0021, 0x0021, 0x0021, 0x0021, 0x0021,
    0x0021, 0x0021, 0x0021, 0x0021, 0x0021, 0x0021, 0x0021, 0x0021, 0x0021, 0x0021, 0x0021, 0x0021,
    0x0021, 0x0021, 0x0021, 0x0021, 0x0021, 0x0021, 0x0021, 0x0021, 0x0021, 0x0021, 0x0021, 0x0021,
    0x0021, 0x0021, 0x0021, 0x0021, 0x0021, 0x0021, 0x0021, 0x0021, 0x0021, 0x0021, 0x0021, 0x0021,
    0x0021, 0x0021, 0x0021, 0x0021, 0x0021, 0x0021, 0x0021, 0x0021, 0x0021, 0x0021, 0x0021, 0x0021,
    0x0021, 0x0021, 0x0021, 0x0021, 0x0021, 0x0021, 0x0021, 0x0021, 0x0021, 0x0021, 0x0021, 0x0021,
    0x0021, 0x0021, 0x0021, 0x0021, 0x0021, 0x0021, 0x0021, 0x0021, 0x0021, 0x0021, 0x0021, 0x0021,
    0x0021, 0x0021, 0x0021, 0x0021, 0x0021, 0x0021, 0x0021, 0x0021, 0x0021, 0x0021, 0x0021, 0x0021,
    0x0021, 0x0021, 0x0021, 0x0802, 0x08C7, 0x0B72, 0x0B72, 0x0824, 0x1001, 0x0803, 0x0803, 0x0803,
    0x0846, 0x0804, 0x0803, 0x0A6D, 0x0CF8, 0x0A8E, 0x0804, 0x0804, 0x0803, 0x1CD7, 0x2F7F, 0x2F7F,
    0x1CD5, 0x0000, 0x0042, 0x0021, 0x0021, 0x0021, 0x0021, 0x0021, 0x0021, 0x0021, 0x0021, 0x0021,
    0x0021, 0x0021, 0x0021, 0x0021, 0x0021, 0x0021, 0x0021, 0x0021, 0x0021, 0x0021, 0x0021, 0x0021,
    0x0021, 0x0021, 0x0021, 0x0021, 0x0021, 0x0021, 0x0021, 0x0021, 0x0021, 0x0021, 0x0021, 0x0021,
    0x0021, 0x0021, 0x0021, 0x0021, 0x0021, 0x0021, 0x0021, 0x0021, 0x0021, 0x0021, 0x0021, 0x0021,
    0x0021, 0x0021, 0x0021, 0x0021, 0x0021, 0x0021, 0x0021, 0x0021, 0x0021, 0x0021, 0x0021, 0x0021,
    0x0021, 0x0021, 0x0021, 0x0021, 0x0021, 0x0021, 0x0021, 0x0021, 0x0021, 0x0021, 0x0021, 0x0021,
    0x0021, 0x0021, 0x0021, 0x0021, 0x0021, 0x0021, 0x0021, 0x0021, 0x0021, 0x0021, 0x0021, 0x0021,
    0x0021, 0x0021, 0x0021, 0x0021, 0x0021, 0x0021, 0x0021, 0x0021, 0x0021, 0x0021, 0x0021, 0x0021,
    0x0021, 0x0021, 0x0021, 0x0021, 0x0021, 0x0021, 0x0021, 0x0021, 0x0021, 0x0021, 0x0021, 0x0021,
    0x0021, 0x0021, 0x0021, 0x0021, 0x0021, 0x0021, 0x0021, 0x0021, 0x0021, 0x0021, 0x0021, 0x0021,
    0x0021, 0x0021, 0x0021, 0x0021, 0x0021, 0x0021, 0x0021, 0x0021, 0x0021, 0x0021, 0x0021, 0x0021,
    0x0021, 0x0021, 0x0021, 0x0021, 0x0021, 0x0021, 0x0021, 0x0825, 0x0804, 0x0803, 0x0A4D, 0x0C97,
    0x0B10, 0x0804, 0x0804, 0x0846, 0x0802, 0x0928, 0x0C14, 0x0C14, 0x0886, 0x0803, 0x0825, 0x0845,
    0x0803, 0x1CB6, 0x2F5F, 0x2F5F, 0x1CD5, 0x0000, 0x0042, 0x0021, 0x0021, 0x0021, 0x0021, 0x0021,
    0x0021, 0x0021, 0x0021, 0x0021, 0x0021, 0x0021, 0x0021, 0x0021, 0x0021, 0x0021, 0x0021, 0x0021,
    0x0021, 0x0021, 0x0021, 0x0021, 0x0021, 0x0021, 0x0021, 0x0021, 0x0021, 0x0021, 0x0021, 0x0021,
    0x0021, 0x0021, 0x0021, 0x0021, 0x0021, 0x0021, 0x0021, 0x0021, 0x0021, 0x0021, 0x0021, 0x0021,
    0x0021, 0x0021, 0x0021, 0x0021, 0x0021, 0x0021, 0x0021, 0x0021, 0x0021, 0x0021, 0x0021, 0x0021,
    0x0021, 0x0021, 0x0021, 0x0021, 0x0021, 0x0021, 0x0021, 0x0021, 0x0021, 0x0021, 0x0021, 0x0021,
    0x0021, 0x0021, 0x0021, 0x0021, 0x0021, 0x0021, 0x0021, 0x0021, 0x0021, 0x0021, 0x0021, 0x0021,
    0x0021, 0x0021, 0x0021, 0x0021, 0x0021, 0x0021, 0x0021, 0x0021, 0x0021, 0x0021, 0x0021, 0x0021,
    0x0021, 0x0021, 0x0021, 0x0021, 0x0021, 0x0021, 0x0021, 0x0021, 0x0021, 0x0021, 0x0021, 0x0021,
    0x0021, 0x0021, 0x0021, 0x0021, 0x0021, 0x0021, 0x0021, 0x0021, 0x0021, 0x0021, 0x0021, 0x0021,
    0x0021, 0x0021, 0x0021, 0x0021, 0x0021, 0x0021, 0x0021, 0x0021, 0x0021, 0x0021, 0x0021, 0x0021,
    0x0021, 0x0021, 0x0021, 0x0021, 0x0021, 0x0021, 0x0021, 0x0041, 0x0021, 0x0021, 0x0021, 0x0804,
    0x0825, 0x0825, 0x0803, 0x0825, 0x0B92, 0x0C76, 0x0969, 0x0803, 0x0B10, 0x0CB7, 0x09CB, 0x0803,
    0x0804, 0x0825, 0x0825, 0x0825, 0x0803, 0x2518, 0x2FFF, 0x2FFF, 0x1C95, 0x0000, 0x0042, 0x0021,
    0x0021, 0x0021, 0x0021, 0x0021, 0x0021, 0x0021, 0x0021, 0x0021, 0x0021, 0x0000, 0x0000, 0x0021,
    0x0021, 0x0021, 0x0021, 0x0021, 0x0021, 0x0021, 0x0021, 0x0021, 0x0021, 0x0021, 0x0021, 0x0000,
    0x0000, 0x0021, 0x0021, 0x0021, 0x0021, 0x0021, 0x0021, 0x0021, 0x0021, 0x0021, 0x0021, 0x0021,
    0x0021, 0x0000, 0x0021, 0x0021, 0x0021, 0x0021, 0x0021, 0x0021, 0x0021, 0x0021, 0x0021, 0x0021,
    0x0021, 0x0021, 0x0000, 0x0000, 0x0021, 0x0021, 0x0021, 0x0021, 0x0021, 0x0021, 0x0021, 0x0021,
    0x0021, 0x0021, 0x0021, 0x0021, 0x0000, 0x0021, 0x0021, 0x0021, 0x0021, 0x0021, 0x0021, 0x0021,
    0x0021, 0x0021, 0x0021, 0x0021, 0x0021, 0x0000, 0x0001, 0x0021, 0x0021, 0x0021, 0x0021, 0x0021,
    0x0021, 0x0021, 0x0021, 0x0021, 0x0021, 0x0021, 0x0021, 0x0000, 0x0021, 0x0021, 0x0021, 0x0021,
    0x0021, 0x0021, 0x0021, 0x0021, 0x0021, 0x0021, 0x0021, 0x0021, 0x0000, 0x0021, 0x0021, 0x0021,
    0x0021, 0x0021, 0x0021, 0x0021, 0x0021, 0x0021, 0x0021, 0x0021, 0x0021, 0x0000, 0x0000, 0x0021,
    0x0021, 0x0021, 0x0021, 0x0021, 0x0021, 0x0021, 0x0021, 0x0021, 0x0021, 0x0021, 0x0021, 0x0000,
    0x0000, 0x0021, 0x0021, 0x0825, 0x0825, 0x0825, 0x0825, 0x0805, 0x0803, 0x0969, 0x0C76, 0x0BB2,
    0x0AF0, 0x0804, 0x0802, 0x0804, 0x0804, 0x0804, 0x0804, 0x0804, 0x0803, 0x118A, 0x1A4C, 0x1A6C,
    0x14D7, 0x0A0B, 0x0802, 0x0803, 0x0803, 0x0803, 0x0803, 0x0803, 0x0803, 0x0803, 0x0803, 0x0803,
    0x0801, 0x0928, 0x0B91, 0x0802, 0x0803, 0x0803, 0x0803, 0x0803, 0x0803, 0x0803, 0x0803, 0x0803,
    0x0803, 0x0803, 0x0801, 0x0AAE, 0x0989, 0x0801, 0x0803, 0x0803, 0x0803, 0x0803, 0x0803, 0x0803,
    0x0803, 0x0803, 0x0803, 0x0803, 0x0803, 0x0ACE, 0x0823, 0x0802, 0x0803, 0x0803, 0x0803, 0x0803,
    0x0803, 0x0803, 0x0803, 0x0803, 0x0803, 0x0801, 0x09EB, 0x0989, 0x0801, 0x0803, 0x0803, 0x0803,
    0x0803, 0x0803, 0x0803, 0x0803, 0x0803, 0x0803, 0x0802, 0x0885, 0x0AAE, 0x0802, 0x0803, 0x0803,
    0x0803, 0x0803, 0x0803, 0x0803, 0x0803, 0x0803, 0x0803, 0x0803, 0x0802, 0x0A8D, 0x08A6, 0x0802,
    0x0803, 0x0803, 0x0803, 0x0803, 0x0803, 0x0803, 0x0803, 0x0803, 0x0803, 0x0802, 0x0928, 0x0A4C,
    0x0801, 0x0803, 0x0803, 0x0803, 0x0803, 0x0803, 0x0803, 0x0803, 0x0803, 0x0803, 0x0803, 0x0803,
    0x0B91, 0x0865, 0x0802, 0x0803, 0x0803, 0x0803, 0x0803, 0x0803, 0x0803, 0x0803, 0x0803, 0x0803,
    0x0801, 0x0A4C, 0x0AAE, 0x0801, 0x0803, 0x0803, 0x0803, 0x0803, 0x0803, 0x0803, 0x0803, 0x0803,
    0x0803, 0x0802, 0x08E6, 0x0BD2, 0x0864, 0x0802, 0x0803, 0x0804, 0x0804, 0x0804, 0x0804, 0x0804,
    0x0804, 0x0803, 0x0803, 0x0A8F, 0x0866, 0x08E8, 0x0908, 0x08E8, 0x08E8, 0x08E8, 0x08E8, 0x08E8,
    0x0909, 0x0845, 0x08C6, 0x0CB7, 0x0BD4, 0x0928, 0x08E8, 0x08E8, 0x08E8, 0x08E8, 0x08E8, 0x08E8,
    0x08E8, 0x08E8, 0x0909, 0x08A7, 0x096A, 0x0DFC, 0x0A6E, 0x08E7, 0x0909, 0x08E8, 0x08E8, 0x08E8,
    0x08E8, 0x08E8, 0x08E8, 0x08E8, 0x0909, 0x08A6, 0x0AF0, 0x0D9B, 0x0949, 0x08E8, 0x08E8, 0x08E8,
    0x08E8, 0x08E8, 0x08E8, 0x08E8, 0x08E8, 0x08E8, 0x0909, 0x08C7, 0x0B11, 0x0BB3, 0x08C7, 0x0909,
    0x08E8, 0x08E8, 0x08E8, 0x08E8, 0x08E8, 0x08E8, 0x08E8, 0x08E8, 0x0909, 0x08C7, 0x0C97, 0x0A0D,
    0x08C7, 0x08E8, 0x08E8, 0x08E8, 0x08E8, 0x08E8, 0x08E8, 0x08E8, 0x08E8, 0x08E8, 0x08C8, 0x09AB,
    0x0CB8, 0x08C7, 0x0909, 0x08E8, 0x08E8, 0x08E8, 0x08E8, 0x08E8, 0x08E8, 0x08E8, 0x08E8, 0x0909,
    0x08C6, 0x0BB3, 0x0B11, 0x08E7, 0x0909, 0x08E8, 0x08E8, 0x08E8, 0x08E8, 0x08E8, 0x08E8, 0x08E8,
    0x08E8, 0x08E8, 0x0929, 0x0C97, 0x09AB, 0x08E8, 0x08E8, 0x08E8, 0x08E8, 0x08E8, 0x08E8, 0x08E8,
    0x08E8, 0x08E8, 0x0909, 0x08C7, 0x0BD4, 0x0CD8, 0x08A6, 0x0909, 0x08E8, 0x08E8, 0x08E8, 0x08E8,
    0x08E8, 0x08E8, 0x08E8, 0x08E8, 0x08E8, 0x0949, 0x0D9B, 0x0B31, 0x0865, 0x0909, 0x08E8, 0x08E8,
    0x08E8, 0x08E8, 0x08E8, 0x08E8, 0x08E8, 0x08E8, 0x08E8, 0x0B31, 0x0D9B, 0x09AB, 0x0866, 0x0908,
    0x08E8, 0x08E8, 0x08E8, 0x08E8, 0x08E8, 0x0908, 0x08E8, 0x0886, 0x0C35, 0x0C35, 0x0C35, 0x0C35,
    0x0C35, 0x0C35, 0x0C35, 0x0C35, 0x0BB3, 0x0E3D, 0x0DFC, 0x0CF7, 0x0BD4, 0x0C15, 0x0C35, 0x0C35,
    0x0C35, 0x0C35, 0x0C35, 0x0C35, 0x0C35, 0x0C35, 0x0BB2, 0x0D59, 0x0E3D, 0x0C75, 0x0BF4, 0x0C35,
    0x0C35, 0x0C35, 0x0C35, 0x0C35, 0x0C35, 0x0C35, 0x0C35, 0x0C35, 0x0C14, 0x0D19, 0x0E7E, 0x0BF4,
    0x0C14, 0x0C35, 0x0C35, 0x0C35, 0x0C35, 0x0C35, 0x0C35, 0x0C35, 0x0C35, 0x0C35, 0x0C35, 0x0C76,
    0x0DFC, 0x0BF3, 0x0C35, 0x0C35, 0x0C35, 0x0C35, 0x0C35, 0x0C35, 0x0C35, 0x0C35, 0x0C35, 0x0C35,
    0x0C15, 0x0C56, 0x0DDB, 0x0C14, 0x0C35, 0x0C35, 0x0C35, 0x0C35, 0x0C35, 0x0C35, 0x0C35, 0x0C35,
    0x0C35, 0x0C35, 0x0C14, 0x0C76, 0x0DBB, 0x0C14, 0x0C35, 0x0C35, 0x0C35, 0x0C35, 0x0C35, 0x0C35,
    0x0C35, 0x0C35, 0x0C35, 0x0C35, 0x0C14, 0x0C97, 0x0DBB, 0x0C14, 0x0C35, 0x0C35, 0x0C35, 0x0C35,
    0x0C35, 0x0C35, 0x0C35, 0x0C35, 0x0C35, 0x0C35, 0x0C14, 0x0C76, 0x0DFC, 0x0C14, 0x0C35, 0x0C35,
    0x0C35, 0x0C35, 0x0C35, 0x0C35, 0x0C35, 0x0C35, 0x0C35, 0x0C35, 0x0BD3, 0x0D9A, 0x0E1D, 0x0BD3,
    0x0C35, 0x0C35, 0x0C35, 0x0C35, 0x0C35, 0x0C35, 0x0C35, 0x0C35, 0x0C35, 0x0C14, 0x0BF4, 0x0D9B,
    0x0E1C, 0x0BB3, 0x0C35, 0x0C35, 0x0C35, 0x0C35, 0x0C35, 0x0C35, 0x0C35, 0x0C35, 0x0C35, 0x0BB3,
    0x0C76, 0x0D39, 0x0E5D, 0x0BF4, 0x0C14, 0x0C35, 0x0C35, 0x0C35, 0x0C35, 0x0C35, 0x0C35, 0x0C35,
    0x1003, 0x1003, 0x1003, 0x1003, 0x1003, 0x1004, 0x1002, 0x1003, 0x0B31, 0x0C35, 0x1065, 0x1002,
    0x1004, 0x1003, 0x1003, 0x1003, 0x1003, 0x1003, 0x1003, 0x1003, 0x1004, 0x1001, 0x0A6D, 0x0C76,
    0x0908, 0x1002, 0x1004, 0x1003, 0x1003, 0x1003, 0x1003, 0x1003, 0x1003, 0x1003, 0x1004, 0x1003,
    0x1004, 0x0D19, 0x0908, 0x1002, 0x1004, 0x1003, 0x1003, 0x1003, 0x1003, 0x1003, 0x1003, 0x1003,
    0x1003, 0x1004, 0x1001, 0x0AD0, 0x0A2D, 0x1002, 0x1004, 0x1003, 0x1003, 0x1003, 0x1003, 0x1003,
    0x1003, 0x1003, 0x1003, 0x1004, 0x1002, 0x09CB, 0x0B31, 0x1001, 0x1004, 0x1003, 0x1003, 0x1003,
    0x1003, 0x1003, 0x1003, 0x1003, 0x1003, 0x1004, 0x1002, 0x08A7, 0x0C14, 0x1002, 0x1004, 0x1003,
    0x1003, 0x1003, 0x1003, 0x1003, 0x1003, 0x1003, 0x1003, 0x1003, 0x1003, 0x1004, 0x0C15, 0x1025,
    0x1003, 0x1003, 0x1003, 0x1003, 0x1003, 0x1003, 0x1003, 0x1003, 0x1003, 0x1003, 0x1004, 0x1002,
    0x0BB3, 0x0908, 0x1002, 0x1004, 0x1003, 0x1003, 0x1003, 0x1003, 0x1003, 0x1003, 0x1003, 0x1003,
    0x1003, 0x1003, 0x0C76, 0x0A4D, 0x1001, 0x1004, 0x1003, 0x1003, 0x1003, 0x1003, 0x1003, 0x1003,
    0x1003, 0x1004, 0x1003, 0x1004, 0x0C35, 0x0B31, 0x1003, 0x1003, 0x1004, 0x1003, 0x1003, 0x1003,
    0x1003, 0x1003, 0x1003, 0x1004, 0x1003, 0x1004, 0x0B31, 0x0C35, 0x1024, 0x1002, 0x1004, 0x1003,
    0x1003, 0x1003, 0x1003, 0x1003, 0x1025, 0x1025, 0x1025, 0x1025, 0x1046, 0x1003, 0x0908, 0x0CB7,
    0x0B51, 0x1003, 0x1004, 0x1025, 0x1025, 0x1025, 0x1025, 0x1025, 0x1025, 0x1025, 0x1025, 0x1046,
    0x1002, 0x0B11, 0x0CD8, 0x1044, 0x1004, 0x1025, 0x1025, 0x1025, 0x1025, 0x1025, 0x1025, 0x1025,
    0x1025, 0x1025, 0x1045, 0x1024, 0x0CB7, 0x0AAF, 0x1002, 0x1046, 0x1025, 0x1025, 0x1025, 0x1025,
    0x1025, 0x1025, 0x1025, 0x1025, 0x1025, 0x1024, 0x08A7, 0x0C56, 0x1024, 0x1025, 0x1025, 0x1025,
    0x1025, 0x1025, 0x1025, 0x1025, 0x1025, 0x1025, 0x1025, 0x1045, 0x1003, 0x0B72, 0x0A0D, 0x1003,
    0x1045, 0x1025, 0x1025, 0x1025, 0x1025, 0x1025, 0x1025, 0x1025, 0x1025, 0x1025, 0x1004, 0x0908,
    0x0C35, 0x1004, 0x1025, 0x1025, 0x1025, 0x1025, 0x1025, 0x1025, 0x1025, 0x1025, 0x1025, 0x1025,
    0x1045, 0x1003, 0x0BB3, 0x09AB, 0x1004, 0x1025, 0x1025, 0x1025, 0x1025, 0x1025, 0x1025, 0x1025,
    0x1025, 0x1025, 0x1025, 0x1004, 0x096A, 0x0BF4, 0x1003, 0x1045, 0x1025, 0x1025, 0x1025, 0x1025,
    0x1025, 0x1025, 0x1025, 0x1025, 0x1025, 0x1004, 0x1065, 0x0D7A, 0x0949, 0x1004, 0x1045, 0x1025,
    0x1025, 0x1025, 0x1025, 0x1025, 0x1025, 0x1025, 0x1025, 0x1025, 0x1003, 0x0B52, 0x0CB7, 0x1024,
    0x1025, 0x1025, 0x1025, 0x1025, 0x1025, 0x1025, 0x1025, 0x1025, 0x1025, 0x1005, 0x1003, 0x0A4D,
    0x0D39, 0x09AB, 0x1003, 0x1025, 0x1025, 0x1025, 0x1025, 0x1025, 0x1005, 0x1005, 0x1025, 0x1005,
    0x1003, 0x0A4D, 0x0D19, 0x09AB, 0x1003, 0x1025, 0x1025, 0x1005, 0x1005, 0x1005, 0x1005, 0x1005,
    0x1005, 0x1025, 0x1025, 0x1002, 0x0B10, 0x0CB7, 0x1004, 0x1004, 0x1025, 0x1005, 0x1005, 0x1005,
    0x1005, 0x1005, 0x1005, 0x1005, 0x1005, 0x1025, 0x1002, 0x0BB3, 0x0BB3, 0x1002, 0x1025, 0x1005,
    0x1005, 0x1005, 0x1005, 0x1005, 0x1005, 0x1005, 0x1005, 0x1005, 0x1025, 0x1003, 0x0B31, 0x0A2D,
    0x1003, 0x1025, 0x1005, 0x1005, 0x1005, 0x1005, 0x1005, 0x1005, 0x1005, 0x1005, 0x1005, 0x1025,
    0x1004, 0x0C35, 0x08C8, 0x1004, 0x1025, 0x1005, 0x1005, 0x1005, 0x1005, 0x1005, 0x1005, 0x1005,
    0x1005, 0x1025, 0x1004, 0x08E8, 0x0C35, 0x1004, 0x1025, 0x1005, 0x1005, 0x1005, 0x1005, 0x1005,
    0x1005, 0x1005, 0x1005, 0x1005, 0x1025, 0x1003, 0x0A8F, 0x0AF0, 0x1003, 0x1025, 0x1005, 0x1005,
    0x1005, 0x1005, 0x1005, 0x1005, 0x1005, 0x1005, 0x1005, 0x1025, 0x1003, 0x0BB3, 0x098B, 0x1003,
    0x1025, 0x1005, 0x1005, 0x1005, 0x1005, 0x1005, 0x1005, 0x1005, 0x1005, 0x1025, 0x1004, 0x0929,
    0x0D7A, 0x1065, 0x1004, 0x1025, 0x1005, 0x1005, 0x1005, 0x1005, 0x1005, 0x1005, 0x1005, 0x1025,
    0x1025, 0x1002, 0x0B10, 0x0CB7, 0x1004, 0x1005, 0x1025, 0x1005, 0x1005, 0x1005, 0x1005, 0x1005,
    0x1005, 0x1005, 0x1025, 0x1003, 0x0907, 0x0CB7, 0x0B31, 0x1003, 0x1004, 0x1025, 0x1005, 0x1005,
    0x1005, 0x1025, 0x1004, 0x1025, 0x0C15, 0x0C15, 0x1086, 0x1003, 0x1025, 0x1005, 0x1005, 0x1005,
    0x1005, 0x1005, 0x1005, 0x1005, 0x1025, 0x1025, 0x1002, 0x0B11, 0x0CB7, 0x1004, 0x1005, 0x1025,
    0x1005, 0x1005, 0x1005, 0x1005, 0x1005, 0x1005, 0x1005, 0x1005, 0x1025, 0x1003, 0x0AF0, 0x0C97,
    0x1024, 0x1025, 0x1025, 0x1005, 0x1005, 0x1005, 0x1005, 0x1005, 0x1005, 0x1005, 0x1005, 0x1025,
    0x1004, 0x096A, 0x0BF4, 0x1003, 0x1025, 0x1005, 0x1005, 0x1005, 0x1005, 0x1005, 0x1005, 0x1005,
    0x1005, 0x1005, 0x1025, 0x1004, 0x0908, 0x0C14, 0x1004, 0x1025, 0x1005, 0x1005, 0x1005, 0x1005,
    0x1005, 0x1005, 0x1005, 0x1005, 0x1005, 0x1025, 0x1004, 0x08E8, 0x0C35, 0x1004, 0x1025, 0x1005,
    0x1005, 0x1005, 0x1005, 0x1005, 0x1005, 0x1005, 0x1005, 0x1005, 0x1025, 0x1004, 0x0908, 0x0C14,
    0x1004, 0x1025, 0x1005, 0x1005, 0x1005, 0x1005, 0x1005, 0x1005, 0x1005, 0x1005, 0x1005, 0x1025,
    0x1004, 0x08A7, 0x0C56, 0x1024, 0x1025, 0x1005, 0x1005, 0x1005, 0x1005, 0x1005, 0x1005, 0x1005,
    0x1005, 0x1005, 0x1025, 0x1002, 0x0AAF, 0x0CB7, 0x1024, 0x1025, 0x1025, 0x1005, 0x1005, 0x1005,
    0x1005, 0x1005, 0x1005, 0x1005, 0x1005, 0x1025, 0x1002, 0x0B10, 0x0CB7, 0x1004, 0x1004, 0x1025,
    0x1005, 0x1005, 0x1005, 0x1005, 0x1005, 0x1005, 0x1005, 0x1025, 0x1004, 0x1004, 0x0B72, 0x0C96,
    0x0908, 0x1003, 0x1025, 0x1005, 0x1025, 0x1003, 0x096A, 0x0CF8, 0x0AF0, 0x1003, 0x1005, 0x1025,
    0x1025, 0x1025, 0x1025, 0x1025, 0x1025, 0x1025, 0x1025, 0x1025, 0x1004, 0x1004, 0x0B93, 0x0C97,
    0x1024, 0x1025, 0x1025, 0x1025, 0x1025, 0x1025, 0x1025, 0x1025, 0x1025, 0x1025, 0x1025, 0x1025,
    0x1003, 0x098B, 0x0D7A, 0x1024, 0x1025, 0x1025, 0x1025, 0x1025, 0x1025, 0x1025, 0x1025, 0x1025,
    0x1025, 0x1025, 0x1025, 0x1025, 0x1003, 0x0BF4, 0x096A, 0x1004, 0x1025, 0x1025, 0x1025, 0x1025,
    0x1025, 0x1025, 0x1025, 0x1025, 0x1025, 0x1025, 0x1045, 0x1003, 0x0A8F, 0x0B11, 0x1003, 0x1045,
    0x1025, 0x1025, 0x1025, 0x1025, 0x1025, 0x1025, 0x1025, 0x1025, 0x1025, 0x1025, 0x1004, 0x0908,
    0x0C35, 0x1004, 0x1025, 0x1025, 0x1025, 0x1025, 0x1025, 0x1025, 0x1025, 0x1025, 0x1025, 0x1025,
    0x1025, 0x1025, 0x1004, 0x0C56, 0x08C8, 0x1004, 0x1025, 0x1025, 0x1025, 0x1025, 0x1025, 0x1025,
    0x1025, 0x1025, 0x1025, 0x1025, 0x1046, 0x1003, 0x0B31, 0x0A4E, 0x1003, 0x1045, 0x1025, 0x1025,
    0x1025, 0x1025, 0x1025, 0x1025, 0x1025, 0x1025, 0x1025, 0x1046, 0x1003, 0x0B52, 0x0C56, 0x1002,
    0x1025, 0x1025, 0x1025, 0x1025, 0x1025, 0x1025, 0x1025, 0x1025, 0x1025, 0x1025, 0x1046, 0x1002,
    0x0B11, 0x0CD8, 0x1085, 0x1004, 0x1025, 0x1025, 0x1025, 0x1025, 0x1025, 0x1025, 0x1025, 0x1025,
    0x1025, 0x1025, 0x1003, 0x09CB, 0x0D39, 0x0A4D, 0x1003, 0x1005, 0x1003, 0x0A6E, 0x0C76, 0x0908,
    0x1001, 0x1004, 0x1004, 0x1004, 0x1004, 0x1004, 0x1004, 0x1004, 0x1004, 0x1004, 0x1004, 0x1003,
    0x1024, 0x0C56, 0x0AF0, 0x1002, 0x1003, 0x1004, 0x1004, 0x1004, 0x1004, 0x1004, 0x1004, 0x1004,
    0x1004, 0x1004, 0x1004, 0x1003, 0x10E8, 0x0CF8, 0x10C7, 0x1003, 0x1004, 0x1004, 0x1004, 0x1004,
    0x1004, 0x1004, 0x1004, 0x1004, 0x1004, 0x1004, 0x1004, 0x1002, 0x094A, 0x0B93, 0x1002, 0x1004,
    0x1004, 0x1004, 0x1004, 0x1004, 0x1004, 0x1004, 0x1004, 0x1004, 0x1004, 0x1004, 0x1004, 0x1002,
    0x0B93, 0x0929, 0x1002, 0x1004, 0x1004, 0x1004, 0x1004, 0x1004, 0x1004, 0x1004, 0x1004, 0x1004,
    0x1004, 0x1004, 0x1003, 0x08A7, 0x0C14, 0x1002, 0x1004, 0x1004, 0x1004, 0x1004, 0x1004, 0x1004,
    0x1004, 0x1004, 0x1004, 0x1004, 0x1004, 0x1004, 0x1002, 0x0B10, 0x09EC, 0x1002, 0x1004, 0x1004,
    0x1004, 0x1004, 0x1004, 0x1004, 0x1004, 0x1004, 0x1004, 0x1004, 0x1004, 0x1003, 0x1045, 0x0C14,
    0x1004, 0x1003, 0x1004, 0x1004, 0x1004, 0x1004, 0x1004, 0x1004, 0x1004, 0x1004, 0x1004, 0x1004,
    0x1004, 0x1002, 0x0C15, 0x0AD0, 0x1002, 0x1004, 0x1004, 0x1004, 0x1004, 0x1004, 0x1004, 0x1004,
    0x1004, 0x1004, 0x1004, 0x1004, 0x1002, 0x09CB, 0x0CB7, 0x0929, 0x1003, 0x1004, 0x1004, 0x1004,
    0x1004, 0x1004, 0x1004, 0x1004, 0x1004, 0x1004, 0x1004, 0x1002, 0x1024, 0x0C35, 0x0B11, 0x1024,
    0x0C96, 0x0EBF, 0x0C97, 0x0C14, 0x0C97, 0x0C76, 0x0C76, 0x0C76, 0x0C76, 0x0C76, 0x0C76, 0x0C76,
    0x0C76, 0x0C76, 0x0C76, 0x0C55, 0x0D59, 0x0E7E, 0x0BF4, 0x0C76, 0x0C76, 0x0C76, 0x0C76, 0x0C76,
    0x0C76, 0x0C76, 0x0C76, 0x0C76, 0x0C76, 0x0C76, 0x0C76, 0x0C55, 0x0D9B, 0x0D7A, 0x0C34, 0x0C76,
    0x0C76, 0x0C76, 0x0C76, 0x0C76, 0x0C76, 0x0C76, 0x0C76, 0x0C76, 0x0C76, 0x0C76, 0x0C76, 0x0C55,
    0x0D7A, 0x0D39, 0x0C75, 0x0C76, 0x0C76, 0x0C76, 0x0C76, 0x0C76, 0x0C76, 0x0C76, 0x0C76, 0x0C76,
    0x0C76, 0x0C76, 0x0C76, 0x0C56, 0x0DFC, 0x0C97, 0x0C56, 0x0C76, 0x0C76, 0x0C76, 0x0C76, 0x0C76,
    0x0C76, 0x0C76, 0x0C76, 0x0C76, 0x0C76, 0x0C76, 0x0C56, 0x0CB7, 0x0DDC, 0x0C56, 0x0C76, 0x0C76,
    0x0C76, 0x0C76, 0x0C76, 0x0C76, 0x0C76, 0x0C76, 0x0C76, 0x0C76, 0x0C76, 0x0C76, 0x0C55, 0x0D59,
    0x0D7A, 0x0C55, 0x0C76, 0x0C76, 0x0C76, 0x0C76, 0x0C76, 0x0C76, 0x0C76, 0x0C76, 0x0C76, 0x0C76,
    0x0C76, 0x0C76, 0x0C55, 0x0DDC, 0x0CD8, 0x0C56, 0x0C76, 0x0C76, 0x0C76, 0x0C76, 0x0C76, 0x0C76,
    0x0C76, 0x0C76, 0x0C76, 0x0C76, 0x0C76, 0x0C76, 0x0C96, 0x0EBF, 0x0C96, 0x0C76, 0x0C76, 0x0C76,
    0x0C76, 0x0C76, 0x0C76, 0x0C76, 0x0C76, 0x0C76, 0x0C76, 0x0C76, 0x0C97, 0x0BF3, 0x0D9B, 0x0E3D,
    0x0C55, 0x0C76, 0x0C76, 0x0C76, 0x0C76, 0x0C76, 0x0C76, 0x0C76, 0x0C76, 0x0C76, 0x0C76, 0x0C76,
    0x0C55, 0x0C35, 0x0EBF, 0x0D59,
};

}  // namespace DemoCoverData
